seq,host_time_ns,sdk_time_s,width,height
1,14185622100000,14185.6,640,480
2,14185688700000,14185.7,640,480
3,14185728700000,14185.7,640,480
4,14185768700000,14185.8,640,480
5,14185808700000,14185.8,640,480
6,14185848700000,14185.8,640,480
7,14185888700000,14185.9,640,480
8,14185928700000,14185.9,640,480
9,14185968700000,14186,640,480
10,14186008700000,14186,640,480
11,14186048700000,14186,640,480
12,14186088700000,14186.1,640,480
13,14186128700000,14186.1,640,480
14,14186168700000,14186.2,640,480
15,14186208700000,14186.2,640,480
16,14186248900000,14186.2,640,480
17,14186288900000,14186.3,640,480
18,249399882900000,249400,640,480
19,249399923100000,249400,640,480
20,249399963100000,249400,640,480
21,249400003100000,249400,640,480
22,249400043400000,249400,640,480
23,249400083400000,249400,640,480
24,249400123400000,249400,640,480
25,249400163600000,249400,640,480
26,249400203600000,249400,640,480
27,249400243600000,249400,640,480
28,249400283900000,249400,640,480
29,249400323900000,249400,640,480
30,249400363900000,249400,640,480
31,249400404200000,249400,640,480
32,249400444200000,249400,640,480
33,249400484200000,249400,640,480
34,249400524400000,249401,640,480
35,249400564400000,249401,640,480
36,249400604400000,249401,640,480
37,249400644600000,249401,640,480
38,249400684600000,249401,640,480
39,249400724600000,249401,640,480
40,249400764900000,249401,640,480
41,249400804900000,249401,640,480
42,249400844900000,249401,640,480
43,249400885100000,249401,640,480
44,249400925000000,249401,640,480
45,249400965000000,249401,640,480
46,249401005300000,249401,640,480
47,249401045300000,249401,640,480
48,249401085300000,249401,640,480
49,249401125500000,249401,640,480
50,249401165500000,249401,640,480
51,249401205500000,249401,640,480
52,249401245800000,249401,640,480
53,249401285800000,249401,640,480
54,249401325800000,249401,640,480
55,249401366000000,249401,640,480
56,249401406000000,249401,640,480
57,249401446000000,249401,640,480
58,249401486300000,249401,640,480
59,249401526300000,249402,640,480
60,249401566300000,249402,640,480
61,249401606500000,249402,640,480
62,249401646500000,249402,640,480
63,249401686500000,249402,640,480
64,249401726800000,249402,640,480
65,249401766800000,249402,640,480
66,249401806800000,249402,640,480
67,249401847000000,249402,640,480
68,249401887000000,249402,640,480
69,249401926900000,249402,640,480
70,249401967200000,249402,640,480
71,249402007200000,249402,640,480
72,249402047200000,249402,640,480
73,249402087400000,249402,640,480
74,249402127400000,249402,640,480
75,249402167400000,249402,640,480
76,249402207400000,249402,640,480
77,249402247400000,249402,640,480
78,249402287400000,249402,640,480
79,249402327400000,249402,640,480
80,249402367400000,249402,640,480
81,249402407400000,249402,640,480
82,249402447400000,249402,640,480
83,249402487400000,249402,640,480
84,249402527400000,249403,640,480
85,249402566700000,249403,640,480
86,249402606700000,249403,640,480
87,249402646700000,249403,640,480
88,249402687000000,249403,640,480
89,249402727000000,249403,640,480
90,249402767000000,249403,640,480
91,249402807200000,249403,640,480
92,249402847200000,249403,640,480
93,249402887200000,249403,640,480
94,249402927500000,249403,640,480
95,249402967500000,249403,640,480
96,249403007500000,249403,640,480
97,249403047500000,249403,640,480
98,249403087500000,249403,640,480
99,249403127500000,249403,640,480
100,249403167500000,249403,640,480
101,249403207500000,249403,640,480
102,249403247500000,249403,640,480
103,249403286500000,249403,640,480
104,249403326500000,249403,640,480
105,249403366500000,249403,640,480
106,249403406500000,249403,640,480
107,249403446500000,249403,640,480
108,249403486500000,249403,640,480
109,249403526800000,249404,640,480
110,249403566800000,249404,640,480
111,249403606800000,249404,640,480
112,249403647000000,249404,640,480
113,249403687000000,249404,640,480
114,249403727000000,249404,640,480
115,249403767300000,249404,640,480
116,249403807300000,249404,640,480
117,249403847300000,249404,640,480
118,249403887500000,249404,640,480
119,249403927500000,249404,640,480
120,249403967500000,249404,640,480
121,249404007500000,249404,640,480
122,249404047500000,249404,640,480
123,249404087500000,249404,640,480
124,249404127500000,249404,640,480
125,249404167500000,249404,640,480
126,249404207500000,249404,640,480
127,249404246600000,249404,640,480
128,249404286600000,249404,640,480
129,249404326600000,249404,640,480
130,249404366600000,249404,640,480
131,249404406600000,249404,640,480
132,249404446600000,249404,640,480
133,249404486900000,249404,640,480
134,249404526900000,249405,640,480
135,249404566900000,249405,640,480
136,249404607100000,249405,640,480
137,249404647100000,249405,640,480
138,249404687100000,249405,640,480
139,249404727300000,249405,640,480
140,249404767400000,249405,640,480
141,249404807400000,249405,640,480
142,249404847600000,249405,640,480
143,249404887600000,249405,640,480
144,249404927600000,249405,640,480
145,249404967600000,249405,640,480
146,249405007600000,249405,640,480
147,249405047600000,249405,640,480
148,249405087600000,249405,640,480
149,249405127600000,249405,640,480
150,249405167600000,249405,640,480
151,249405207600000,249405,640,480
152,249405247600000,249405,640,480
153,249405287600000,249405,640,480
154,249405327600000,249405,640,480
155,249405367600000,249405,640,480
156,249405407600000,249405,640,480
157,249405447600000,249405,640,480
158,249405487600000,249405,640,480
159,249405528000000,249406,640,480
160,249405568000000,249406,640,480
161,249405608000000,249406,640,480
162,249405648000000,249406,640,480
163,249405688000000,249406,640,480
164,249405728000000,249406,640,480
165,249405768000000,249406,640,480
166,249405808100000,249406,640,480
167,249405848100000,249406,640,480
168,249405888100000,249406,640,480
169,249405928100000,249406,640,480
170,249405968100000,249406,640,480
171,249406008100000,249406,640,480
172,249406047600000,249406,640,480
173,249406087600000,249406,640,480
174,249406127600000,249406,640,480
175,249406167600000,249406,640,480
176,249406207600000,249406,640,480
177,249406247600000,249406,640,480
178,249406287600000,249406,640,480
179,249406327600000,249406,640,480
180,249406367600000,249406,640,480
181,249406407600000,249406,640,480
182,249406447600000,249406,640,480
183,249406487600000,249406,640,480
184,249406527600000,249407,640,480
185,249406567600000,249407,640,480
186,249406607600000,249407,640,480
187,249406647600000,249407,640,480
188,249406687600000,249407,640,480
189,249406727600000,249407,640,480
190,249406767600000,249407,640,480
191,249406807600000,249407,640,480
192,249406847600000,249407,640,480
193,249406887600000,249407,640,480
194,249406927600000,249407,640,480
195,249406967600000,249407,640,480
196,249407007600000,249407,640,480
197,249407048000000,249407,640,480
198,249407088000000,249407,640,480
199,249407128000000,249407,640,480
200,249407168000000,249407,640,480
201,249407208000000,249407,640,480
202,249407248000000,249407,640,480
203,249407288100000,249407,640,480
204,249407328100000,249407,640,480
205,249407368100000,249407,640,480
206,249407408100000,249407,640,480
207,249407448100000,249407,640,480
208,249407488100000,249407,640,480
209,249407528100000,249408,640,480
210,249407567600000,249408,640,480
211,249407607600000,249408,640,480
212,249407647600000,249408,640,480
213,249407687600000,249408,640,480
214,249407727600000,249408,640,480
215,249407767600000,249408,640,480
216,249407807600000,249408,640,480
217,249407847600000,249408,640,480
218,249407887600000,249408,640,480
219,249407927600000,249408,640,480
220,249407967600000,249408,640,480
221,249408007600000,249408,640,480
222,249408047600000,249408,640,480
223,249408087700000,249408,640,480
224,249408127700000,249408,640,480
225,249408167700000,249408,640,480
226,249408207700000,249408,640,480
227,249408247700000,249408,640,480
228,249408287700000,249408,640,480
229,249408327700000,249408,640,480
230,249408367700000,249408,640,480
231,249408407700000,249408,640,480
232,249408447700000,249408,640,480
233,249408487700000,249408,640,480
234,249408527700000,249409,640,480
235,249408567700000,249409,640,480
236,249408608000000,249409,640,480
237,249408648000000,249409,640,480
238,249408688000000,249409,640,480
239,249408728000000,249409,640,480
240,249408768000000,249409,640,480
241,249408808100000,249409,640,480
242,249408848100000,249409,640,480
243,249408888100000,249409,640,480
244,249408928100000,249409,640,480
245,249408968100000,249409,640,480
246,249409008100000,249409,640,480
247,249409048100000,249409,640,480
248,249409088100000,249409,640,480
249,249409127700000,249409,640,480
250,249409167700000,249409,640,480
251,249409207700000,249409,640,480
252,249409247700000,249409,640,480
253,249409287700000,249409,640,480
254,249409327700000,249409,640,480
255,249409367700000,249409,640,480
256,249409407700000,249409,640,480
257,249409447700000,249409,640,480
258,249409487700000,249409,640,480
259,249409527700000,249410,640,480
260,249409567700000,249410,640,480
261,249409607700000,249410,640,480
262,249409647700000,249410,640,480
263,249409687700000,249410,640,480
264,249409727700000,249410,640,480
265,249409767700000,249410,640,480
266,249409807700000,249410,640,480
267,249409847700000,249410,640,480
268,249409887700000,249410,640,480
269,249409927700000,249410,640,480
270,249409967700000,249410,640,480
271,249410007700000,249410,640,480
272,249410047700000,249410,640,480
273,249410087700000,249410,640,480
274,249410128100000,249410,640,480
275,249410168100000,249410,640,480
276,249410208100000,249410,640,480
277,249410248100000,249410,640,480
278,249410288200000,249410,640,480
279,249410328200000,249410,640,480
280,249410368200000,249410,640,480
281,249410408200000,249410,640,480
282,249410448200000,249410,640,480
283,249410488200000,249410,640,480
284,249410528200000,249411,640,480
285,249410568200000,249411,640,480
286,249410608200000,249411,640,480
287,249410647700000,249411,640,480
288,249410687700000,249411,640,480
289,249410727700000,249411,640,480
290,249410767700000,249411,640,480
291,249410807700000,249411,640,480
292,249410847700000,249411,640,480
293,249410887700000,249411,640,480
294,249410927700000,249411,640,480
295,249410967700000,249411,640,480
296,249411007700000,249411,640,480
297,249411047700000,249411,640,480
298,249411087700000,249411,640,480
299,249411127700000,249411,640,480
300,249411167700000,249411,640,480
301,249411207700000,249411,640,480
302,249411247700000,249411,640,480
303,249411287700000,249411,640,480
304,249411327700000,249411,640,480
305,249411367700000,249411,640,480
306,249411407700000,249411,640,480
307,249411447700000,249411,640,480
308,249411487700000,249411,640,480
309,249411527700000,249412,640,480
310,249411567700000,249412,640,480
311,249411607700000,249412,640,480
312,249411647700000,249412,640,480
313,249411688000000,249412,640,480
314,249411728000000,249412,640,480
315,249411768000000,249412,640,480
316,249411808100000,249412,640,480
317,249411848100000,249412,640,480
318,249411888100000,249412,640,480
319,249411928100000,249412,640,480
320,249411968100000,249412,640,480
321,249412008100000,249412,640,480
322,249412048100000,249412,640,480
323,249412088100000,249412,640,480
324,249412128100000,249412,640,480
325,249412167700000,249412,640,480
326,249412207700000,249412,640,480
327,249412247700000,249412,640,480
328,249412287700000,249412,640,480
329,249412327700000,249412,640,480
330,249412367700000,249412,640,480
331,249412407700000,249412,640,480
332,249412447700000,249412,640,480
333,249412487700000,249412,640,480
334,249412527700000,249413,640,480
335,249412567700000,249413,640,480
336,249412607700000,249413,640,480
337,249412647700000,249413,640,480
338,249412687800000,249413,640,480
339,249412727800000,249413,640,480
340,249412767800000,249413,640,480
341,249412807800000,249413,640,480
342,249412847800000,249413,640,480
343,249412887800000,249413,640,480
344,249412927800000,249413,640,480
345,249412967800000,249413,640,480
346,249413007800000,249413,640,480
347,249413047800000,249413,640,480
348,249413087800000,249413,640,480
349,249413127800000,249413,640,480
350,249413167800000,249413,640,480
351,249413207700000,249413,640,480
352,249413247700000,249413,640,480
353,249413287800000,249413,640,480
354,249413327800000,249413,640,480
355,249413367800000,249413,640,480
356,249413407800000,249413,640,480
357,249413447800000,249413,640,480
358,249413487800000,249413,640,480
359,249413527800000,249414,640,480
360,249413567800000,249414,640,480
361,249413607800000,249414,640,480
362,249413647800000,249414,640,480
363,249413688200000,249414,640,480
364,249413728200000,249414,640,480
365,249413768200000,249414,640,480
366,249413808200000,249414,640,480
367,249413848200000,249414,640,480
368,249413888200000,249414,640,480
369,249413928200000,249414,640,480
370,249413968200000,249414,640,480
371,249414008200000,249414,640,480
372,249414048200000,249414,640,480
373,249414088200000,249414,640,480
374,249414128200000,249414,640,480
375,249414168200000,249414,640,480
376,249414207800000,249414,640,480
377,249414247800000,249414,640,480
378,249414287800000,249414,640,480
379,249414327800000,249414,640,480
380,249414367800000,249414,640,480
381,249414407800000,249414,640,480
382,249414447800000,249414,640,480
383,249414487800000,249414,640,480
384,249414527800000,249415,640,480
385,249414567800000,249415,640,480
386,249414607800000,249415,640,480
387,249414647800000,249415,640,480
388,249414687800000,249415,640,480
389,249414727700000,249415,640,480
390,249414767700000,249415,640,480
391,249414807800000,249415,640,480
392,249414847800000,249415,640,480
393,249414887800000,249415,640,480
394,249414927800000,249415,640,480
395,249414967800000,249415,640,480
396,249415007800000,249415,640,480
397,249415047800000,249415,640,480
398,249415087800000,249415,640,480
399,249415127800000,249415,640,480
400,249415167800000,249415,640,480
401,249415207800000,249415,640,480
402,249415248200000,249415,640,480
403,249415288200000,249415,640,480
404,249415328200000,249415,640,480
405,249415368200000,249415,640,480
406,249415408200000,249415,640,480
407,249415448200000,249415,640,480
408,249415488200000,249415,640,480
409,249415528200000,249416,640,480
410,249415568200000,249416,640,480
411,249415608200000,249416,640,480
412,249415648200000,249416,640,480
413,249415688200000,249416,640,480
414,249415727800000,249416,640,480
415,249415767800000,249416,640,480
416,249415807800000,249416,640,480
417,249415847800000,249416,640,480
418,249415887800000,249416,640,480
419,249415927800000,249416,640,480
420,249415967800000,249416,640,480
421,249416007800000,249416,640,480
422,249416047800000,249416,640,480
423,249416087800000,249416,640,480
424,249416127800000,249416,640,480
425,249416167800000,249416,640,480
426,249416207800000,249416,640,480
427,249416247700000,249416,640,480
428,249416287800000,249416,640,480
429,249416327800000,249416,640,480
430,249416367800000,249416,640,480
431,249416407800000,249416,640,480
432,249416447800000,249416,640,480
433,249416487800000,249416,640,480
434,249416527800000,249417,640,480
435,249416567800000,249417,640,480
436,249416607800000,249417,640,480
437,249416647800000,249417,640,480
438,249416687800000,249417,640,480
439,249416727800000,249417,640,480
440,249416768200000,249417,640,480
441,249416808200000,249417,640,480
442,249416848200000,249417,640,480
443,249416888200000,249417,640,480
444,249416928200000,249417,640,480
445,249416968200000,249417,640,480
446,249417008200000,249417,640,480
447,249417048200000,249417,640,480
448,249417088200000,249417,640,480
449,249417128200000,249417,640,480
450,249417168200000,249417,640,480
451,249417208200000,249417,640,480
452,249417248200000,249417,640,480
453,249417287800000,249417,640,480
454,249417327800000,249417,640,480
455,249417367800000,249417,640,480
456,249417407800000,249417,640,480
457,249417447800000,249417,640,480
458,249417487800000,249417,640,480
459,249417527800000,249418,640,480
460,249417567800000,249418,640,480
461,249417607800000,249418,640,480
462,249417647800000,249418,640,480
463,249417687800000,249418,640,480
464,249417727800000,249418,640,480
465,249417767800000,249418,640,480
466,249417807900000,249418,640,480
467,249417847900000,249418,640,480
468,249417887900000,249418,640,480
469,249417927900000,249418,640,480
470,249417967900000,249418,640,480
471,249418007900000,249418,640,480
472,249418047900000,249418,640,480
473,249418087900000,249418,640,480
474,249418127900000,249418,640,480
475,249418167900000,249418,640,480
476,249418207900000,249418,640,480
477,249418247900000,249418,640,480
478,249418288100000,249418,640,480
479,249418328100000,249418,640,480
480,249418368100000,249418,640,480
481,249418408100000,249418,640,480
482,249418448100000,249418,640,480
483,249418488100000,249418,640,480
484,249418528100000,249419,640,480
485,249418568100000,249419,640,480
486,249418608100000,249419,640,480
487,249418648100000,249419,640,480
488,249418688100000,249419,640,480
489,249418728100000,249419,640,480
490,249418768100000,249419,640,480
491,249418807900000,249419,640,480
492,249418847900000,249419,640,480
493,249418887900000,249419,640,480
494,249418927900000,249419,640,480
495,249418967900000,249419,640,480
496,249419007900000,249419,640,480
497,249419047900000,249419,640,480
498,249419087900000,249419,640,480
499,249419127900000,249419,640,480
500,249419167900000,249419,640,480
501,249419207900000,249419,640,480
502,249419247900000,249419,640,480
503,249419288000000,249419,640,480
504,249419327900000,249419,640,480
505,249419367900000,249419,640,480
506,249419407900000,249419,640,480
507,249419447900000,249419,640,480
508,249419487900000,249419,640,480
509,249419527900000,249420,640,480
510,249419567900000,249420,640,480
511,249419607900000,249420,640,480
512,249419647900000,249420,640,480
513,249419687900000,249420,640,480
514,249419727900000,249420,640,480
515,249419767900000,249420,640,480
516,249419807900000,249420,640,480
517,249419848300000,249420,640,480
518,249419888300000,249420,640,480
519,249419928300000,249420,640,480
520,249419968300000,249420,640,480
521,249420008300000,249420,640,480
522,249420048300000,249420,640,480
523,249420088300000,249420,640,480
524,249420128300000,249420,640,480
525,249420168300000,249420,640,480
526,249420208300000,249420,640,480
527,249420248300000,249420,640,480
528,249420288300000,249420,640,480
529,249420327900000,249420,640,480
530,249420367900000,249420,640,480
531,249420407900000,249420,640,480
532,249420447900000,249420,640,480
533,249420487900000,249420,640,480
534,249420527900000,249421,640,480
535,249420567900000,249421,640,480
536,249420607900000,249421,640,480
537,249420647900000,249421,640,480
538,249420687900000,249421,640,480
539,249420727900000,249421,640,480
540,249420767900000,249421,640,480
541,249420808000000,249421,640,480
542,249420847900000,249421,640,480
543,249420887900000,249421,640,480
544,249420927900000,249421,640,480
545,249420967900000,249421,640,480
546,249421007900000,249421,640,480
547,249421047900000,249421,640,480
548,249421087900000,249421,640,480
549,249421127900000,249421,640,480
550,249421167900000,249421,640,480
551,249421207900000,249421,640,480
552,249421247900000,249421,640,480
553,249421287900000,249421,640,480
554,249421327900000,249421,640,480
555,249421368200000,249421,640,480
556,249421408200000,249421,640,480
557,249421448200000,249421,640,480
558,249421488200000,249421,640,480
559,249421528200000,249422,640,480
560,249421568200000,249422,640,480
561,249421608200000,249422,640,480
562,249421648200000,249422,640,480
563,249421688200000,249422,640,480
564,249421728200000,249422,640,480
565,249421768200000,249422,640,480
566,249421808200000,249422,640,480
567,249421848200000,249422,640,480
568,249421887900000,249422,640,480
569,249421927900000,249422,640,480
570,249421967900000,249422,640,480
571,249422007900000,249422,640,480
572,249422047900000,249422,640,480
573,249422087900000,249422,640,480
574,249422127900000,249422,640,480
575,249422167900000,249422,640,480
576,249422207900000,249422,640,480
577,249422247900000,249422,640,480
578,249422288000000,249422,640,480
579,249422328000000,249422,640,480
580,249422367900000,249422,640,480
581,249422407900000,249422,640,480
582,249422447900000,249422,640,480
583,249422487900000,249422,640,480
584,249422527900000,249423,640,480
585,249422567900000,249423,640,480
586,249422607900000,249423,640,480
587,249422647900000,249423,640,480
588,249422687900000,249423,640,480
589,249422727900000,249423,640,480
590,249422767900000,249423,640,480
591,249422807900000,249423,640,480
592,249422847900000,249423,640,480
593,249422888200000,249423,640,480
594,249422928200000,249423,640,480
595,249422968200000,249423,640,480
596,249423008200000,249423,640,480
597,249423048200000,249423,640,480
598,249423088200000,249423,640,480
599,249423128200000,249423,640,480
600,249423168200000,249423,640,480
601,249423208200000,249423,640,480
602,249423248200000,249423,640,480
603,249423288200000,249423,640,480
604,249423328200000,249423,640,480
605,249423368200000,249423,640,480
606,249423408000000,249423,640,480
607,249423448000000,249423,640,480
608,249423488000000,249423,640,480
609,249423528000000,249424,640,480
610,249423568000000,249424,640,480
611,249423608000000,249424,640,480
612,249423648000000,249424,640,480
613,249423688000000,249424,640,480
614,249423728000000,249424,640,480
615,249423768000000,249424,640,480
616,249423808100000,249424,640,480
617,249423848100000,249424,640,480
618,249423888100000,249424,640,480
619,249423928000000,249424,640,480
620,249423968000000,249424,640,480
621,249424008000000,249424,640,480
622,249424048000000,249424,640,480
623,249424088000000,249424,640,480
624,249424128000000,249424,640,480
625,249424168000000,249424,640,480
626,249424208000000,249424,640,480
627,249424248000000,249424,640,480
628,249424288000000,249424,640,480
629,249424328000000,249424,640,480
630,249424368000000,249424,640,480
631,249424408000000,249424,640,480
632,249424448000000,249424,640,480
633,249424488000000,249424,640,480
634,249424528000000,249425,640,480
635,249424568000000,249425,640,480
636,249424608000000,249425,640,480
637,249424648000000,249425,640,480
638,249424688000000,249425,640,480
639,249424728000000,249425,640,480
640,249424768000000,249425,640,480
641,249424808000000,249425,640,480
642,249424848000000,249425,640,480
643,249424888000000,249425,640,480
644,249424928000000,249425,640,480
645,249424968300000,249425,640,480
646,249425008300000,249425,640,480
647,249425048300000,249425,640,480
648,249425088300000,249425,640,480
649,249425128300000,249425,640,480
650,249425168300000,249425,640,480
651,249425208300000,249425,640,480
652,249425248300000,249425,640,480
653,249425288400000,249425,640,480
654,249425328400000,249425,640,480
655,249425368400000,249425,640,480
656,249425408400000,249425,640,480
657,249425448000000,249425,640,480
658,249425488000000,249425,640,480
659,249425528000000,249426,640,480
660,249425568000000,249426,640,480
661,249425608000000,249426,640,480
662,249425648000000,249426,640,480
663,249425688000000,249426,640,480
664,249425728000000,249426,640,480
665,249425768000000,249426,640,480
666,249425808000000,249426,640,480
667,249425848000000,249426,640,480
668,249425888000000,249426,640,480
669,249425928000000,249426,640,480
670,249425968000000,249426,640,480
671,249426008000000,249426,640,480
672,249426048000000,249426,640,480
673,249426088000000,249426,640,480
674,249426128000000,249426,640,480
675,249426168000000,249426,640,480
676,249426208000000,249426,640,480
677,249426248000000,249426,640,480
678,249426288000000,249426,640,480
679,249426328000000,249426,640,480
680,249426368000000,249426,640,480
681,249426408000000,249426,640,480
682,249426448000000,249426,640,480
683,249426488300000,249426,640,480
684,249426528300000,249427,640,480
685,249426568300000,249427,640,480
686,249426608300000,249427,640,480
687,249426648300000,249427,640,480
688,249426688300000,249427,640,480
689,249426728300000,249427,640,480
690,249426768300000,249427,640,480
691,249426808400000,249427,640,480
692,249426848400000,249427,640,480
693,249426888400000,249427,640,480
694,249426928400000,249427,640,480
695,249426968400000,249427,640,480
696,249427008000000,249427,640,480
697,249427048000000,249427,640,480
698,249427088000000,249427,640,480
699,249427128000000,249427,640,480
700,249427168000000,249427,640,480
701,249427208000000,249427,640,480
702,249427248000000,249427,640,480
703,249427288000000,249427,640,480
704,249427328000000,249427,640,480
705,249427368000000,249427,640,480
706,249427408000000,249427,640,480
707,249427448000000,249427,640,480
708,249427488000000,249427,640,480
709,249427528000000,249428,640,480
710,249427568000000,249428,640,480
711,249427608000000,249428,640,480
712,249427648000000,249428,640,480
713,249427688000000,249428,640,480
714,249427728000000,249428,640,480
715,249427768000000,249428,640,480
716,249427808000000,249428,640,480
717,249427848000000,249428,640,480
718,249427888000000,249428,640,480
719,249427928000000,249428,640,480
720,249427968000000,249428,640,480
721,249428008300000,249428,640,480
722,249428048300000,249428,640,480
723,249428088300000,249428,640,480
724,249428128300000,249428,640,480
725,249428168300000,249428,640,480
726,249428208300000,249428,640,480
727,249428248300000,249428,640,480
728,249428288400000,249428,640,480
729,249428328400000,249428,640,480
730,249428368400000,249428,640,480
731,249428408400000,249428,640,480
732,249428448400000,249428,640,480
733,249428488400000,249428,640,480
734,249428528100000,249429,640,480
735,249428568100000,249429,640,480
736,249428608100000,249429,640,480
737,249428648100000,249429,640,480
738,249428688100000,249429,640,480
739,249428728100000,249429,640,480
740,249428768100000,249429,640,480
741,249428808100000,249429,640,480
742,249428848100000,249429,640,480
743,249428888100000,249429,640,480
744,249428928100000,249429,640,480
745,249428968100000,249429,640,480
746,249429008100000,249429,640,480
747,249429048100000,249429,640,480
748,249429088100000,249429,640,480
749,249429128100000,249429,640,480
750,249429168100000,249429,640,480
751,249429208100000,249429,640,480
752,249429248100000,249429,640,480
753,249429288100000,249429,640,480
754,249429328100000,249429,640,480
755,249429368100000,249429,640,480
756,249429408100000,249429,640,480
757,249429448100000,249429,640,480
758,249429488100000,249429,640,480
759,249429528100000,249430,640,480
760,249429568300000,249430,640,480
761,249429608300000,249430,640,480
762,249429648300000,249430,640,480
763,249429688300000,249430,640,480
764,249429728300000,249430,640,480
765,249429768300000,249430,640,480
766,249429808400000,249430,640,480
767,249429848400000,249430,640,480
768,249429888400000,249430,640,480
769,249429928400000,249430,640,480
770,249429968400000,249430,640,480
771,249430008400000,249430,640,480
772,249430048200000,249430,640,480
773,249430088200000,249430,640,480
774,249430128200000,249430,640,480
775,249430168200000,249430,640,480
776,249430208200000,249430,640,480
777,249430248200000,249430,640,480
778,249430288200000,249430,640,480
779,249430328200000,249430,640,480
780,249430368200000,249430,640,480
781,249430408200000,249430,640,480
782,249430448200000,249430,640,480
783,249430488200000,249430,640,480
784,249430528200000,249431,640,480
785,249430568100000,249431,640,480
786,249430608100000,249431,640,480
787,249430648100000,249431,640,480
788,249430688100000,249431,640,480
789,249430728100000,249431,640,480
790,249430768100000,249431,640,480
791,249430808100000,249431,640,480
792,249430848100000,249431,640,480
793,249430888100000,249431,640,480
794,249430928100000,249431,640,480
795,249430968100000,249431,640,480
796,249431008100000,249431,640,480
797,249431048100000,249431,640,480
798,249431088300000,249431,640,480
799,249431128300000,249431,640,480
800,249431168300000,249431,640,480
801,249431208300000,249431,640,480
802,249431248300000,249431,640,480
803,249431288400000,249431,640,480
804,249431328400000,249431,640,480
805,249431368400000,249431,640,480
806,249431408400000,249431,640,480
807,249431448400000,249431,640,480
808,249431488400000,249431,640,480
809,249431528400000,249432,640,480
810,249431568400000,249432,640,480
811,249431608200000,249432,640,480
812,249431648200000,249432,640,480
813,249431688200000,249432,640,480
814,249431728200000,249432,640,480
815,249431768200000,249432,640,480
816,249431808200000,249432,640,480
817,249431848200000,249432,640,480
818,249431888200000,249432,640,480
819,249431928200000,249432,640,480
820,249431968200000,249432,640,480
821,249432008200000,249432,640,480
822,249432048200000,249432,640,480
823,249432088100000,249432,640,480
824,249432128100000,249432,640,480
825,249432168100000,249432,640,480
826,249432208100000,249432,640,480
827,249432248100000,249432,640,480
828,249432288100000,249432,640,480
829,249432328100000,249432,640,480
830,249432368100000,249432,640,480
831,249432408100000,249432,640,480
832,249432448100000,249432,640,480
833,249432488100000,249432,640,480
834,249432528100000,249433,640,480
835,249432568100000,249433,640,480
836,249432608300000,249433,640,480
837,249432648300000,249433,640,480
838,249432688300000,249433,640,480
839,249432728300000,249433,640,480
840,249432768300000,249433,640,480
841,249432808400000,249433,640,480
842,249432848400000,249433,640,480
843,249432888400000,249433,640,480
844,249432928400000,249433,640,480
845,249432968400000,249433,640,480
846,249433008400000,249433,640,480
847,249433048400000,249433,640,480
848,249433088400000,249433,640,480
849,249433128200000,249433,640,480
850,249433168200000,249433,640,480
851,249433208200000,249433,640,480
852,249433248200000,249433,640,480
853,249433288200000,249433,640,480
854,249433328200000,249433,640,480
855,249433368200000,249433,640,480
856,249433408200000,249433,640,480
857,249433448200000,249433,640,480
858,249433488200000,249433,640,480
859,249433528200000,249434,640,480
860,249433568200000,249434,640,480
861,249433608200000,249434,640,480
862,249433648200000,249434,640,480
863,249433688200000,249434,640,480
864,249433728200000,249434,640,480
865,249433768200000,249434,640,480
866,249433808200000,249434,640,480
867,249433848200000,249434,640,480
868,249433888200000,249434,640,480
869,249433928200000,249434,640,480
870,249433968200000,249434,640,480
871,249434008200000,249434,640,480
872,249434048200000,249434,640,480
873,249434088200000,249434,640,480
874,249434128300000,249434,640,480
875,249434168300000,249434,640,480
876,249434208300000,249434,640,480
877,249434248300000,249434,640,480
878,249434288400000,249434,640,480
879,249434328400000,249434,640,480
880,249434368400000,249434,640,480
881,249434408400000,249434,640,480
882,249434448400000,249434,640,480
883,249434488400000,249434,640,480
884,249434528400000,249435,640,480
885,249434568400000,249435,640,480
886,249434608400000,249435,640,480
887,249434648300000,249435,640,480
888,249434688300000,249435,640,480
889,249434728300000,249435,640,480
890,249434768300000,249435,640,480
891,249434808300000,249435,640,480
892,249434848300000,249435,640,480
893,249434888300000,249435,640,480
894,249434928300000,249435,640,480
895,249434968300000,249435,640,480
896,249435008300000,249435,640,480
897,249435048300000,249435,640,480
898,249435088300000,249435,640,480
899,249435128300000,249435,640,480
900,249435168200000,249435,640,480
901,249435208200000,249435,640,480
902,249435248200000,249435,640,480
903,249435288200000,249435,640,480
904,249435328200000,249435,640,480
905,249435368200000,249435,640,480
906,249435408200000,249435,640,480
907,249435448200000,249435,640,480
908,249435488200000,249435,640,480
909,249435528200000,249436,640,480
910,249435568200000,249436,640,480
911,249435608200000,249436,640,480
912,249435648400000,249436,640,480
913,249435688400000,249436,640,480
914,249435728400000,249436,640,480
915,249435768400000,249436,640,480
916,249435808500000,249436,640,480
917,249435848500000,249436,640,480
918,249435888500000,249436,640,480
919,249435928500000,249436,640,480
920,249435968500000,249436,640,480
921,249436008500000,249436,640,480
922,249436048500000,249436,640,480
923,249436088500000,249436,640,480
924,249436128500000,249436,640,480
925,249436168300000,249436,640,480
926,249436208300000,249436,640,480
927,249436248300000,249436,640,480
928,249436288300000,249436,640,480
929,249436328300000,249436,640,480
930,249436368300000,249436,640,480
931,249436408300000,249436,640,480
932,249436448300000,249436,640,480
933,249436488300000,249436,640,480
934,249436528300000,249437,640,480
935,249436568300000,249437,640,480
936,249436608300000,249437,640,480
937,249436648300000,249437,640,480
938,249436688200000,249437,640,480
939,249436728200000,249437,640,480
940,249436768200000,249437,640,480
941,249436808200000,249437,640,480
942,249436848200000,249437,640,480
943,249436888200000,249437,640,480
944,249436928200000,249437,640,480
945,249436968200000,249437,640,480
946,249437008200000,249437,640,480
947,249437048200000,249437,640,480
948,249437088200000,249437,640,480
949,249437128200000,249437,640,480
950,249437168200000,249437,640,480
951,249437208200000,249437,640,480
952,249437248200000,249437,640,480
953,249437288300000,249437,640,480
954,249437328300000,249437,640,480
955,249437368300000,249437,640,480
956,249437408300000,249437,640,480
957,249437448300000,249437,640,480
958,249437488300000,249437,640,480
959,249437528300000,249438,640,480
960,249437568300000,249438,640,480
961,249437608300000,249438,640,480
962,249437648300000,249438,640,480
963,249437688400000,249438,640,480
964,249437728400000,249438,640,480
965,249437768400000,249438,640,480
966,249437808400000,249438,640,480
967,249437848400000,249438,640,480
968,249437888400000,249438,640,480
969,249437928400000,249438,640,480
970,249437968400000,249438,640,480
971,249438008400000,249438,640,480
972,249438048400000,249438,640,480
973,249438088400000,249438,640,480
974,249438128400000,249438,640,480
975,249438168400000,249438,640,480
976,249438208200000,249438,640,480
977,249438248200000,249438,640,480
978,249438288200000,249438,640,480
979,249438328200000,249438,640,480
980,249438368200000,249438,640,480
981,249438408200000,249438,640,480
982,249438448200000,249438,640,480
983,249438488200000,249438,640,480
984,249438528200000,249439,640,480
985,249438568200000,249439,640,480
986,249438608200000,249439,640,480
987,249438648200000,249439,640,480
988,249438688200000,249439,640,480
989,249438728200000,249439,640,480
990,249438768200000,249439,640,480
991,249438808300000,249439,640,480
992,249438848300000,249439,640,480
993,249438888300000,249439,640,480
994,249438928300000,249439,640,480
995,249438968300000,249439,640,480
996,249439008300000,249439,640,480
997,249439048300000,249439,640,480
998,249439088300000,249439,640,480
999,249439128300000,249439,640,480
1000,249439168300000,249439,640,480
1001,249439208300000,249439,640,480
1002,249439248400000,249439,640,480
1003,249439288400000,249439,640,480
1004,249439328400000,249439,640,480
1005,249439368400000,249439,640,480
1006,249439408400000,249439,640,480
1007,249439448400000,249439,640,480
1008,249439488400000,249439,640,480
1009,249439528400000,249440,640,480
1010,249439568400000,249440,640,480
1011,249439608400000,249440,640,480
1012,249439648400000,249440,640,480
1013,249439688400000,249440,640,480
1014,249439728300000,249440,640,480
1015,249439768300000,249440,640,480
1016,249439808300000,249440,640,480
1017,249439848300000,249440,640,480
1018,249439888300000,249440,640,480
1019,249439928300000,249440,640,480
1020,249439968300000,249440,640,480
1021,249440008300000,249440,640,480
1022,249440048300000,249440,640,480
1023,249440088300000,249440,640,480
1024,249440128300000,249440,640,480
1025,249440168300000,249440,640,480
1026,249440208300000,249440,640,480
1027,249440248300000,249440,640,480
1028,249440288400000,249440,640,480
1029,249440328400000,249440,640,480
1030,249440368400000,249440,640,480
1031,249440408400000,249440,640,480
1032,249440448400000,249440,640,480
1033,249440488400000,249440,640,480
1034,249440528400000,249441,640,480
1035,249440568400000,249441,640,480
1036,249440608400000,249441,640,480
1037,249440648400000,249441,640,480
1038,249440688400000,249441,640,480
1039,249440728400000,249441,640,480
1040,249440768500000,249441,640,480
1041,249440808500000,249441,640,480
1042,249440848500000,249441,640,480
1043,249440888500000,249441,640,480
1044,249440928500000,249441,640,480
1045,249440968500000,249441,640,480
1046,249441008500000,249441,640,480
1047,249441048500000,249441,640,480
1048,249441088500000,249441,640,480
1049,249441128500000,249441,640,480
1050,249441168500000,249441,640,480
1051,249441208500000,249441,640,480
1052,249441248500000,249441,640,480
1053,249441288300000,249441,640,480
1054,249441328300000,249441,640,480
1055,249441368300000,249441,640,480
1056,249441408300000,249441,640,480
1057,249441448300000,249441,640,480
1058,249441488300000,249441,640,480
1059,249441528300000,249442,640,480
1060,249441568300000,249442,640,480
1061,249441608300000,249442,640,480
1062,249441648300000,249442,640,480
1063,249441688300000,249442,640,480
1064,249441728300000,249442,640,480
1065,249441768300000,249442,640,480
1066,249441808400000,249442,640,480
1067,249441848400000,249442,640,480
1068,249441888400000,249442,640,480
1069,249441928400000,249442,640,480
1070,249441968400000,249442,640,480
1071,249442008400000,249442,640,480
1072,249442048400000,249442,640,480
1073,249442088400000,249442,640,480
1074,249442128400000,249442,640,480
1075,249442168400000,249442,640,480
1076,249442208400000,249442,640,480
1077,249442248400000,249442,640,480
1078,249442288700000,249442,640,480
1079,249442328700000,249442,640,480
1080,249442368700000,249442,640,480
1081,249442408700000,249442,640,480
1082,249442448700000,249442,640,480
1083,249442488700000,249442,640,480
1084,249442528700000,249443,640,480
1085,249442568700000,249443,640,480
1086,249442608700000,249443,640,480
1087,249442648700000,249443,640,480
1088,249442688700000,249443,640,480
1089,249442728700000,249443,640,480
1090,249442768700000,249443,640,480
1091,249442808300000,249443,640,480
1092,249442848300000,249443,640,480
1093,249442888300000,249443,640,480
1094,249442928300000,249443,640,480
1095,249442968300000,249443,640,480
1096,249443008300000,249443,640,480
1097,249443048300000,249443,640,480
1098,249443088300000,249443,640,480
1099,249443128300000,249443,640,480
1100,249443168300000,249443,640,480
1101,249443208300000,249443,640,480
1102,249443248300000,249443,640,480
1103,249443288400000,249443,640,480
1104,249443328400000,249443,640,480
1105,249443368400000,249443,640,480
1106,249443408400000,249443,640,480
1107,249443448400000,249443,640,480
1108,249443488400000,249443,640,480
1109,249443528400000,249444,640,480
1110,249443568400000,249444,640,480
1111,249443608400000,249444,640,480
1112,249443648400000,249444,640,480
1113,249443688400000,249444,640,480
1114,249443728400000,249444,640,480
1115,249443768400000,249444,640,480
1116,249443808400000,249444,640,480
1117,249443848500000,249444,640,480
1118,249443888500000,249444,640,480
1119,249443928500000,249444,640,480
1120,249443968500000,249444,640,480
1121,249444008500000,249444,640,480
1122,249444048500000,249444,640,480
1123,249444088500000,249444,640,480
1124,249444128500000,249444,640,480
1125,249444168500000,249444,640,480
1126,249444208500000,249444,640,480
1127,249444248500000,249444,640,480
1128,249444288500000,249444,640,480
1129,249444328500000,249444,640,480
1130,249444368400000,249444,640,480
1131,249444408400000,249444,640,480
1132,249444448400000,249444,640,480
1133,249444488400000,249444,640,480
1134,249444528400000,249445,640,480
1135,249444568400000,249445,640,480
1136,249444608400000,249445,640,480
1137,249444648400000,249445,640,480
1138,249444688400000,249445,640,480
1139,249444728400000,249445,640,480
1140,249444768400000,249445,640,480
1141,249444808500000,249445,640,480
1142,249444848500000,249445,640,480
1143,249444888500000,249445,640,480
1144,249444928500000,249445,640,480
1145,249444968500000,249445,640,480
1146,249445008500000,249445,640,480
1147,249445048500000,249445,640,480
1148,249445088500000,249445,640,480
1149,249445128500000,249445,640,480
1150,249445168500000,249445,640,480
1151,249445208500000,249445,640,480
1152,249445248500000,249445,640,480
1153,249445288500000,249445,640,480
1154,249445328500000,249445,640,480
1155,249445368600000,249445,640,480
1156,249445408600000,249445,640,480
1157,249445448600000,249445,640,480
1158,249445488600000,249445,640,480
1159,249445528600000,249446,640,480
1160,249445568600000,249446,640,480
1161,249445608600000,249446,640,480
1162,249445648600000,249446,640,480
1163,249445688600000,249446,640,480
1164,249445728600000,249446,640,480
1165,249445768600000,249446,640,480
1166,249445808600000,249446,640,480
1167,249445848600000,249446,640,480
1168,249445888400000,249446,640,480
1169,249445928400000,249446,640,480
1170,249445968400000,249446,640,480
1171,249446008400000,249446,640,480
1172,249446048400000,249446,640,480
1173,249446088400000,249446,640,480
1174,249446128400000,249446,640,480
1175,249446168400000,249446,640,480
1176,249446208400000,249446,640,480
1177,249446248400000,249446,640,480
1178,249446288500000,249446,640,480
1179,249446328500000,249446,640,480
1180,249446368500000,249446,640,480
1181,249446408500000,249446,640,480
1182,249446448500000,249446,640,480
1183,249446488500000,249446,640,480
1184,249446528500000,249447,640,480
1185,249446568500000,249447,640,480
1186,249446608500000,249447,640,480
1187,249446648500000,249447,640,480
1188,249446688500000,249447,640,480
1189,249446728500000,249447,640,480
1190,249446768500000,249447,640,480
1191,249446808500000,249447,640,480
1192,249446848500000,249447,640,480
1193,249446888500000,249447,640,480
1194,249446928600000,249447,640,480
1195,249446968600000,249447,640,480
1196,249447008600000,249447,640,480
1197,249447048600000,249447,640,480
1198,249447088600000,249447,640,480
1199,249447128600000,249447,640,480
1200,249447168600000,249447,640,480
1201,249447208600000,249447,640,480
1202,249447248600000,249447,640,480
1203,249447288600000,249447,640,480
1204,249447328600000,249447,640,480
1205,249447368600000,249447,640,480
1206,249447408400000,249447,640,480
1207,249447448400000,249447,640,480
1208,249447488400000,249447,640,480
1209,249447528400000,249448,640,480
1210,249447568400000,249448,640,480
1211,249447608400000,249448,640,480
1212,249447648400000,249448,640,480
1213,249447688400000,249448,640,480
1214,249447728400000,249448,640,480
1215,249447768400000,249448,640,480
1216,249447808500000,249448,640,480
1217,249447848500000,249448,640,480
1218,249447888500000,249448,640,480
1219,249447928500000,249448,640,480
1220,249447968500000,249448,640,480
1221,249448008500000,249448,640,480
1222,249448048500000,249448,640,480
1223,249448088500000,249448,640,480
1224,249448128500000,249448,640,480
1225,249448168500000,249448,640,480
1226,249448208500000,249448,640,480
1227,249448248500000,249448,640,480
1228,249448288500000,249448,640,480
1229,249448328500000,249448,640,480
1230,249448368500000,249448,640,480
1231,249448408500000,249448,640,480
1232,249448448400000,249448,640,480
1233,249448488400000,249448,640,480
1234,249448528400000,249449,640,480
1235,249448568400000,249449,640,480
1236,249448608400000,249449,640,480
1237,249448648400000,249449,640,480
1238,249448688400000,249449,640,480
1239,249448728400000,249449,640,480
1240,249448768400000,249449,640,480
1241,249448808400000,249449,640,480
1242,249448848400000,249449,640,480
1243,249448888400000,249449,640,480
1244,249448928400000,249449,640,480
1245,249448968600000,249449,640,480
1246,249449008600000,249449,640,480
1247,249449048600000,249449,640,480
1248,249449088600000,249449,640,480
1249,249449128600000,249449,640,480
1250,249449168600000,249449,640,480
1251,249449208600000,249449,640,480
1252,249449248600000,249449,640,480
1253,249449288700000,249449,640,480
1254,249449328700000,249449,640,480
1255,249449368700000,249449,640,480
1256,249449408700000,249449,640,480
1257,249449448700000,249449,640,480
1258,249449488500000,249449,640,480
1259,249449528500000,249450,640,480
1260,249449568500000,249450,640,480
1261,249449608500000,249450,640,480
1262,249449648500000,249450,640,480
1263,249449688500000,249450,640,480
1264,249449728500000,249450,640,480
1265,249449768500000,249450,640,480
1266,249449808500000,249450,640,480
1267,249449848500000,249450,640,480
1268,249449888500000,249450,640,480
1269,249449928500000,249450,640,480
1270,249449968500000,249450,640,480
1271,249450008500000,249450,640,480
1272,249450048500000,249450,640,480
1273,249450088500000,249450,640,480
1274,249450128500000,249450,640,480
1275,249450168500000,249450,640,480
1276,249450208500000,249450,640,480
1277,249450248500000,249450,640,480
1278,249450288500000,249450,640,480
1279,249450328500000,249450,640,480
1280,249450368500000,249450,640,480
1281,249450408500000,249450,640,480
1282,249450448500000,249450,640,480
1283,249450488600000,249450,640,480
1284,249450528600000,249451,640,480
1285,249450568600000,249451,640,480
1286,249450608600000,249451,640,480
1287,249450648600000,249451,640,480
1288,249450688600000,249451,640,480
1289,249450728600000,249451,640,480
1290,249450768600000,249451,640,480
1291,249450808700000,249451,640,480
1292,249450848700000,249451,640,480
1293,249450888700000,249451,640,480
1294,249450928700000,249451,640,480
1295,249450968700000,249451,640,480
1296,249451008600000,249451,640,480
1297,249451048600000,249451,640,480
1298,249451088600000,249451,640,480
1299,249451128600000,249451,640,480
1300,249451168600000,249451,640,480
1301,249451208600000,249451,640,480
1302,249451248600000,249451,640,480
1303,249451288600000,249451,640,480
1304,249451328600000,249451,640,480
1305,249451368600000,249451,640,480
1306,249451408600000,249451,640,480
1307,249451448600000,249451,640,480
1308,249451488600000,249451,640,480
1309,249451528500000,249452,640,480
1310,249451568500000,249452,640,480
1311,249451608500000,249452,640,480
1312,249451648500000,249452,640,480
1313,249451688500000,249452,640,480
1314,249451728500000,249452,640,480
1315,249451768500000,249452,640,480
1316,249451808500000,249452,640,480
1317,249451848500000,249452,640,480
1318,249451888500000,249452,640,480
1319,249451928500000,249452,640,480
1320,249451968500000,249452,640,480
1321,249452008500000,249452,640,480
1322,249452048600000,249452,640,480
1323,249452088600000,249452,640,480
1324,249452128600000,249452,640,480
1325,249452168600000,249452,640,480
1326,249452208600000,249452,640,480
1327,249452248600000,249452,640,480
1328,249452288700000,249452,640,480
1329,249452328700000,249452,640,480
1330,249452368700000,249452,640,480
1331,249452408700000,249452,640,480
1332,249452448700000,249452,640,480
1333,249452488700000,249452,640,480
1334,249452528600000,249453,640,480
1335,249452568600000,249453,640,480
1336,249452608600000,249453,640,480
1337,249452648600000,249453,640,480
1338,249452688600000,249453,640,480
1339,249452728600000,249453,640,480
1340,249452768600000,249453,640,480
1341,249452808600000,249453,640,480
1342,249452848600000,249453,640,480
1343,249452888600000,249453,640,480
1344,249452928600000,249453,640,480
1345,249452968600000,249453,640,480
1346,249453008600000,249453,640,480
1347,249453048500000,249453,640,480
1348,249453088500000,249453,640,480
1349,249453128500000,249453,640,480
1350,249453168500000,249453,640,480
1351,249453208500000,249453,640,480
1352,249453248500000,249453,640,480
1353,249453288500000,249453,640,480
1354,249453328500000,249453,640,480
1355,249453368500000,249453,640,480
1356,249453408500000,249453,640,480
1357,249453448500000,249453,640,480
1358,249453488500000,249453,640,480
1359,249453528500000,249454,640,480
1360,249453568500000,249454,640,480
1361,249453608500000,249454,640,480
1362,249453648500000,249454,640,480
1363,249453688500000,249454,640,480
1364,249453728500000,249454,640,480
1365,249453768500000,249454,640,480
1366,249453808600000,249454,640,480
1367,249453848600000,249454,640,480
1368,249453888600000,249454,640,480
1369,249453928600000,249454,640,480
1370,249453968600000,249454,640,480
1371,249454008600000,249454,640,480
1372,249454048600000,249454,640,480
1373,249454088600000,249454,640,480
1374,249454128600000,249454,640,480
1375,249454168600000,249454,640,480
1376,249454208600000,249454,640,480
1377,249454248600000,249454,640,480
1378,249454288600000,249454,640,480
1379,249454328600000,249454,640,480
1380,249454368600000,249454,640,480
1381,249454408600000,249454,640,480
1382,249454448600000,249454,640,480
1383,249454488600000,249454,640,480
1384,249454528600000,249455,640,480
1385,249454568600000,249455,640,480
1386,249454608600000,249455,640,480
1387,249454648600000,249455,640,480
1388,249454688600000,249455,640,480
1389,249454728600000,249455,640,480
1390,249454768600000,249455,640,480
1391,249454808600000,249455,640,480
1392,249454848600000,249455,640,480
1393,249454888600000,249455,640,480
1394,249454928600000,249455,640,480
1395,249454968600000,249455,640,480
1396,249455008600000,249455,640,480
1397,249455048600000,249455,640,480
1398,249455088500000,249455,640,480
1399,249455128500000,249455,640,480
1400,249455168500000,249455,640,480
1401,249455208500000,249455,640,480
1402,249455248500000,249455,640,480
1403,249455288600000,249455,640,480
1404,249455328600000,249455,640,480
1405,249455368600000,249455,640,480
1406,249455408600000,249455,640,480
1407,249455448600000,249455,640,480
1408,249455488600000,249455,640,480
1409,249455528600000,249456,640,480
1410,249455568600000,249456,640,480
1411,249455608700000,249456,640,480
1412,249455648700000,249456,640,480
1413,249455688700000,249456,640,480
1414,249455728700000,249456,640,480
1415,249455768700000,249456,640,480
1416,249455808700000,249456,640,480
1417,249455848700000,249456,640,480
1418,249455888700000,249456,640,480
1419,249455928700000,249456,640,480
1420,249455968700000,249456,640,480
1421,249456008700000,249456,640,480
1422,249456048700000,249456,640,480
1423,249456088700000,249456,640,480
1424,249456128600000,249456,640,480
1425,249456168600000,249456,640,480
1426,249456208600000,249456,640,480
1427,249456248600000,249456,640,480
1428,249456288600000,249456,640,480
1429,249456328600000,249456,640,480
1430,249456368600000,249456,640,480
1431,249456408600000,249456,640,480
1432,249456448600000,249456,640,480
1433,249456488600000,249456,640,480
1434,249456528600000,249457,640,480
1435,249456568600000,249457,640,480
1436,249456608600000,249457,640,480
1437,249456648600000,249457,640,480
1438,249456688600000,249457,640,480
1439,249456728600000,249457,640,480
1440,249456768600000,249457,640,480
1441,249456808700000,249457,640,480
1442,249456848700000,249457,640,480
1443,249456888700000,249457,640,480
1444,249456928700000,249457,640,480
1445,249456968700000,249457,640,480
1446,249457008700000,249457,640,480
1447,249457048700000,249457,640,480
1448,249457088700000,249457,640,480
1449,249457128700000,249457,640,480
1450,249457168700000,249457,640,480
1451,249457208700000,249457,640,480
1452,249457248700000,249457,640,480
1453,249457288700000,249457,640,480
1454,249457328700000,249457,640,480
1455,249457368700000,249457,640,480
1456,249457408700000,249457,640,480
1457,249457448700000,249457,640,480
1458,249457488700000,249457,640,480
1459,249457528700000,249458,640,480
1460,249457568700000,249458,640,480
1461,249457608700000,249458,640,480
1462,249457648700000,249458,640,480
1463,249457688700000,249458,640,480
1464,249457728700000,249458,640,480
1465,249457768700000,249458,640,480
1466,249457808700000,249458,640,480
1467,249457848700000,249458,640,480
1468,249457888700000,249458,640,480
1469,249457928700000,249458,640,480
1470,249457968700000,249458,640,480
1471,249458008700000,249458,640,480
1472,249458048700000,249458,640,480
1473,249458088700000,249458,640,480
1474,249458128700000,249458,640,480
1475,249458168600000,249458,640,480
1476,249458208600000,249458,640,480
1477,249458248600000,249458,640,480
1478,249458288700000,249458,640,480
1479,249458328700000,249458,640,480
1480,249458368700000,249458,640,480
1481,249458408700000,249458,640,480
1482,249458448700000,249458,640,480
1483,249458488700000,249458,640,480
1484,249458528700000,249459,640,480
1485,249458568700000,249459,640,480
1486,249458608700000,249459,640,480
1487,249458648700000,249459,640,480
1488,249458688700000,249459,640,480
1489,249458728700000,249459,640,480
1490,249458768700000,249459,640,480
1491,249458808700000,249459,640,480
1492,249458848700000,249459,640,480
1493,249458888700000,249459,640,480
1494,249458928700000,249459,640,480
1495,249458968700000,249459,640,480
1496,249459008700000,249459,640,480
1497,249459048700000,249459,640,480
1498,249459088700000,249459,640,480
1499,249459128700000,249459,640,480
1500,249459168700000,249459,640,480
1501,249459208700000,249459,640,480
1502,249459248700000,249459,640,480
1503,249459288700000,249459,640,480
1504,249459328700000,249459,640,480
1505,249459368700000,249459,640,480
1506,249459408700000,249459,640,480
1507,249459448700000,249459,640,480
1508,249459488700000,249459,640,480
1509,249459528700000,249460,640,480
1510,249459568700000,249460,640,480
1511,249459608700000,249460,640,480
1512,249459648700000,249460,640,480
1513,249459688700000,249460,640,480
1514,249459728600000,249460,640,480
1515,249459768600000,249460,640,480
1516,249459808700000,249460,640,480
1517,249459848700000,249460,640,480
1518,249459888700000,249460,640,480
1519,249459928700000,249460,640,480
1520,249459968700000,249460,640,480
1521,249460008700000,249460,640,480
1522,249460048700000,249460,640,480
1523,249460088700000,249460,640,480
1524,249460128700000,249460,640,480
1525,249460168700000,249460,640,480
1526,249460208700000,249460,640,480
1527,249460248700000,249460,640,480
1528,249460288700000,249460,640,480
1529,249460328700000,249460,640,480
1530,249460368700000,249460,640,480
1531,249460408700000,249460,640,480
1532,249460448700000,249460,640,480
1533,249460488700000,249460,640,480
1534,249460528700000,249461,640,480
1535,249460568700000,249461,640,480
1536,249460608700000,249461,640,480
1537,249460648700000,249461,640,480
1538,249460688700000,249461,640,480
1539,249460728700000,249461,640,480
1540,249460768700000,249461,640,480
1541,249460808700000,249461,640,480
1542,249460848700000,249461,640,480
1543,249460888700000,249461,640,480
1544,249460928700000,249461,640,480
1545,249460968700000,249461,640,480
1546,249461008700000,249461,640,480
1547,249461048700000,249461,640,480
1548,249461088700000,249461,640,480
1549,249461128700000,249461,640,480
1550,249461168700000,249461,640,480
1551,249461208700000,249461,640,480
1552,249461248700000,249461,640,480
1553,249461288800000,249461,640,480
1554,249461328800000,249461,640,480
1555,249461368800000,249461,640,480
1556,249461408800000,249461,640,480
1557,249461448800000,249461,640,480
1558,249461488800000,249461,640,480
1559,249461528800000,249462,640,480
1560,249461568800000,249462,640,480
1561,249461608800000,249462,640,480
1562,249461648800000,249462,640,480
1563,249461688800000,249462,640,480
1564,249461728800000,249462,640,480
1565,249461768700000,249462,640,480
1566,249461808700000,249462,640,480
1567,249461848700000,249462,640,480
1568,249461888700000,249462,640,480
1569,249461928700000,249462,640,480
1570,249461968700000,249462,640,480
1571,249462008700000,249462,640,480
1572,249462048700000,249462,640,480
1573,249462088700000,249462,640,480
1574,249462128700000,249462,640,480
1575,249462168700000,249462,640,480
1576,249462208700000,249462,640,480
1577,249462248700000,249462,640,480
1578,249462288800000,249462,640,480
1579,249462328800000,249462,640,480
1580,249462368800000,249462,640,480
1581,249462408800000,249462,640,480
1582,249462448800000,249462,640,480
1583,249462488800000,249462,640,480
1584,249462528800000,249463,640,480
1585,249462568800000,249463,640,480
1586,249462608800000,249463,640,480
1587,249462648800000,249463,640,480
1588,249462688800000,249463,640,480
1589,249462728800000,249463,640,480
1590,249462768800000,249463,640,480
1591,249462808800000,249463,640,480
1592,249462848800000,249463,640,480
1593,249462888800000,249463,640,480
1594,249462928800000,249463,640,480
1595,249462968800000,249463,640,480
1596,249463008800000,249463,640,480
1597,249463048800000,249463,640,480
1598,249463088800000,249463,640,480
1599,249463128800000,249463,640,480
1600,249463168800000,249463,640,480
1601,249463208800000,249463,640,480
1602,249463248800000,249463,640,480
1603,249463288800000,249463,640,480
1604,249463328800000,249463,640,480
1605,249463368800000,249463,640,480
1606,249463408800000,249463,640,480
1607,249463448800000,249463,640,480
1608,249463488800000,249463,640,480
1609,249463528800000,249464,640,480
1610,249463568800000,249464,640,480
1611,249463608800000,249464,640,480
1612,249463648800000,249464,640,480
1613,249463688800000,249464,640,480
1614,249463728800000,249464,640,480
1615,249463768800000,249464,640,480
1616,249463808700000,249464,640,480
1617,249463848700000,249464,640,480
1618,249463888700000,249464,640,480
1619,249463928700000,249464,640,480
1620,249463968700000,249464,640,480
1621,249464008700000,249464,640,480
1622,249464048700000,249464,640,480
1623,249464088700000,249464,640,480
1624,249464128700000,249464,640,480
1625,249464168700000,249464,640,480
1626,249464208700000,249464,640,480
1627,249464248700000,249464,640,480
1628,249464288800000,249464,640,480
1629,249464328800000,249464,640,480
1630,249464368800000,249464,640,480
1631,249464408800000,249464,640,480
1632,249464448800000,249464,640,480
1633,249464488800000,249464,640,480
1634,249464528800000,249465,640,480
1635,249464568800000,249465,640,480
1636,249464608800000,249465,640,480
1637,249464648800000,249465,640,480
1638,249464688800000,249465,640,480
1639,249464728800000,249465,640,480
1640,249464768800000,249465,640,480
1641,249464808800000,249465,640,480
1642,249464848800000,249465,640,480
1643,249464888800000,249465,640,480
1644,249464928800000,249465,640,480
1645,249464968800000,249465,640,480
1646,249465008800000,249465,640,480
1647,249465048800000,249465,640,480
1648,249465088800000,249465,640,480
1649,249465128800000,249465,640,480
1650,249465168800000,249465,640,480
1651,249465208800000,249465,640,480
1652,249465248800000,249465,640,480
1653,249465288800000,249465,640,480
1654,249465328800000,249465,640,480
1655,249465368700000,249465,640,480
1656,249465408700000,249465,640,480
1657,249465448700000,249465,640,480
1658,249465488700000,249465,640,480
1659,249465528700000,249466,640,480
1660,249465568700000,249466,640,480
1661,249465608700000,249466,640,480
1662,249465648700000,249466,640,480
1663,249465688700000,249466,640,480
1664,249465728700000,249466,640,480
1665,249465768700000,249466,640,480
1666,249465808800000,249466,640,480
1667,249465848800000,249466,640,480
1668,249465888800000,249466,640,480
1669,249465928800000,249466,640,480
1670,249465968800000,249466,640,480
1671,249466008800000,249466,640,480
1672,249466048800000,249466,640,480
1673,249466088800000,249466,640,480
1674,249466128800000,249466,640,480
1675,249466168800000,249466,640,480
1676,249466208800000,249466,640,480
1677,249466248800000,249466,640,480
1678,249466288800000,249466,640,480
1679,249466328800000,249466,640,480
1680,249466368800000,249466,640,480
1681,249466408800000,249466,640,480
1682,249466448800000,249466,640,480
1683,249466488800000,249466,640,480
1684,249466528800000,249467,640,480
1685,249466568800000,249467,640,480
1686,249466608800000,249467,640,480
1687,249466648800000,249467,640,480
1688,249466688800000,249467,640,480
1689,249466728800000,249467,640,480
1690,249466768800000,249467,640,480
1691,249466808800000,249467,640,480
1692,249466848800000,249467,640,480
1693,249466888800000,249467,640,480
1694,249466928800000,249467,640,480
1695,249466968800000,249467,640,480
1696,249467008800000,249467,640,480
1697,249467048800000,249467,640,480
1698,249467088800000,249467,640,480
1699,249467128800000,249467,640,480
1700,249467168800000,249467,640,480
1701,249467208800000,249467,640,480
1702,249467248800000,249467,640,480
1703,249467288900000,249467,640,480
1704,249467328900000,249467,640,480
1705,249467368900000,249467,640,480
1706,249467408800000,249467,640,480
1707,249467448800000,249467,640,480
1708,249467488800000,249467,640,480
1709,249467528800000,249468,640,480
1710,249467568800000,249468,640,480
1711,249467608800000,249468,640,480
1712,249467648800000,249468,640,480
1713,249467688800000,249468,640,480
1714,249467728800000,249468,640,480
1715,249467768800000,249468,640,480
1716,249467808800000,249468,640,480
1717,249467848800000,249468,640,480
1718,249467888800000,249468,640,480
1719,249467928900000,249468,640,480
1720,249467968900000,249468,640,480
1721,249468008900000,249468,640,480
1722,249468048900000,249468,640,480
1723,249468088900000,249468,640,480
1724,249468128900000,249468,640,480
1725,249468168900000,249468,640,480
1726,249468208900000,249468,640,480
1727,249468248900000,249468,640,480
1728,249468288900000,249468,640,480
1729,249468328900000,249468,640,480
1730,249468368900000,249468,640,480
1731,249468408900000,249468,640,480
1732,249468448700000,249468,640,480
1733,249468488700000,249468,640,480
1734,249468528700000,249469,640,480
1735,249468568700000,249469,640,480
1736,249468608700000,249469,640,480
1737,249468648700000,249469,640,480
1738,249468688700000,249469,640,480
1739,249468728700000,249469,640,480
1740,249468768700000,249469,640,480
1741,249468808800000,249469,640,480
1742,249468848800000,249469,640,480
1743,249468888800000,249469,640,480
1744,249468928900000,249469,640,480
1745,249468968900000,249469,640,480
1746,249469008900000,249469,640,480
1747,249469048900000,249469,640,480
1748,249469088900000,249469,640,480
1749,249469128900000,249469,640,480
1750,249469168900000,249469,640,480
1751,249469208900000,249469,640,480
1752,249469248900000,249469,640,480
1753,249469288900000,249469,640,480
1754,249469328900000,249469,640,480
1755,249469368900000,249469,640,480
1756,249469408900000,249469,640,480
1757,249469448800000,249469,640,480
1758,249469488800000,249469,640,480
1759,249469528800000,249470,640,480
1760,249469568800000,249470,640,480
1761,249469608800000,249470,640,480
1762,249469648800000,249470,640,480
1763,249469688800000,249470,640,480
1764,249469728800000,249470,640,480
1765,249469768800000,249470,640,480
1766,249469808800000,249470,640,480
1767,249469848800000,249470,640,480
1768,249469888800000,249470,640,480
1769,249469928800000,249470,640,480
1770,249469968700000,249470,640,480
1771,249470008700000,249470,640,480
1772,249470048700000,249470,640,480
1773,249470088700000,249470,640,480
1774,249470128700000,249470,640,480
1775,249470168700000,249470,640,480
1776,249470208700000,249470,640,480
1777,249470248700000,249470,640,480
1778,249470288800000,249470,640,480
1779,249470328800000,249470,640,480
1780,249470368800000,249470,640,480
1781,249470408800000,249470,640,480
1782,249470448800000,249470,640,480
1783,249470488900000,249470,640,480
1784,249470528900000,249471,640,480
1785,249470568900000,249471,640,480
1786,249470608900000,249471,640,480
1787,249470648900000,249471,640,480
1788,249470688900000,249471,640,480
1789,249470728900000,249471,640,480
1790,249470768900000,249471,640,480
1791,249470808900000,249471,640,480
1792,249470848900000,249471,640,480
1793,249470888900000,249471,640,480
1794,249470928900000,249471,640,480
1795,249470968900000,249471,640,480
1796,249471008800000,249471,640,480
1797,249471048800000,249471,640,480
1798,249471088800000,249471,640,480
1799,249471128800000,249471,640,480
1800,249471168800000,249471,640,480
1801,249471208800000,249471,640,480
1802,249471248800000,249471,640,480
1803,249471288800000,249471,640,480
1804,249471328800000,249471,640,480
1805,249471368800000,249471,640,480
1806,249471408800000,249471,640,480
1807,249471448800000,249471,640,480
1808,249471488800000,249471,640,480
1809,249471528800000,249472,640,480
1810,249471568800000,249472,640,480
1811,249471608800000,249472,640,480
1812,249471648800000,249472,640,480
1813,249471688800000,249472,640,480
1814,249471728800000,249472,640,480
1815,249471768800000,249472,640,480
1816,249471808900000,249472,640,480
1817,249471848900000,249472,640,480
1818,249471888900000,249472,640,480
1819,249471928900000,249472,640,480
1820,249471968900000,249472,640,480
1821,249472008900000,249472,640,480
1822,249472048900000,249472,640,480
1823,249472088900000,249472,640,480
1824,249472128900000,249472,640,480
1825,249472168900000,249472,640,480
1826,249472208900000,249472,640,480
1827,249472248900000,249472,640,480
1828,249472288900000,249472,640,480
1829,249472328900000,249472,640,480
1830,249472368900000,249472,640,480
1831,249472408900000,249472,640,480
1832,249472448900000,249472,640,480
1833,249472488900000,249472,640,480
1834,249472528800000,249473,640,480
1835,249472568800000,249473,640,480
1836,249472608800000,249473,640,480
1837,249472648800000,249473,640,480
1838,249472688800000,249473,640,480
1839,249472728800000,249473,640,480
1840,249472768800000,249473,640,480
1841,249472808800000,249473,640,480
1842,249472848800000,249473,640,480
1843,249472888800000,249473,640,480
1844,249472928800000,249473,640,480
1845,249472968800000,249473,640,480
1846,249473008800000,249473,640,480
1847,249473048800000,249473,640,480
1848,249473088800000,249473,640,480
1849,249473128800000,249473,640,480
1850,249473168800000,249473,640,480
1851,249473208800000,249473,640,480
1852,249473248800000,249473,640,480
1853,249473288900000,249473,640,480
1854,249473328900000,249473,640,480
1855,249473368900000,249473,640,480
1856,249473408900000,249473,640,480
1857,249473448900000,249473,640,480
1858,249473488900000,249473,640,480
1859,249473528900000,249474,640,480
1860,249473569000000,249474,640,480
1861,249473609000000,249474,640,480
1862,249473649000000,249474,640,480
1863,249473689000000,249474,640,480
1864,249473729000000,249474,640,480
1865,249473769000000,249474,640,480
1866,249473809000000,249474,640,480
1867,249473849000000,249474,640,480
1868,249473889000000,249474,640,480
1869,249473929000000,249474,640,480
1870,249473969000000,249474,640,480
1871,249474009000000,249474,640,480
1872,249474049000000,249474,640,480
1873,249474088900000,249474,640,480
1874,249474128900000,249474,640,480
1875,249474168900000,249474,640,480
1876,249474208900000,249474,640,480
1877,249474248900000,249474,640,480
1878,249474288900000,249474,640,480
1879,249474328900000,249474,640,480
1880,249474368900000,249474,640,480
1881,249474408900000,249474,640,480
1882,249474448900000,249474,640,480
1883,249474488900000,249474,640,480
1884,249474528900000,249475,640,480
1885,249474568900000,249475,640,480
1886,249474608800000,249475,640,480
1887,249474648800000,249475,640,480
1888,249474688800000,249475,640,480
1889,249474728800000,249475,640,480
1890,249474768800000,249475,640,480
1891,249474808900000,249475,640,480
1892,249474848900000,249475,640,480
1893,249474888900000,249475,640,480
1894,249474928900000,249475,640,480
1895,249474968900000,249475,640,480
1896,249475008900000,249475,640,480
1897,249475048900000,249475,640,480
1898,249475088900000,249475,640,480
1899,249475128900000,249475,640,480
1900,249475168900000,249475,640,480
1901,249475208900000,249475,640,480
1902,249475248900000,249475,640,480
1903,249475288900000,249475,640,480
1904,249475328900000,249475,640,480
1905,249475368900000,249475,640,480
1906,249475408900000,249475,640,480
1907,249475448900000,249475,640,480
1908,249475488900000,249475,640,480
1909,249475528900000,249476,640,480
1910,249475568900000,249476,640,480
1911,249475608900000,249476,640,480
1912,249475648900000,249476,640,480
1913,249475688900000,249476,640,480
1914,249475728900000,249476,640,480
1915,249475768900000,249476,640,480
1916,249475808900000,249476,640,480
1917,249475848900000,249476,640,480
1918,249475888900000,249476,640,480
1919,249475928900000,249476,640,480
1920,249475968900000,249476,640,480
1921,249476008900000,249476,640,480
1922,249476048900000,249476,640,480
1923,249476088900000,249476,640,480
1924,249476128800000,249476,640,480
1925,249476168800000,249476,640,480
1926,249476208800000,249476,640,480
1927,249476248800000,249476,640,480
1928,249476288900000,249476,640,480
1929,249476328900000,249476,640,480
1930,249476368900000,249476,640,480
1931,249476408900000,249476,640,480
1932,249476448900000,249476,640,480
1933,249476488900000,249476,640,480
1934,249476528900000,249477,640,480
1935,249476568900000,249477,640,480
1936,249476608900000,249477,640,480
1937,249476648900000,249477,640,480
1938,249476688900000,249477,640,480
1939,249476728900000,249477,640,480
1940,249476768900000,249477,640,480
1941,249476808900000,249477,640,480
1942,249476848900000,249477,640,480
1943,249476888900000,249477,640,480
1944,249476928900000,249477,640,480
1945,249476968900000,249477,640,480
1946,249477008900000,249477,640,480
1947,249477048900000,249477,640,480
1948,249477088900000,249477,640,480
1949,249477128900000,249477,640,480
1950,249477168900000,249477,640,480
1951,249477208900000,249477,640,480
1952,249477248900000,249477,640,480
1953,249477288900000,249477,640,480
1954,249477328900000,249477,640,480
1955,249477368900000,249477,640,480
1956,249477408900000,249477,640,480
1957,249477448900000,249477,640,480
1958,249477488900000,249477,640,480
1959,249477528900000,249478,640,480
1960,249477568900000,249478,640,480
1961,249477608900000,249478,640,480
1962,249477648900000,249478,640,480
1963,249477689400000,249478,640,480
1964,249477729400000,249478,640,480
1965,249477769400000,249478,640,480
1966,249477809500000,249478,640,480
1967,249477849500000,249478,640,480
1968,249477889500000,249478,640,480
1969,249477929500000,249478,640,480
1970,249477969500000,249478,640,480
1971,249478009500000,249478,640,480
1972,249478049500000,249478,640,480
1973,249478089500000,249478,640,480
1974,249478129500000,249478,640,480
1975,249478169100000,249478,640,480
1976,249478209100000,249478,640,480
1977,249478249100000,249478,640,480
1978,249478289100000,249478,640,480
1979,249478329100000,249478,640,480
1980,249478369100000,249478,640,480
1981,249478409100000,249478,640,480
1982,249478449100000,249478,640,480
1983,249478489100000,249478,640,480
1984,249478529100000,249479,640,480
1985,249478569100000,249479,640,480
1986,249478609100000,249479,640,480
1987,249478649100000,249479,640,480
1988,249478689100000,249479,640,480
1989,249478729100000,249479,640,480
1990,249478769100000,249479,640,480
1991,249478809100000,249479,640,480
1992,249478849100000,249479,640,480
1993,249478889100000,249479,640,480
1994,249478929100000,249479,640,480
1995,249478969100000,249479,640,480
1996,249479009100000,249479,640,480
1997,249479049100000,249479,640,480
1998,249479089100000,249479,640,480
1999,249479129100000,249479,640,480
2000,249479169100000,249479,640,480
2001,249479209000000,249479,640,480
2002,249479249000000,249479,640,480
2003,249479289100000,249479,640,480
2004,249479329100000,249479,640,480
2005,249479369100000,249479,640,480
2006,249479409100000,249479,640,480
2007,249479449100000,249479,640,480
2008,249479489100000,249479,640,480
2009,249479529100000,249480,640,480
2010,249479569100000,249480,640,480
2011,249479609100000,249480,640,480
2012,249479649100000,249480,640,480
2013,249479689100000,249480,640,480
2014,249479729400000,249480,640,480
2015,249479769400000,249480,640,480
2016,249479809400000,249480,640,480
2017,249479849400000,249480,640,480
2018,249479889400000,249480,640,480
2019,249479929400000,249480,640,480
2020,249479969400000,249480,640,480
2021,249480009400000,249480,640,480
2022,249480049400000,249480,640,480
2023,249480089400000,249480,640,480
2024,249480129400000,249480,640,480
2025,249480169400000,249480,640,480
2026,249480209400000,249480,640,480
2027,249480249100000,249480,640,480
2028,249480289100000,249480,640,480
2029,249480329100000,249480,640,480
2030,249480369100000,249480,640,480
2031,249480409100000,249480,640,480
2032,249480449100000,249480,640,480
2033,249480489100000,249480,640,480
2034,249480529100000,249481,640,480
2035,249480569100000,249481,640,480
2036,249480609100000,249481,640,480
2037,249480649100000,249481,640,480
2038,249480689100000,249481,640,480
2039,249480729100000,249481,640,480
2040,249480769100000,249481,640,480
2041,249480809200000,249481,640,480
2042,249480849200000,249481,640,480
2043,249480889200000,249481,640,480
2044,249480929200000,249481,640,480
2045,249480969200000,249481,640,480
2046,249481009200000,249481,640,480
2047,249481049200000,249481,640,480
2048,249481089200000,249481,640,480
2049,249481129200000,249481,640,480
2050,249481169200000,249481,640,480
2051,249481209200000,249481,640,480
2052,249481249400000,249481,640,480
2053,249481289400000,249481,640,480
2054,249481329400000,249481,640,480
2055,249481369400000,249481,640,480
2056,249481409400000,249481,640,480
2057,249481449400000,249481,640,480
2058,249481489400000,249481,640,480
2059,249481529400000,249482,640,480
2060,249481569400000,249482,640,480
2061,249481609400000,249482,640,480
2062,249481649400000,249482,640,480
2063,249481689400000,249482,640,480
2064,249481729400000,249482,640,480
2065,249481769200000,249482,640,480
2066,249481809200000,249482,640,480
2067,249481849200000,249482,640,480
2068,249481889200000,249482,640,480
2069,249481929200000,249482,640,480
2070,249481969200000,249482,640,480
2071,249482009200000,249482,640,480
2072,249482049200000,249482,640,480
2073,249482089200000,249482,640,480
2074,249482129200000,249482,640,480
2075,249482169200000,249482,640,480
2076,249482209200000,249482,640,480
2077,249482249200000,249482,640,480
2078,249482289300000,249482,640,480
2079,249482329300000,249482,640,480
2080,249482369300000,249482,640,480
2081,249482409300000,249482,640,480
2082,249482449300000,249482,640,480
2083,249482489300000,249482,640,480
2084,249482529300000,249483,640,480
2085,249482569300000,249483,640,480
2086,249482609300000,249483,640,480
2087,249482649300000,249483,640,480
2088,249482689300000,249483,640,480
2089,249482729300000,249483,640,480
2090,249482769300000,249483,640,480
2091,249482809500000,249483,640,480
2092,249482849500000,249483,640,480
2093,249482889500000,249483,640,480
2094,249482929500000,249483,640,480
2095,249482969500000,249483,640,480
2096,249483009500000,249483,640,480
2097,249483049500000,249483,640,480
2098,249483089500000,249483,640,480
2099,249483129500000,249483,640,480
2100,249483169500000,249483,640,480
2101,249483209500000,249483,640,480
2102,249483249500000,249483,640,480
2103,249483289500000,249483,640,480
2104,249483329200000,249483,640,480
2105,249483369200000,249483,640,480
2106,249483409200000,249483,640,480
2107,249483449200000,249483,640,480
2108,249483489200000,249483,640,480
2109,249483529200000,249484,640,480
2110,249483569200000,249484,640,480
2111,249483609200000,249484,640,480
2112,249483649200000,249484,640,480
2113,249483689200000,249484,640,480
2114,249483729200000,249484,640,480
2115,249483769200000,249484,640,480
2116,249483809300000,249484,640,480
2117,249483849300000,249484,640,480
2118,249483889300000,249484,640,480
2119,249483929300000,249484,640,480
2120,249483969300000,249484,640,480
2121,249484009300000,249484,640,480
2122,249484049300000,249484,640,480
2123,249484089300000,249484,640,480
2124,249484129300000,249484,640,480
2125,249484169300000,249484,640,480
2126,249484209300000,249484,640,480
2127,249484249300000,249484,640,480
2128,249484289300000,249484,640,480
2129,249484329500000,249484,640,480
2130,249484369500000,249484,640,480
2131,249484409500000,249484,640,480
2132,249484449500000,249484,640,480
2133,249484489500000,249484,640,480
2134,249484529500000,249485,640,480
2135,249484569500000,249485,640,480
2136,249484609500000,249485,640,480
2137,249484649500000,249485,640,480
2138,249484689500000,249485,640,480
2139,249484729500000,249485,640,480
2140,249484769500000,249485,640,480
2141,249484809500000,249485,640,480
2142,249484849200000,249485,640,480
2143,249484889200000,249485,640,480
2144,249484929200000,249485,640,480
2145,249484969200000,249485,640,480
2146,249485009200000,249485,640,480
2147,249485049200000,249485,640,480
2148,249485089200000,249485,640,480
2149,249485129200000,249485,640,480
2150,249485169200000,249485,640,480
2151,249485209200000,249485,640,480
2152,249485249200000,249485,640,480
2153,249485289300000,249485,640,480
2154,249485329300000,249485,640,480
2155,249485369300000,249485,640,480
2156,249485409300000,249485,640,480
2157,249485449300000,249485,640,480
2158,249485489300000,249485,640,480
2159,249485529300000,249486,640,480
2160,249485569300000,249486,640,480
2161,249485609300000,249486,640,480
2162,249485649300000,249486,640,480
2163,249485689300000,249486,640,480
2164,249485729300000,249486,640,480
2165,249485769300000,249486,640,480
2166,249485809300000,249486,640,480
2167,249485849300000,249486,640,480
2168,249485889500000,249486,640,480
2169,249485929500000,249486,640,480
2170,249485969500000,249486,640,480
2171,249486009500000,249486,640,480
2172,249486049500000,249486,640,480
2173,249486089500000,249486,640,480
2174,249486129500000,249486,640,480
2175,249486169500000,249486,640,480
2176,249486209500000,249486,640,480
2177,249486249500000,249486,640,480
2178,249486289500000,249486,640,480
2179,249486329500000,249486,640,480
2180,249486369500000,249486,640,480
2181,249486409200000,249486,640,480
2182,249486449200000,249486,640,480
2183,249486489200000,249486,640,480
2184,249486529200000,249487,640,480
2185,249486569200000,249487,640,480
2186,249486609200000,249487,640,480
2187,249486649200000,249487,640,480
2188,249486689200000,249487,640,480
2189,249486729200000,249487,640,480
2190,249486769200000,249487,640,480
2191,249486809300000,249487,640,480
2192,249486849300000,249487,640,480
2193,249486889300000,249487,640,480
2194,249486929300000,249487,640,480
2195,249486969300000,249487,640,480
2196,249487009300000,249487,640,480
2197,249487049300000,249487,640,480
2198,249487089300000,249487,640,480
2199,249487129300000,249487,640,480
2200,249487169300000,249487,640,480
2201,249487209300000,249487,640,480
2202,249487249300000,249487,640,480
2203,249487289300000,249487,640,480
2204,249487329300000,249487,640,480
2205,249487369300000,249487,640,480
2206,249487409600000,249487,640,480
2207,249487449600000,249487,640,480
2208,249487489600000,249487,640,480
2209,249487529600000,249488,640,480
2210,249487569600000,249488,640,480
2211,249487609600000,249488,640,480
2212,249487649600000,249488,640,480
2213,249487689600000,249488,640,480
2214,249487729600000,249488,640,480
2215,249487769600000,249488,640,480
2216,249487809600000,249488,640,480
2217,249487849600000,249488,640,480
2218,249487889600000,249488,640,480
2219,249487929300000,249488,640,480
2220,249487969300000,249488,640,480
2221,249488009300000,249488,640,480
2222,249488049300000,249488,640,480
2223,249488089300000,249488,640,480
2224,249488129300000,249488,640,480
2225,249488169300000,249488,640,480
2226,249488209300000,249488,640,480
2227,249488249300000,249488,640,480
2228,249488289400000,249488,640,480
2229,249488329400000,249488,640,480
2230,249488369400000,249488,640,480
2231,249488409400000,249488,640,480
2232,249488449400000,249488,640,480
2233,249488489400000,249488,640,480
2234,249488529400000,249489,640,480
2235,249488569400000,249489,640,480
2236,249488609400000,249489,640,480
2237,249488649400000,249489,640,480
2238,249488689400000,249489,640,480
2239,249488729400000,249489,640,480
2240,249488769400000,249489,640,480
2241,249488809400000,249489,640,480
2242,249488849400000,249489,640,480
2243,249488889400000,249489,640,480
2244,249488929300000,249489,640,480
2245,249488969300000,249489,640,480
2246,249489009300000,249489,640,480
2247,249489049300000,249489,640,480
2248,249489089300000,249489,640,480
2249,249489129300000,249489,640,480
2250,249489169300000,249489,640,480
2251,249489209300000,249489,640,480
2252,249489249300000,249489,640,480
2253,249489289300000,249489,640,480
2254,249489329300000,249489,640,480
2255,249489369300000,249489,640,480
2256,249489409300000,249489,640,480
2257,249489449500000,249489,640,480
2258,249489489500000,249489,640,480
2259,249489529500000,249490,640,480
2260,249489569500000,249490,640,480
2261,249489609500000,249490,640,480
2262,249489649500000,249490,640,480
2263,249489689500000,249490,640,480
2264,249489729500000,249490,640,480
2265,249489769500000,249490,640,480
2266,249489809600000,249490,640,480
2267,249489849600000,249490,640,480
2268,249489889600000,249490,640,480
2269,249489929600000,249490,640,480
2270,249489969400000,249490,640,480
2271,249490009400000,249490,640,480
2272,249490049400000,249490,640,480
2273,249490089400000,249490,640,480
2274,249490129400000,249490,640,480
2275,249490169400000,249490,640,480
2276,249490209400000,249490,640,480
2277,249490249400000,249490,640,480
2278,249490289400000,249490,640,480
2279,249490329400000,249490,640,480
2280,249490369400000,249490,640,480
2281,249490409400000,249490,640,480
2282,249490449400000,249490,640,480
2283,249490489300000,249490,640,480
2284,249490529300000,249491,640,480
2285,249490569300000,249491,640,480
2286,249490609300000,249491,640,480
2287,249490649300000,249491,640,480
2288,249490689300000,249491,640,480
2289,249490729300000,249491,640,480
2290,249490769300000,249491,640,480
2291,249490809300000,249491,640,480
2292,249490849300000,249491,640,480
2293,249490889300000,249491,640,480
2294,249490929300000,249491,640,480
2295,249490969300000,249491,640,480
2296,249491009500000,249491,640,480
2297,249491049500000,249491,640,480
2298,249491089500000,249491,640,480
2299,249491129500000,249491,640,480
2300,249491169500000,249491,640,480
2301,249491209500000,249491,640,480
2302,249491249500000,249491,640,480
2303,249491289600000,249491,640,480
2304,249491329600000,249491,640,480
2305,249491369600000,249491,640,480
2306,249491409600000,249491,640,480
2307,249491449600000,249491,640,480
2308,249491489400000,249491,640,480
2309,249491529400000,249492,640,480
2310,249491569400000,249492,640,480
2311,249491609400000,249492,640,480
2312,249491649400000,249492,640,480
2313,249491689400000,249492,640,480
2314,249491729400000,249492,640,480
2315,249491769400000,249492,640,480
2316,249491809400000,249492,640,480
2317,249491849400000,249492,640,480
2318,249491889400000,249492,640,480
2319,249491929400000,249492,640,480
2320,249491969400000,249492,640,480
2321,249492009400000,249492,640,480
2322,249492049400000,249492,640,480
2323,249492089400000,249492,640,480
2324,249492129400000,249492,640,480
2325,249492169400000,249492,640,480
2326,249492209400000,249492,640,480
2327,249492249400000,249492,640,480
2328,249492289400000,249492,640,480
2329,249492329400000,249492,640,480
2330,249492369400000,249492,640,480
2331,249492409400000,249492,640,480
2332,249492449400000,249492,640,480
2333,249492489400000,249492,640,480
2334,249492529600000,249493,640,480
2335,249492569600000,249493,640,480
2336,249492609600000,249493,640,480
2337,249492649600000,249493,640,480
2338,249492689600000,249493,640,480
2339,249492729600000,249493,640,480
2340,249492769600000,249493,640,480
2341,249492809700000,249493,640,480
2342,249492849700000,249493,640,480
2343,249492889700000,249493,640,480
2344,249492929700000,249493,640,480
2345,249492969700000,249493,640,480
2346,249493009700000,249493,640,480
2347,249493049500000,249493,640,480
2348,249493089500000,249493,640,480
2349,249493129500000,249493,640,480
2350,249493169500000,249493,640,480
2351,249493209500000,249493,640,480
2352,249493249500000,249493,640,480
2353,249493289500000,249493,640,480
2354,249493329500000,249493,640,480
2355,249493369500000,249493,640,480
2356,249493409500000,249493,640,480
2357,249493449500000,249493,640,480
2358,249493489500000,249493,640,480
2359,249493529400000,249494,640,480
2360,249493569400000,249494,640,480
2361,249493609400000,249494,640,480
2362,249493649400000,249494,640,480
2363,249493689400000,249494,640,480
2364,249493729400000,249494,640,480
2365,249493769400000,249494,640,480
2366,249493809400000,249494,640,480
2367,249493849400000,249494,640,480
2368,249493889400000,249494,640,480
2369,249493929400000,249494,640,480
2370,249493969400000,249494,640,480
2371,249494009400000,249494,640,480
2372,249494049600000,249494,640,480
2373,249494089600000,249494,640,480
2374,249494129600000,249494,640,480
2375,249494169600000,249494,640,480
2376,249494209600000,249494,640,480
2377,249494249600000,249494,640,480
2378,249494289700000,249494,640,480
2379,249494329700000,249494,640,480
2380,249494369700000,249494,640,480
2381,249494409700000,249494,640,480
2382,249494449700000,249494,640,480
2383,249494489700000,249494,640,480
2384,249494529700000,249495,640,480
2385,249494569500000,249495,640,480
2386,249494609500000,249495,640,480
2387,249494649500000,249495,640,480
2388,249494689500000,249495,640,480
2389,249494729500000,249495,640,480
2390,249494769500000,249495,640,480
2391,249494809500000,249495,640,480
2392,249494849500000,249495,640,480
2393,249494889500000,249495,640,480
2394,249494929500000,249495,640,480
2395,249494969500000,249495,640,480
2396,249495009500000,249495,640,480
2397,249495049500000,249495,640,480
2398,249495089400000,249495,640,480
2399,249495129400000,249495,640,480
2400,249495169400000,249495,640,480
2401,249495209400000,249495,640,480
2402,249495249400000,249495,640,480
2403,249495289400000,249495,640,480
2404,249495329400000,249495,640,480
2405,249495369400000,249495,640,480
2406,249495409400000,249495,640,480
2407,249495449400000,249495,640,480
2408,249495489400000,249495,640,480
2409,249495529400000,249496,640,480
2410,249495569400000,249496,640,480
2411,249495609600000,249496,640,480
2412,249495649600000,249496,640,480
2413,249495689600000,249496,640,480
2414,249495729600000,249496,640,480
2415,249495769600000,249496,640,480
2416,249495809700000,249496,640,480
2417,249495849700000,249496,640,480
2418,249495889700000,249496,640,480
2419,249495929700000,249496,640,480
2420,249495969700000,249496,640,480
2421,249496009700000,249496,640,480
2422,249496049700000,249496,640,480
2423,249496089500000,249496,640,480
2424,249496129500000,249496,640,480
2425,249496169500000,249496,640,480
2426,249496209500000,249496,640,480
2427,249496249500000,249496,640,480
2428,249496289500000,249496,640,480
2429,249496329500000,249496,640,480
2430,249496369500000,249496,640,480
2431,249496409500000,249496,640,480
2432,249496449500000,249496,640,480
2433,249496489500000,249496,640,480
2434,249496529500000,249497,640,480
2435,249496569500000,249497,640,480
2436,249496609400000,249497,640,480
2437,249496649400000,249497,640,480
2438,249496689400000,249497,640,480
2439,249496729400000,249497,640,480
2440,249496769400000,249497,640,480
2441,249496809400000,249497,640,480
2442,249496849400000,249497,640,480
2443,249496889400000,249497,640,480
2444,249496929400000,249497,640,480
2445,249496969400000,249497,640,480
2446,249497009400000,249497,640,480
2447,249497049400000,249497,640,480
2448,249497089400000,249497,640,480
2449,249497129600000,249497,640,480
2450,249497169600000,249497,640,480
2451,249497209600000,249497,640,480
2452,249497249600000,249497,640,480
2453,249497289700000,249497,640,480
2454,249497329700000,249497,640,480
2455,249497369700000,249497,640,480
2456,249497409700000,249497,640,480
2457,249497449700000,249497,640,480
2458,249497489700000,249497,640,480
2459,249497529700000,249498,640,480
2460,249497569700000,249498,640,480
2461,249497609700000,249498,640,480
2462,249497649600000,249498,640,480
2463,249497689600000,249498,640,480
2464,249497729600000,249498,640,480
2465,249497769600000,249498,640,480
2466,249497809600000,249498,640,480
2467,249497849600000,249498,640,480
2468,249497889600000,249498,640,480
2469,249497929600000,249498,640,480
2470,249497969600000,249498,640,480
2471,249498009600000,249498,640,480
2472,249498049600000,249498,640,480
2473,249498089600000,249498,640,480
2474,249498129600000,249498,640,480
2475,249498169500000,249498,640,480
2476,249498209500000,249498,640,480
2477,249498249500000,249498,640,480
2478,249498289500000,249498,640,480
2479,249498329500000,249498,640,480
2480,249498369500000,249498,640,480
2481,249498409500000,249498,640,480
2482,249498449500000,249498,640,480
2483,249498489500000,249498,640,480
2484,249498529500000,249499,640,480
2485,249498569500000,249499,640,480
2486,249498609500000,249499,640,480
2487,249498649700000,249499,640,480
2488,249498689700000,249499,640,480
2489,249498729700000,249499,640,480
2490,249498769700000,249499,640,480
2491,249498809800000,249499,640,480
2492,249498849800000,249499,640,480
2493,249498889800000,249499,640,480
2494,249498929800000,249499,640,480
2495,249498969800000,249499,640,480
2496,249499009800000,249499,640,480
2497,249499049800000,249499,640,480
2498,249499089800000,249499,640,480
2499,249499129800000,249499,640,480
2500,249499169600000,249499,640,480
2501,249499209600000,249499,640,480
2502,249499249600000,249499,640,480
2503,249499289600000,249499,640,480
2504,249499329600000,249499,640,480
2505,249499369600000,249499,640,480
2506,249499409600000,249499,640,480
2507,249499449600000,249499,640,480
2508,249499489600000,249499,640,480
2509,249499529600000,249500,640,480
2510,249499569600000,249500,640,480
2511,249499609600000,249500,640,480
2512,249499649600000,249500,640,480
2513,249499689500000,249500,640,480
2514,249499729500000,249500,640,480
2515,249499769500000,249500,640,480
2516,249499809500000,249500,640,480
2517,249499849500000,249500,640,480
2518,249499889500000,249500,640,480
2519,249499929500000,249500,640,480
2520,249499969500000,249500,640,480
2521,249500009500000,249500,640,480
2522,249500049500000,249500,640,480
2523,249500089500000,249500,640,480
2524,249500129500000,249500,640,480
2525,249500169500000,249500,640,480
2526,249500209500000,249500,640,480
2527,249500249500000,249500,640,480
2528,249500289600000,249500,640,480
2529,249500329600000,249500,640,480
2530,249500369600000,249500,640,480
2531,249500409600000,249500,640,480
2532,249500449600000,249500,640,480
2533,249500489600000,249500,640,480
2534,249500529600000,249501,640,480
2535,249500569600000,249501,640,480
2536,249500609600000,249501,640,480
2537,249500649600000,249501,640,480
2538,249500689600000,249501,640,480
2539,249500729800000,249501,640,480
2540,249500769800000,249501,640,480
2541,249500809800000,249501,640,480
2542,249500849800000,249501,640,480
2543,249500889800000,249501,640,480
2544,249500929800000,249501,640,480
2545,249500969800000,249501,640,480
2546,249501009800000,249501,640,480
2547,249501049800000,249501,640,480
2548,249501089800000,249501,640,480
2549,249501129800000,249501,640,480
2550,249501169800000,249501,640,480
2551,249501209800000,249501,640,480
2552,249501249500000,249501,640,480
2553,249501289500000,249501,640,480
2554,249501329500000,249501,640,480
2555,249501369500000,249501,640,480
2556,249501409500000,249501,640,480
2557,249501449500000,249501,640,480
2558,249501489500000,249501,640,480
2559,249501529500000,249502,640,480
2560,249501569500000,249502,640,480
2561,249501609500000,249502,640,480
2562,249501649500000,249502,640,480
2563,249501689500000,249502,640,480
2564,249501729500000,249502,640,480
2565,249501769500000,249502,640,480
2566,249501809600000,249502,640,480
2567,249501849600000,249502,640,480
2568,249501889600000,249502,640,480
2569,249501929600000,249502,640,480
2570,249501969600000,249502,640,480
2571,249502009600000,249502,640,480
2572,249502049600000,249502,640,480
2573,249502089600000,249502,640,480
2574,249502129600000,249502,640,480
2575,249502169600000,249502,640,480
2576,249502209600000,249502,640,480
2577,249502249700000,249502,640,480
2578,249502289700000,249502,640,480
2579,249502329700000,249502,640,480
2580,249502369700000,249502,640,480
2581,249502409700000,249502,640,480
2582,249502449700000,249502,640,480
2583,249502489700000,249502,640,480
2584,249502529700000,249503,640,480
2585,249502569700000,249503,640,480
2586,249502609700000,249503,640,480
2587,249502649700000,249503,640,480
2588,249502689700000,249503,640,480
2589,249502729700000,249503,640,480
2590,249502769600000,249503,640,480
2591,249502809600000,249503,640,480
2592,249502849600000,249503,640,480
2593,249502889600000,249503,640,480
2594,249502929600000,249503,640,480
2595,249502969600000,249503,640,480
2596,249503009600000,249503,640,480
2597,249503049600000,249503,640,480
2598,249503089600000,249503,640,480
2599,249503129600000,249503,640,480
2600,249503169600000,249503,640,480
2601,249503209600000,249503,640,480
2602,249503249600000,249503,640,480
2603,249503289700000,249503,640,480
2604,249503329700000,249503,640,480
2605,249503369700000,249503,640,480
2606,249503409700000,249503,640,480
2607,249503449700000,249503,640,480
2608,249503489700000,249503,640,480
2609,249503529700000,249504,640,480
2610,249503569700000,249504,640,480
2611,249503609700000,249504,640,480
2612,249503649700000,249504,640,480
2613,249503689700000,249504,640,480
2614,249503729700000,249504,640,480
2615,249503769700000,249504,640,480
2616,249503809800000,249504,640,480
2617,249503849800000,249504,640,480
2618,249503889800000,249504,640,480
2619,249503929800000,249504,640,480
2620,249503969800000,249504,640,480
2621,249504009800000,249504,640,480
2622,249504049800000,249504,640,480
2623,249504089800000,249504,640,480
2624,249504129800000,249504,640,480
2625,249504169800000,249504,640,480
2626,249504209800000,249504,640,480
2627,249504249800000,249504,640,480
2628,249504289800000,249504,640,480
2629,249504329700000,249504,640,480
2630,249504369700000,249504,640,480
2631,249504409700000,249504,640,480
2632,249504449700000,249504,640,480
2633,249504489700000,249504,640,480
2634,249504529700000,249505,640,480
2635,249504569700000,249505,640,480
2636,249504609700000,249505,640,480
2637,249504649700000,249505,640,480
2638,249504689700000,249505,640,480
2639,249504729700000,249505,640,480
2640,249504769700000,249505,640,480
2641,249504809700000,249505,640,480
2642,249504849700000,249505,640,480
2643,249504889700000,249505,640,480
2644,249504929700000,249505,640,480
2645,249504969700000,249505,640,480
2646,249505009700000,249505,640,480
2647,249505049700000,249505,640,480
2648,249505089700000,249505,640,480
2649,249505129700000,249505,640,480
2650,249505169700000,249505,640,480
2651,249505209700000,249505,640,480
2652,249505249700000,249505,640,480
2653,249505289700000,249505,640,480
2654,249505329700000,249505,640,480
2655,249505369700000,249505,640,480
2656,249505409700000,249505,640,480
2657,249505449700000,249505,640,480
2658,249505489700000,249505,640,480
2659,249505529700000,249506,640,480
2660,249505569700000,249506,640,480
2661,249505609700000,249506,640,480
2662,249505649700000,249506,640,480
2663,249505689700000,249506,640,480
2664,249505729700000,249506,640,480
2665,249505769700000,249506,640,480
2666,249505809700000,249506,640,480
2667,249505849700000,249506,640,480
2668,249505889700000,249506,640,480
2669,249505929700000,249506,640,480
2670,249505969700000,249506,640,480
2671,249506009700000,249506,640,480
2672,249506049700000,249506,640,480
2673,249506089700000,249506,640,480
2674,249506129700000,249506,640,480
2675,249506169700000,249506,640,480
2676,249506209700000,249506,640,480
2677,249506249700000,249506,640,480
2678,249506289800000,249506,640,480
2679,249506329800000,249506,640,480
2680,249506369700000,249506,640,480
2681,249506409700000,249506,640,480
2682,249506449700000,249506,640,480
2683,249506489700000,249506,640,480
2684,249506529700000,249507,640,480
2685,249506569700000,249507,640,480
2686,249506609700000,249507,640,480
2687,249506649700000,249507,640,480
2688,249506689700000,249507,640,480
2689,249506729700000,249507,640,480
2690,249506769700000,249507,640,480
2691,249506809700000,249507,640,480
2692,249506849700000,249507,640,480
2693,249506889900000,249507,640,480
2694,249506929900000,249507,640,480
2695,249506969900000,249507,640,480
2696,249507009900000,249507,640,480
2697,249507049900000,249507,640,480
2698,249507089900000,249507,640,480
2699,249507129900000,249507,640,480
2700,249507169900000,249507,640,480
2701,249507209900000,249507,640,480
2702,249507249900000,249507,640,480
2703,249507289900000,249507,640,480
2704,249507329900000,249507,640,480
2705,249507369700000,249507,640,480
2706,249507409700000,249507,640,480
2707,249507449700000,249507,640,480
2708,249507489700000,249507,640,480
2709,249507529700000,249508,640,480
2710,249507569700000,249508,640,480
2711,249507609700000,249508,640,480
2712,249507649700000,249508,640,480
2713,249507689700000,249508,640,480
2714,249507729700000,249508,640,480
2715,249507769700000,249508,640,480
2716,249507809800000,249508,640,480
2717,249507849800000,249508,640,480
2718,249507889800000,249508,640,480
2719,249507929800000,249508,640,480
2720,249507969800000,249508,640,480
2721,249508009800000,249508,640,480
2722,249508049800000,249508,640,480
2723,249508089800000,249508,640,480
2724,249508129800000,249508,640,480
2725,249508169800000,249508,640,480
2726,249508209800000,249508,640,480
2727,249508249800000,249508,640,480
2728,249508289800000,249508,640,480
2729,249508329800000,249508,640,480
2730,249508369800000,249508,640,480
2731,249508409800000,249508,640,480
2732,249508449800000,249508,640,480
2733,249508489800000,249508,640,480
2734,249508529800000,249509,640,480
2735,249508569800000,249509,640,480
2736,249508609800000,249509,640,480
2737,249508649800000,249509,640,480
2738,249508689800000,249509,640,480
2739,249508729800000,249509,640,480
2740,249508769800000,249509,640,480
2741,249508809800000,249509,640,480
2742,249508849800000,249509,640,480
2743,249508889800000,249509,640,480
2744,249508929800000,249509,640,480
2745,249508969800000,249509,640,480
2746,249509009800000,249509,640,480
2747,249509049800000,249509,640,480
2748,249509089800000,249509,640,480
2749,249509129800000,249509,640,480
2750,249509169800000,249509,640,480
2751,249509209800000,249509,640,480
2752,249509249800000,249509,640,480
2753,249509289900000,249509,640,480
2754,249509329900000,249509,640,480
2755,249509369900000,249509,640,480
2756,249509409900000,249509,640,480
2757,249509449800000,249509,640,480
2758,249509489800000,249509,640,480
2759,249509529800000,249510,640,480
2760,249509569800000,249510,640,480
2761,249509609800000,249510,640,480
2762,249509649800000,249510,640,480
2763,249509689800000,249510,640,480
2764,249509729800000,249510,640,480
2765,249509769800000,249510,640,480
2766,249509809800000,249510,640,480
2767,249509849800000,249510,640,480
2768,249509889800000,249510,640,480
2769,249509929800000,249510,640,480
2770,249509969800000,249510,640,480
2771,249510009800000,249510,640,480
2772,249510049800000,249510,640,480
2773,249510089800000,249510,640,480
2774,249510129800000,249510,640,480
2775,249510169800000,249510,640,480
2776,249510209800000,249510,640,480
2777,249510249800000,249510,640,480
2778,249510289800000,249510,640,480
2779,249510329800000,249510,640,480
2780,249510369800000,249510,640,480
2781,249510409800000,249510,640,480
2782,249510449800000,249510,640,480
2783,249510489800000,249510,640,480
2784,249510529800000,249511,640,480
2785,249510569800000,249511,640,480
2786,249510609800000,249511,640,480
2787,249510649800000,249511,640,480
2788,249510689800000,249511,640,480
2789,249510729800000,249511,640,480
2790,249510769800000,249511,640,480
2791,249510809900000,249511,640,480
2792,249510849900000,249511,640,480
2793,249510889900000,249511,640,480
2794,249510929900000,249511,640,480
2795,249510969800000,249511,640,480
2796,249511009800000,249511,640,480
2797,249511049800000,249511,640,480
2798,249511089800000,249511,640,480
2799,249511129800000,249511,640,480
2800,249511169800000,249511,640,480
2801,249511209800000,249511,640,480
2802,249511249800000,249511,640,480
2803,249511289800000,249511,640,480
2804,249511329800000,249511,640,480
2805,249511369800000,249511,640,480
2806,249511409800000,249511,640,480
2807,249511449800000,249511,640,480
2808,249511489800000,249511,640,480
2809,249511529800000,249512,640,480
2810,249511569800000,249512,640,480
2811,249511609800000,249512,640,480
2812,249511649800000,249512,640,480
2813,249511689800000,249512,640,480
2814,249511729800000,249512,640,480
2815,249511769800000,249512,640,480
2816,249511809800000,249512,640,480
2817,249511849800000,249512,640,480
2818,249511889800000,249512,640,480
2819,249511929800000,249512,640,480
2820,249511969800000,249512,640,480
2821,249512009800000,249512,640,480
2822,249512049800000,249512,640,480
2823,249512089800000,249512,640,480
2824,249512129800000,249512,640,480
2825,249512169800000,249512,640,480
2826,249512209800000,249512,640,480
2827,249512249800000,249512,640,480
2828,249512289900000,249512,640,480
2829,249512329900000,249512,640,480
2830,249512369900000,249512,640,480
2831,249512409900000,249512,640,480
2832,249512449900000,249512,640,480
2833,249512489900000,249512,640,480
2834,249512529800000,249513,640,480
2835,249512569800000,249513,640,480
2836,249512609800000,249513,640,480
2837,249512649800000,249513,640,480
2838,249512689800000,249513,640,480
2839,249512729800000,249513,640,480
2840,249512769800000,249513,640,480
2841,249512809800000,249513,640,480
2842,249512849800000,249513,640,480
2843,249512889800000,249513,640,480
2844,249512929800000,249513,640,480
2845,249512969800000,249513,640,480
2846,249513009800000,249513,640,480
2847,249513049800000,249513,640,480
2848,249513089800000,249513,640,480
2849,249513129800000,249513,640,480
2850,249513169800000,249513,640,480
2851,249513209800000,249513,640,480
2852,249513249800000,249513,640,480
2853,249513289800000,249513,640,480
2854,249513329800000,249513,640,480
2855,249513369800000,249513,640,480
2856,249513409800000,249513,640,480
2857,249513449800000,249513,640,480
2858,249513489800000,249513,640,480
2859,249513529800000,249514,640,480
2860,249513569800000,249514,640,480
2861,249513609800000,249514,640,480
2862,249513649800000,249514,640,480
2863,249513689800000,249514,640,480
2864,249513729800000,249514,640,480
2865,249513769800000,249514,640,480
2866,249513809900000,249514,640,480
2867,249513849900000,249514,640,480
2868,249513889900000,249514,640,480
2869,249513929900000,249514,640,480
2870,249513969900000,249514,640,480
2871,249514009900000,249514,640,480
2872,249514049900000,249514,640,480
2873,249514089900000,249514,640,480
2874,249514129900000,249514,640,480
2875,249514169900000,249514,640,480
2876,249514209900000,249514,640,480
2877,249514249900000,249514,640,480
2878,249514289900000,249514,640,480
2879,249514329900000,249514,640,480
2880,249514369900000,249514,640,480
2881,249514409900000,249514,640,480
2882,249514449900000,249514,640,480
2883,249514489900000,249514,640,480
2884,249514529900000,249515,640,480
2885,249514569900000,249515,640,480
2886,249514609900000,249515,640,480
2887,249514649900000,249515,640,480
2888,249514689900000,249515,640,480
2889,249514729900000,249515,640,480
2890,249514769900000,249515,640,480
2891,249514809900000,249515,640,480
2892,249514849900000,249515,640,480
2893,249514889900000,249515,640,480
2894,249514929900000,249515,640,480
2895,249514969900000,249515,640,480
2896,249515009900000,249515,640,480
2897,249515049900000,249515,640,480
2898,249515089800000,249515,640,480
2899,249515129800000,249515,640,480
2900,249515169800000,249515,640,480
2901,249515209800000,249515,640,480
2902,249515249800000,249515,640,480
2903,249515289900000,249515,640,480
2904,249515329900000,249515,640,480
2905,249515369900000,249515,640,480
2906,249515409900000,249515,640,480
2907,249515449900000,249515,640,480
2908,249515489900000,249515,640,480
2909,249515529900000,249516,640,480
2910,249515569900000,249516,640,480
2911,249515609900000,249516,640,480
2912,249515649900000,249516,640,480
2913,249515689900000,249516,640,480
2914,249515729900000,249516,640,480
2915,249515769900000,249516,640,480
2916,249515809900000,249516,640,480
2917,249515849900000,249516,640,480
2918,249515889900000,249516,640,480
2919,249515929900000,249516,640,480
2920,249515969900000,249516,640,480
2921,249516009900000,249516,640,480
2922,249516049900000,249516,640,480
2923,249516089900000,249516,640,480
2924,249516129900000,249516,640,480
2925,249516169900000,249516,640,480
2926,249516209900000,249516,640,480
2927,249516249900000,249516,640,480
2928,249516289900000,249516,640,480
2929,249516329900000,249516,640,480
2930,249516369900000,249516,640,480
2931,249516409900000,249516,640,480
2932,249516449900000,249516,640,480
2933,249516489900000,249516,640,480
2934,249516529900000,249517,640,480
2935,249516569900000,249517,640,480
2936,249516609800000,249517,640,480
2937,249516649800000,249517,640,480
2938,249516689800000,249517,640,480
2939,249516729800000,249517,640,480
2940,249516769800000,249517,640,480
2941,249516809900000,249517,640,480
2942,249516849900000,249517,640,480
2943,249516889900000,249517,640,480
2944,249516929900000,249517,640,480
2945,249516969900000,249517,640,480
2946,249517009900000,249517,640,480
2947,249517049900000,249517,640,480
2948,249517089900000,249517,640,480
2949,249517129900000,249517,640,480
2950,249517169900000,249517,640,480
2951,249517209900000,249517,640,480
2952,249517249900000,249517,640,480
2953,249517289900000,249517,640,480
2954,249517329900000,249517,640,480
2955,249517369900000,249517,640,480
2956,249517409900000,249517,640,480
2957,249517449900000,249517,640,480
2958,249517489900000,249517,640,480
2959,249517529900000,249518,640,480
2960,249517569900000,249518,640,480
2961,249517609900000,249518,640,480
2962,249517649900000,249518,640,480
2963,249517689900000,249518,640,480
2964,249517729900000,249518,640,480
2965,249517769900000,249518,640,480
2966,249517809900000,249518,640,480
2967,249517849900000,249518,640,480
2968,249517889900000,249518,640,480
2969,249517929900000,249518,640,480
2970,249517969900000,249518,640,480
2971,249518009900000,249518,640,480
2972,249518049900000,249518,640,480
2973,249518089900000,249518,640,480
2974,249518129800000,249518,640,480
2975,249518169800000,249518,640,480
2976,249518209800000,249518,640,480
2977,249518249800000,249518,640,480
2978,249518289900000,249518,640,480
2979,249518329900000,249518,640,480
2980,249518369900000,249518,640,480
2981,249518409900000,249518,640,480
2982,249518449900000,249518,640,480
2983,249518489900000,249518,640,480
2984,249518529900000,249519,640,480
2985,249518569900000,249519,640,480
2986,249518609900000,249519,640,480
2987,249518649900000,249519,640,480
2988,249518689900000,249519,640,480
2989,249518729900000,249519,640,480
2990,249518769900000,249519,640,480
2991,249518809900000,249519,640,480
2992,249518849900000,249519,640,480
2993,249518889900000,249519,640,480
2994,249518929900000,249519,640,480
2995,249518969900000,249519,640,480
2996,249519009900000,249519,640,480
2997,249519049900000,249519,640,480
2998,249519089900000,249519,640,480
2999,249519129900000,249519,640,480
3000,249519170000000,249519,640,480
3001,249519210000000,249519,640,480
3002,249519250000000,249519,640,480
3003,249519290000000,249519,640,480
3004,249519330000000,249519,640,480
3005,249519370000000,249519,640,480
3006,249519410000000,249519,640,480
3007,249519450000000,249519,640,480
3008,249519490000000,249519,640,480
3009,249519530000000,249520,640,480
3010,249519570000000,249520,640,480
3011,249519610000000,249520,640,480
3012,249519650000000,249520,640,480
3013,249519689900000,249520,640,480
3014,249519729900000,249520,640,480
3015,249519769900000,249520,640,480
3016,249519810000000,249520,640,480
3017,249519850000000,249520,640,480
3018,249519890000000,249520,640,480
3019,249519930000000,249520,640,480
3020,249519970000000,249520,640,480
3021,249520010000000,249520,640,480
3022,249520050000000,249520,640,480
3023,249520090000000,249520,640,480
3024,249520130000000,249520,640,480
3025,249520170000000,249520,640,480
3026,249520210000000,249520,640,480
3027,249520250000000,249520,640,480
3028,249520290000000,249520,640,480
3029,249520330000000,249520,640,480
3030,249520370000000,249520,640,480
3031,249520410000000,249520,640,480
3032,249520450000000,249520,640,480
3033,249520490000000,249520,640,480
3034,249520530000000,249521,640,480
3035,249520570000000,249521,640,480
3036,249520610000000,249521,640,480
3037,249520650000000,249521,640,480
3038,249520690000000,249521,640,480
3039,249520729900000,249521,640,480
3040,249520769900000,249521,640,480
3041,249520809900000,249521,640,480
3042,249520849900000,249521,640,480
3043,249520889900000,249521,640,480
3044,249520929900000,249521,640,480
3045,249520969900000,249521,640,480
3046,249521009900000,249521,640,480
3047,249521049900000,249521,640,480
3048,249521089900000,249521,640,480
3049,249521129900000,249521,640,480
3050,249521169900000,249521,640,480
3051,249521209900000,249521,640,480
3052,249521249900000,249521,640,480
3053,249521290000000,249521,640,480
3054,249521330000000,249521,640,480
3055,249521370000000,249521,640,480
3056,249521410000000,249521,640,480
3057,249521450000000,249521,640,480
3058,249521490000000,249521,640,480
3059,249521530000000,249522,640,480
3060,249521570000000,249522,640,480
3061,249521610000000,249522,640,480
3062,249521650000000,249522,640,480
3063,249521690000000,249522,640,480
3064,249521729900000,249522,640,480
3065,249521769900000,249522,640,480
3066,249521809900000,249522,640,480
3067,249521849900000,249522,640,480
3068,249521889900000,249522,640,480
3069,249521929900000,249522,640,480
3070,249521969900000,249522,640,480
3071,249522009900000,249522,640,480
3072,249522049900000,249522,640,480
3073,249522089900000,249522,640,480
3074,249522129900000,249522,640,480
3075,249522169900000,249522,640,480
3076,249522209900000,249522,640,480
3077,249522249900000,249522,640,480
3078,249522289900000,249522,640,480
3079,249522329900000,249522,640,480
3080,249522369900000,249522,640,480
3081,249522409900000,249522,640,480
3082,249522449900000,249522,640,480
3083,249522489900000,249522,640,480
3084,249522529900000,249523,640,480
3085,249522569900000,249523,640,480
3086,249522609900000,249523,640,480
3087,249522649900000,249523,640,480
3088,249522689900000,249523,640,480
3089,249522729900000,249523,640,480
3090,249522769900000,249523,640,480
3091,249522810000000,249523,640,480
3092,249522850000000,249523,640,480
3093,249522890000000,249523,640,480
3094,249522930000000,249523,640,480
3095,249522970000000,249523,640,480
3096,249523010000000,249523,640,480
3097,249523050000000,249523,640,480
3098,249523090000000,249523,640,480
3099,249523130000000,249523,640,480
3100,249523170000000,249523,640,480
3101,249523210000000,249523,640,480
3102,249523250000000,249523,640,480
3103,249523290100000,249523,640,480
3104,249523330100000,249523,640,480
3105,249523370100000,249523,640,480
3106,249523410100000,249523,640,480
3107,249523450100000,249523,640,480
3108,249523490100000,249523,640,480
3109,249523530100000,249524,640,480
3110,249523570100000,249524,640,480
3111,249523610100000,249524,640,480
3112,249523650100000,249524,640,480
3113,249523690100000,249524,640,480
3114,249523730100000,249524,640,480
3115,249523769900000,249524,640,480
3116,249523809900000,249524,640,480
3117,249523849900000,249524,640,480
3118,249523889900000,249524,640,480
3119,249523929900000,249524,640,480
3120,249523969900000,249524,640,480
3121,249524009900000,249524,640,480
3122,249524049900000,249524,640,480
3123,249524089900000,249524,640,480
3124,249524129900000,249524,640,480
3125,249524169900000,249524,640,480
3126,249524209900000,249524,640,480
3127,249524249900000,249524,640,480
3128,249524290100000,249524,640,480
3129,249524330100000,249524,640,480
3130,249524370100000,249524,640,480
3131,249524410100000,249524,640,480
3132,249524450100000,249524,640,480
3133,249524490100000,249524,640,480
3134,249524530100000,249525,640,480
3135,249524570100000,249525,640,480
3136,249524610100000,249525,640,480
3137,249524650100000,249525,640,480
3138,249524690100000,249525,640,480
3139,249524730100000,249525,640,480
3140,249524770100000,249525,640,480
3141,249524810100000,249525,640,480
3142,249524850100000,249525,640,480
3143,249524890100000,249525,640,480
3144,249524930100000,249525,640,480
3145,249524970100000,249525,640,480
3146,249525010100000,249525,640,480
3147,249525050100000,249525,640,480
3148,249525090100000,249525,640,480
3149,249525130100000,249525,640,480
3150,249525170100000,249525,640,480
3151,249525210100000,249525,640,480
3152,249525250100000,249525,640,480
3153,249525290100000,249525,640,480
3154,249525330000000,249525,640,480
3155,249525370000000,249525,640,480
3156,249525410000000,249525,640,480
3157,249525450000000,249525,640,480
3158,249525490000000,249525,640,480
3159,249525530000000,249526,640,480
3160,249525570000000,249526,640,480
3161,249525610000000,249526,640,480
3162,249525650000000,249526,640,480
3163,249525690000000,249526,640,480
3164,249525730000000,249526,640,480
3165,249525770000000,249526,640,480
3166,249525810100000,249526,640,480
3167,249525850100000,249526,640,480
3168,249525890100000,249526,640,480
3169,249525930100000,249526,640,480
3170,249525970100000,249526,640,480
3171,249526010100000,249526,640,480
3172,249526050100000,249526,640,480
3173,249526090100000,249526,640,480
3174,249526130100000,249526,640,480
3175,249526170100000,249526,640,480
3176,249526210100000,249526,640,480
3177,249526250100000,249526,640,480
3178,249526290100000,249526,640,480
3179,249526330000000,249526,640,480
3180,249526370000000,249526,640,480
3181,249526410000000,249526,640,480
3182,249526450000000,249526,640,480
3183,249526490000000,249526,640,480
3184,249526530000000,249527,640,480
3185,249526570000000,249527,640,480
3186,249526610000000,249527,640,480
3187,249526650000000,249527,640,480
3188,249526690000000,249527,640,480
3189,249526730000000,249527,640,480
3190,249526770000000,249527,640,480
3191,249526810000000,249527,640,480
3192,249526850000000,249527,640,480
3193,249526890000000,249527,640,480
3194,249526930000000,249527,640,480
3195,249526970000000,249527,640,480
3196,249527010000000,249527,640,480
3197,249527050000000,249527,640,480
3198,249527090000000,249527,640,480
3199,249527130000000,249527,640,480
3200,249527170000000,249527,640,480
3201,249527210000000,249527,640,480
3202,249527250000000,249527,640,480
3203,249527290100000,249527,640,480
3204,249527330100000,249527,640,480
3205,249527370000000,249527,640,480
3206,249527410000000,249527,640,480
3207,249527450000000,249527,640,480
3208,249527490000000,249527,640,480
3209,249527530000000,249528,640,480
3210,249527570000000,249528,640,480
3211,249527610000000,249528,640,480
3212,249527650000000,249528,640,480
3213,249527690000000,249528,640,480
3214,249527730000000,249528,640,480
3215,249527770000000,249528,640,480
3216,249527810000000,249528,640,480
3217,249527850000000,249528,640,480
3218,249527890000000,249528,640,480
3219,249527930000000,249528,640,480
3220,249527970000000,249528,640,480
3221,249528010000000,249528,640,480
3222,249528050000000,249528,640,480
3223,249528090000000,249528,640,480
3224,249528130000000,249528,640,480
3225,249528170000000,249528,640,480
3226,249528210000000,249528,640,480
3227,249528250000000,249528,640,480
3228,249528290000000,249528,640,480
3229,249528330000000,249528,640,480
3230,249528370000000,249528,640,480
3231,249528410000000,249528,640,480
3232,249528450000000,249528,640,480
3233,249528490000000,249528,640,480
3234,249528530000000,249529,640,480
3235,249528570000000,249529,640,480
3236,249528610000000,249529,640,480
3237,249528650000000,249529,640,480
3238,249528690000000,249529,640,480
3239,249528730000000,249529,640,480
3240,249528770000000,249529,640,480
3241,249528810100000,249529,640,480
3242,249528850100000,249529,640,480
3243,249528890100000,249529,640,480
3244,249528930100000,249529,640,480
3245,249528970100000,249529,640,480
3246,249529010100000,249529,640,480
3247,249529050100000,249529,640,480
3248,249529090100000,249529,640,480
3249,249529130100000,249529,640,480
3250,249529170100000,249529,640,480
3251,249529210100000,249529,640,480
3252,249529250100000,249529,640,480
3253,249529290100000,249529,640,480
3254,249529330100000,249529,640,480
3255,249529370100000,249529,640,480
3256,249529410100000,249529,640,480
3257,249529450100000,249529,640,480
3258,249529490100000,249529,640,480
3259,249529530100000,249530,640,480
3260,249529570100000,249530,640,480
3261,249529610100000,249530,640,480
3262,249529650100000,249530,640,480
3263,249529690100000,249530,640,480
3264,249529730100000,249530,640,480
3265,249529770100000,249530,640,480
3266,249529810100000,249530,640,480
3267,249529850100000,249530,640,480
3268,249529890100000,249530,640,480
3269,249529930200000,249530,640,480
3270,249529970200000,249530,640,480
3271,249530010200000,249530,640,480
3272,249530050200000,249530,640,480
3273,249530090200000,249530,640,480
3274,249530130200000,249530,640,480
3275,249530170200000,249530,640,480
3276,249530210200000,249530,640,480
3277,249530250200000,249530,640,480
3278,249530290300000,249530,640,480
3279,249530330300000,249530,640,480
3280,249530370300000,249530,640,480
3281,249530410100000,249530,640,480
3282,249530450100000,249530,640,480
3283,249530490100000,249530,640,480
3284,249530530100000,249531,640,480
3285,249530570100000,249531,640,480
3286,249530610100000,249531,640,480
3287,249530650100000,249531,640,480
3288,249530690100000,249531,640,480
3289,249530730100000,249531,640,480
3290,249530770100000,249531,640,480
3291,249530810100000,249531,640,480
3292,249530850100000,249531,640,480
3293,249530890100000,249531,640,480
3294,249530930100000,249531,640,480
3295,249530970100000,249531,640,480
3296,249531010100000,249531,640,480
3297,249531050100000,249531,640,480
3298,249531090100000,249531,640,480
3299,249531130100000,249531,640,480
3300,249531170100000,249531,640,480
3301,249531210100000,249531,640,480
3302,249531250100000,249531,640,480
3303,249531290100000,249531,640,480
3304,249531330100000,249531,640,480
3305,249531370100000,249531,640,480
3306,249531410100000,249531,640,480
3307,249531450000000,249531,640,480
3308,249531490000000,249531,640,480
3309,249531530000000,249532,640,480
3310,249531570000000,249532,640,480
3311,249531610000000,249532,640,480
3312,249531650000000,249532,640,480
3313,249531690000000,249532,640,480
3314,249531730000000,249532,640,480
3315,249531770000000,249532,640,480
3316,249531810100000,249532,640,480
3317,249531850100000,249532,640,480
3318,249531890100000,249532,640,480
3319,249531930100000,249532,640,480
3320,249531970100000,249532,640,480
3321,249532010100000,249532,640,480
3322,249532050100000,249532,640,480
3323,249532090100000,249532,640,480
3324,249532130100000,249532,640,480
3325,249532170100000,249532,640,480
3326,249532210100000,249532,640,480
3327,249532250100000,249532,640,480
3328,249532290100000,249532,640,480
3329,249532330100000,249532,640,480
3330,249532370100000,249532,640,480
3331,249532410100000,249532,640,480
3332,249532450100000,249532,640,480
3333,249532490100000,249532,640,480
3334,249532530100000,249533,640,480
3335,249532570100000,249533,640,480
3336,249532610100000,249533,640,480
3337,249532650100000,249533,640,480
3338,249532690100000,249533,640,480
3339,249532730100000,249533,640,480
3340,249532770100000,249533,640,480
3341,249532810100000,249533,640,480
3342,249532850100000,249533,640,480
3343,249532890100000,249533,640,480
3344,249532930100000,249533,640,480
3345,249532970000000,249533,640,480
3346,249533010000000,249533,640,480
3347,249533050000000,249533,640,480
3348,249533090000000,249533,640,480
3349,249533130000000,249533,640,480
3350,249533170000000,249533,640,480
3351,249533210000000,249533,640,480
3352,249533250000000,249533,640,480
3353,249533290100000,249533,640,480
3354,249533330100000,249533,640,480
3355,249533370100000,249533,640,480
3356,249533410100000,249533,640,480
3357,249533450100000,249533,640,480
3358,249533490100000,249533,640,480
3359,249533530100000,249534,640,480
3360,249533570100000,249534,640,480
3361,249533610100000,249534,640,480
3362,249533650100000,249534,640,480
3363,249533690100000,249534,640,480
3364,249533730100000,249534,640,480
3365,249533770100000,249534,640,480
3366,249533810100000,249534,640,480
3367,249533850100000,249534,640,480
3368,249533890100000,249534,640,480
3369,249533930100000,249534,640,480
3370,249533970100000,249534,640,480
3371,249534010100000,249534,640,480
3372,249534050100000,249534,640,480
3373,249534090100000,249534,640,480
3374,249534130100000,249534,640,480
3375,249534170100000,249534,640,480
3376,249534210100000,249534,640,480
3377,249534250100000,249534,640,480
3378,249534290100000,249534,640,480
3379,249534330100000,249534,640,480
3380,249534370100000,249534,640,480
3381,249534410100000,249534,640,480
3382,249534450100000,249534,640,480
3383,249534490100000,249534,640,480
3384,249534530100000,249535,640,480
3385,249534570100000,249535,640,480
3386,249534610100000,249535,640,480
3387,249534650100000,249535,640,480
3388,249534690100000,249535,640,480
3389,249534730100000,249535,640,480
3390,249534770100000,249535,640,480
3391,249534810200000,249535,640,480
3392,249534850200000,249535,640,480
3393,249534890200000,249535,640,480
3394,249534930200000,249535,640,480
3395,249534970200000,249535,640,480
3396,249535010200000,249535,640,480
3397,249535050200000,249535,640,480
3398,249535090200000,249535,640,480
3399,249535130200000,249535,640,480
3400,249535170200000,249535,640,480
3401,249535210200000,249535,640,480
3402,249535250200000,249535,640,480
3403,249535290200000,249535,640,480
3404,249535330200000,249535,640,480
3405,249535370200000,249535,640,480
3406,249535410200000,249535,640,480
3407,249535450200000,249535,640,480
3408,249535490200000,249535,640,480
3409,249535530200000,249536,640,480
3410,249535570300000,249536,640,480
3411,249535610300000,249536,640,480
3412,249535650300000,249536,640,480
3413,249535690300000,249536,640,480
3414,249535730300000,249536,640,480
3415,249535770300000,249536,640,480
3416,249535810300000,249536,640,480
3417,249535850300000,249536,640,480
3418,249535890300000,249536,640,480
3419,249535930300000,249536,640,480
3420,249535970300000,249536,640,480
3421,249536010300000,249536,640,480
3422,249536050100000,249536,640,480
3423,249536090100000,249536,640,480
3424,249536130100000,249536,640,480
3425,249536170100000,249536,640,480
3426,249536210100000,249536,640,480
3427,249536250100000,249536,640,480
3428,249536290200000,249536,640,480
3429,249536330200000,249536,640,480
3430,249536370200000,249536,640,480
3431,249536410200000,249536,640,480
3432,249536450200000,249536,640,480
3433,249536490200000,249536,640,480
3434,249536530200000,249537,640,480
3435,249536570200000,249537,640,480
3436,249536610200000,249537,640,480
3437,249536650200000,249537,640,480
3438,249536690200000,249537,640,480
3439,249536730200000,249537,640,480
3440,249536770200000,249537,640,480
3441,249536810200000,249537,640,480
3442,249536850200000,249537,640,480
3443,249536890200000,249537,640,480
3444,249536930200000,249537,640,480
3445,249536970200000,249537,640,480
3446,249537010200000,249537,640,480
3447,249537050200000,249537,640,480
3448,249537090100000,249537,640,480
3449,249537130100000,249537,640,480
3450,249537170100000,249537,640,480
3451,249537210100000,249537,640,480
3452,249537250100000,249537,640,480
3453,249537290100000,249537,640,480
3454,249537330100000,249537,640,480
3455,249537370100000,249537,640,480
3456,249537410100000,249537,640,480
3457,249537450100000,249537,640,480
3458,249537490100000,249537,640,480
3459,249537530100000,249538,640,480
3460,249537570100000,249538,640,480
3461,249537610100000,249538,640,480
3462,249537650100000,249538,640,480
3463,249537690100000,249538,640,480
3464,249537730100000,249538,640,480
3465,249537770100000,249538,640,480
3466,249537810200000,249538,640,480
3467,249537850200000,249538,640,480
3468,249537890200000,249538,640,480
3469,249537930200000,249538,640,480
3470,249537970200000,249538,640,480
3471,249538010200000,249538,640,480
3472,249538050200000,249538,640,480
3473,249538090200000,249538,640,480
3474,249538130100000,249538,640,480
3475,249538170100000,249538,640,480
3476,249538210100000,249538,640,480
3477,249538250100000,249538,640,480
3478,249538290100000,249538,640,480
3479,249538330100000,249538,640,480
3480,249538370100000,249538,640,480
3481,249538410100000,249538,640,480
3482,249538450100000,249538,640,480
3483,249538490100000,249538,640,480
3484,249538530100000,249539,640,480
3485,249538570100000,249539,640,480
3486,249538610100000,249539,640,480
3487,249538650300000,249539,640,480
3488,249538690300000,249539,640,480
3489,249538730300000,249539,640,480
3490,249538770300000,249539,640,480
3491,249538810300000,249539,640,480
3492,249538850300000,249539,640,480
3493,249538890300000,249539,640,480
3494,249538930300000,249539,640,480
3495,249538970300000,249539,640,480
3496,249539010300000,249539,640,480
3497,249539050300000,249539,640,480
3498,249539090300000,249539,640,480
3499,249539130100000,249539,640,480
3500,249539170100000,249539,640,480
3501,249539210100000,249539,640,480
3502,249539250100000,249539,640,480
3503,249539290200000,249539,640,480
3504,249539330200000,249539,640,480
3505,249539370200000,249539,640,480
3506,249539410200000,249539,640,480
3507,249539450200000,249539,640,480
3508,249539490200000,249539,640,480
3509,249539530200000,249540,640,480
3510,249539570200000,249540,640,480
3511,249539610200000,249540,640,480
3512,249539650200000,249540,640,480
3513,249539690200000,249540,640,480
3514,249539730200000,249540,640,480
3515,249539770200000,249540,640,480
3516,249539810200000,249540,640,480
3517,249539850200000,249540,640,480
3518,249539890200000,249540,640,480
3519,249539930200000,249540,640,480
3520,249539970200000,249540,640,480
3521,249540010200000,249540,640,480
3522,249540050200000,249540,640,480
3523,249540090200000,249540,640,480
3524,249540130200000,249540,640,480
3525,249540170200000,249540,640,480
3526,249540210200000,249540,640,480
3527,249540250200000,249540,640,480
3528,249540290200000,249540,640,480
3529,249540330200000,249540,640,480
3530,249540370200000,249540,640,480
3531,249540410200000,249540,640,480
3532,249540450200000,249540,640,480
3533,249540490200000,249540,640,480
3534,249540530200000,249541,640,480
3535,249540570200000,249541,640,480
3536,249540610200000,249541,640,480
3537,249540650200000,249541,640,480
3538,249540690200000,249541,640,480
3539,249540730200000,249541,640,480
3540,249540770200000,249541,640,480
3541,249540810300000,249541,640,480
3542,249540850300000,249541,640,480
3543,249540890300000,249541,640,480
3544,249540930300000,249541,640,480
3545,249540970300000,249541,640,480
3546,249541010300000,249541,640,480
3547,249541050300000,249541,640,480
3548,249541090300000,249541,640,480
3549,249541130300000,249541,640,480
3550,249541170300000,249541,640,480
3551,249541210300000,249541,640,480
3552,249541250300000,249541,640,480
3553,249541290300000,249541,640,480
3554,249541330300000,249541,640,480
3555,249541370300000,249541,640,480
3556,249541410300000,249541,640,480
3557,249541450300000,249541,640,480
3558,249541490300000,249541,640,480
3559,249541530300000,249542,640,480
3560,249541570300000,249542,640,480
3561,249541610300000,249542,640,480
3562,249541650300000,249542,640,480
3563,249541690200000,249542,640,480
3564,249541730200000,249542,640,480
3565,249541770200000,249542,640,480
3566,249541810200000,249542,640,480
3567,249541850200000,249542,640,480
3568,249541890200000,249542,640,480
3569,249541930200000,249542,640,480
3570,249541970200000,249542,640,480
3571,249542010200000,249542,640,480
3572,249542050200000,249542,640,480
3573,249542090200000,249542,640,480
3574,249542130200000,249542,640,480
3575,249542170200000,249542,640,480
3576,249542210100000,249542,640,480
3577,249542250100000,249542,640,480
3578,249542290200000,249542,640,480
3579,249542330200000,249542,640,480
3580,249542370200000,249542,640,480
3581,249542410200000,249542,640,480
3582,249542450200000,249542,640,480
3583,249542490200000,249542,640,480
3584,249542530200000,249543,640,480
3585,249542570200000,249543,640,480
3586,249542610200000,249543,640,480
3587,249542650200000,249543,640,480
3588,249542690200000,249543,640,480
3589,249542730200000,249543,640,480
3590,249542770200000,249543,640,480
3591,249542810200000,249543,640,480
3592,249542850200000,249543,640,480
3593,249542890200000,249543,640,480
3594,249542930200000,249543,640,480
3595,249542970200000,249543,640,480
3596,249543010200000,249543,640,480
3597,249543050200000,249543,640,480
3598,249543090200000,249543,640,480
3599,249543130200000,249543,640,480
3600,249543170200000,249543,640,480
3601,249543210200000,249543,640,480
3602,249543250300000,249543,640,480
3603,249543290300000,249543,640,480
3604,249543330300000,249543,640,480
3605,249543370300000,249543,640,480
3606,249543410300000,249543,640,480
3607,249543450300000,249543,640,480
3608,249543490300000,249543,640,480
3609,249543530300000,249544,640,480
3610,249543570300000,249544,640,480
3611,249543610300000,249544,640,480
3612,249543650300000,249544,640,480
3613,249543690300000,249544,640,480
3614,249543730300000,249544,640,480
3615,249543770200000,249544,640,480
3616,249543810300000,249544,640,480
3617,249543850300000,249544,640,480
3618,249543890300000,249544,640,480
3619,249543930300000,249544,640,480
3620,249543970300000,249544,640,480
3621,249544010300000,249544,640,480
3622,249544050300000,249544,640,480
3623,249544090300000,249544,640,480
3624,249544130300000,249544,640,480
3625,249544170300000,249544,640,480
3626,249544210300000,249544,640,480
3627,249544250200000,249544,640,480
3628,249544290200000,249544,640,480
3629,249544330200000,249544,640,480
3630,249544370200000,249544,640,480
3631,249544410200000,249544,640,480
3632,249544450200000,249544,640,480
3633,249544490200000,249544,640,480
3634,249544530200000,249545,640,480
3635,249544570200000,249545,640,480
3636,249544610200000,249545,640,480
3637,249544650200000,249545,640,480
3638,249544690200000,249545,640,480
3639,249544730200000,249545,640,480
3640,249544770200000,249545,640,480
3641,249544810200000,249545,640,480
3642,249544850200000,249545,640,480
3643,249544890200000,249545,640,480
3644,249544930200000,249545,640,480
3645,249544970200000,249545,640,480
3646,249545010200000,249545,640,480
3647,249545050200000,249545,640,480
3648,249545090200000,249545,640,480
3649,249545130200000,249545,640,480
3650,249545170200000,249545,640,480
3651,249545210200000,249545,640,480
3652,249545250200000,249545,640,480
3653,249545290400000,249545,640,480
3654,249545330400000,249545,640,480
3655,249545370400000,249545,640,480
3656,249545410400000,249545,640,480
3657,249545450400000,249545,640,480
3658,249545490400000,249545,640,480
3659,249545530400000,249546,640,480
3660,249545570400000,249546,640,480
3661,249545610400000,249546,640,480
3662,249545650400000,249546,640,480
3663,249545690400000,249546,640,480
3664,249545730400000,249546,640,480
3665,249545770400000,249546,640,480
3666,249545810800000,249546,640,480
3667,249545850800000,249546,640,480
3668,249545890800000,249546,640,480
3669,249545930800000,249546,640,480
3670,249545970800000,249546,640,480
3671,249546010800000,249546,640,480
3672,249546050800000,249546,640,480
3673,249546090800000,249546,640,480
3674,249546130800000,249546,640,480
3675,249546170800000,249546,640,480
3676,249546210800000,249546,640,480
3677,249546250800000,249546,640,480
3678,249546290800000,249546,640,480
3679,249546330300000,249546,640,480
3680,249546370300000,249546,640,480
3681,249546410300000,249546,640,480
3682,249546450300000,249546,640,480
3683,249546490300000,249546,640,480
3684,249546530300000,249547,640,480
3685,249546570300000,249547,640,480
3686,249546610300000,249547,640,480
3687,249546650300000,249547,640,480
3688,249546690300000,249547,640,480
3689,249546730300000,249547,640,480
3690,249546770300000,249547,640,480
3691,249546810600000,249547,640,480
3692,249546850600000,249547,640,480
3693,249546890600000,249547,640,480
3694,249546930600000,249547,640,480
3695,249546970600000,249547,640,480
3696,249547010600000,249547,640,480
3697,249547050600000,249547,640,480
3698,249547090600000,249547,640,480
3699,249547130600000,249547,640,480
3700,249547170600000,249547,640,480
3701,249547210600000,249547,640,480
3702,249547250600000,249547,640,480
3703,249547290600000,249547,640,480
3704,249547330800000,249547,640,480
3705,249547370800000,249547,640,480
3706,249547410800000,249547,640,480
3707,249547450800000,249547,640,480
3708,249547490800000,249547,640,480
3709,249547530800000,249548,640,480
3710,249547570800000,249548,640,480
3711,249547610800000,249548,640,480
3712,249547650800000,249548,640,480
3713,249547690800000,249548,640,480
3714,249547730800000,249548,640,480
3715,249547770800000,249548,640,480
3716,249547810800000,249548,640,480
3717,249547850600000,249548,640,480
3718,249547890600000,249548,640,480
3719,249547930600000,249548,640,480
3720,249547970600000,249548,640,480
3721,249548010600000,249548,640,480
3722,249548050600000,249548,640,480
3723,249548090600000,249548,640,480
3724,249548130600000,249548,640,480
3725,249548170600000,249548,640,480
3726,249548210600000,249548,640,480
3727,249548250600000,249548,640,480
3728,249548290700000,249548,640,480
3729,249548330700000,249548,640,480
3730,249548370600000,249548,640,480
3731,249548410600000,249548,640,480
3732,249548450600000,249548,640,480
3733,249548490600000,249548,640,480
3734,249548530600000,249549,640,480
3735,249548570600000,249549,640,480
3736,249548610600000,249549,640,480
3737,249548650600000,249549,640,480
3738,249548690600000,249549,640,480
3739,249548730600000,249549,640,480
3740,249548770600000,249549,640,480
3741,249548810600000,249549,640,480
3742,249548850600000,249549,640,480
3743,249548890800000,249549,640,480
3744,249548930800000,249549,640,480
3745,249548970800000,249549,640,480
3746,249549010800000,249549,640,480
3747,249549050800000,249549,640,480
3748,249549090800000,249549,640,480
3749,249549130800000,249549,640,480
3750,249549170800000,249549,640,480
3751,249549210800000,249549,640,480
3752,249549250800000,249549,640,480
3753,249549290800000,249549,640,480
3754,249549330800000,249549,640,480
3755,249549370800000,249549,640,480
3756,249549410600000,249549,640,480
3757,249549450600000,249549,640,480
3758,249549490600000,249549,640,480
3759,249549530600000,249550,640,480
3760,249549570600000,249550,640,480
3761,249549610600000,249550,640,480
3762,249549650600000,249550,640,480
3763,249549690600000,249550,640,480
3764,249549730600000,249550,640,480
3765,249549770600000,249550,640,480
3766,249549810700000,249550,640,480
3767,249549850700000,249550,640,480
3768,249549890700000,249550,640,480
3769,249549930700000,249550,640,480
3770,249549970700000,249550,640,480
3771,249550010700000,249550,640,480
3772,249550050700000,249550,640,480
3773,249550090700000,249550,640,480
3774,249550130700000,249550,640,480
3775,249550170700000,249550,640,480
3776,249550210700000,249550,640,480
3777,249550250700000,249550,640,480
3778,249550290700000,249550,640,480
3779,249550330700000,249550,640,480
3780,249550370700000,249550,640,480
3781,249550410900000,249550,640,480
3782,249550450900000,249550,640,480
3783,249550490900000,249550,640,480
3784,249550530900000,249551,640,480
3785,249550570900000,249551,640,480
3786,249550610900000,249551,640,480
3787,249550650900000,249551,640,480
3788,249550690900000,249551,640,480
3789,249550730900000,249551,640,480
3790,249550770900000,249551,640,480
3791,249550810900000,249551,640,480
3792,249550850900000,249551,640,480
3793,249550890900000,249551,640,480
3794,249550930700000,249551,640,480
3795,249550970700000,249551,640,480
3796,249551010700000,249551,640,480
3797,249551050700000,249551,640,480
3798,249551090700000,249551,640,480
3799,249551130700000,249551,640,480
3800,249551170700000,249551,640,480
3801,249551210700000,249551,640,480
3802,249551250700000,249551,640,480
3803,249551290800000,249551,640,480
3804,249551330800000,249551,640,480
3805,249551370800000,249551,640,480
3806,249551410800000,249551,640,480
3807,249551450700000,249551,640,480
3808,249551490700000,249551,640,480
3809,249551530700000,249552,640,480
3810,249551570700000,249552,640,480
3811,249551610700000,249552,640,480
3812,249551650700000,249552,640,480
3813,249551690700000,249552,640,480
3814,249551730700000,249552,640,480
3815,249551770700000,249552,640,480
3816,249551810700000,249552,640,480
3817,249551850700000,249552,640,480
3818,249551890700000,249552,640,480
3819,249551930700000,249552,640,480
3820,249551970700000,249552,640,480
3821,249552010700000,249552,640,480
3822,249552050700000,249552,640,480
3823,249552090700000,249552,640,480
3824,249552130700000,249552,640,480
3825,249552170700000,249552,640,480
3826,249552210700000,249552,640,480
3827,249552250700000,249552,640,480
3828,249552290700000,249552,640,480
3829,249552330700000,249552,640,480
3830,249552370700000,249552,640,480
3831,249552410700000,249552,640,480
3832,249552450700000,249552,640,480
3833,249552490800000,249552,640,480
3834,249552530800000,249553,640,480
3835,249552570800000,249553,640,480
3836,249552610800000,249553,640,480
3837,249552650800000,249553,640,480
3838,249552690800000,249553,640,480
3839,249552730800000,249553,640,480
3840,249552770800000,249553,640,480
3841,249552810900000,249553,640,480
3842,249552850900000,249553,640,480
3843,249552890900000,249553,640,480
3844,249552930900000,249553,640,480
3845,249552970700000,249553,640,480
3846,249553010700000,249553,640,480
3847,249553050700000,249553,640,480
3848,249553090700000,249553,640,480
3849,249553130700000,249553,640,480
3850,249553170700000,249553,640,480
3851,249553210700000,249553,640,480
3852,249553250700000,249553,640,480
3853,249553290700000,249553,640,480
3854,249553330700000,249553,640,480
3855,249553370700000,249553,640,480
3856,249553410700000,249553,640,480
3857,249553450700000,249553,640,480
3858,249553490500000,249553,640,480
3859,249553530500000,249554,640,480
3860,249553570500000,249554,640,480
3861,249553610500000,249554,640,480
3862,249553650500000,249554,640,480
3863,249553690500000,249554,640,480
3864,249553730500000,249554,640,480
3865,249553770500000,249554,640,480
3866,249553810500000,249554,640,480
3867,249553850500000,249554,640,480
3868,249553890500000,249554,640,480
3869,249553930500000,249554,640,480
3870,249553970500000,249554,640,480
3871,249554010800000,249554,640,480
3872,249554050800000,249554,640,480
3873,249554090800000,249554,640,480
3874,249554130800000,249554,640,480
3875,249554170800000,249554,640,480
3876,249554210800000,249554,640,480
3877,249554250800000,249554,640,480
3878,249554290900000,249554,640,480
3879,249554330900000,249554,640,480
3880,249554370900000,249554,640,480
3881,249554410900000,249554,640,480
3882,249554450900000,249554,640,480
3883,249554490900000,249554,640,480
3884,249554530500000,249555,640,480
3885,249554570500000,249555,640,480
3886,249554610500000,249555,640,480
3887,249554650500000,249555,640,480
3888,249554690500000,249555,640,480
3889,249554730500000,249555,640,480
3890,249554770500000,249555,640,480
3891,249554810500000,249555,640,480
3892,249554850500000,249555,640,480
3893,249554890500000,249555,640,480
3894,249554930500000,249555,640,480
3895,249554970500000,249555,640,480
3896,249555010500000,249555,640,480
3897,249555050500000,249555,640,480
3898,249555090500000,249555,640,480
3899,249555130500000,249555,640,480
3900,249555170500000,249555,640,480
3901,249555210500000,249555,640,480
3902,249555250500000,249555,640,480
3903,249555290500000,249555,640,480
3904,249555330500000,249555,640,480
3905,249555370500000,249555,640,480
3906,249555410500000,249555,640,480
3907,249555450500000,249555,640,480
3908,249555490500000,249555,640,480
3909,249555530800000,249556,640,480
3910,249555570800000,249556,640,480
3911,249555610800000,249556,640,480
3912,249555650800000,249556,640,480
3913,249555690800000,249556,640,480
3914,249555730800000,249556,640,480
3915,249555770800000,249556,640,480
3916,249555810900000,249556,640,480
3917,249555850900000,249556,640,480
3918,249555890900000,249556,640,480
3919,249555930900000,249556,640,480
3920,249555970900000,249556,640,480
3921,249556010900000,249556,640,480
3922,249556050500000,249556,640,480
3923,249556090500000,249556,640,480
3924,249556130500000,249556,640,480
3925,249556170500000,249556,640,480
3926,249556210500000,249556,640,480
3927,249556250500000,249556,640,480
3928,249556290500000,249556,640,480
3929,249556330500000,249556,640,480
3930,249556370500000,249556,640,480
3931,249556410500000,249556,640,480
3932,249556450500000,249556,640,480
3933,249556490500000,249556,640,480
3934,249556530500000,249557,640,480
3935,249556570500000,249557,640,480
3936,249556610500000,249557,640,480
3937,249556650500000,249557,640,480
3938,249556690500000,249557,640,480
3939,249556730500000,249557,640,480
3940,249556770500000,249557,640,480
3941,249556810500000,249557,640,480
3942,249556850500000,249557,640,480
3943,249556890500000,249557,640,480
3944,249556930500000,249557,640,480
3945,249556970500000,249557,640,480
3946,249557010500000,249557,640,480
3947,249557050500000,249557,640,480
3948,249557090800000,249557,640,480
3949,249557130800000,249557,640,480
3950,249557170800000,249557,640,480
3951,249557210800000,249557,640,480
3952,249557250800000,249557,640,480
3953,249557290900000,249557,640,480
3954,249557330900000,249557,640,480
3955,249557370900000,249557,640,480
3956,249557410900000,249557,640,480
3957,249557450900000,249557,640,480
3958,249557490900000,249557,640,480
3959,249557530900000,249558,640,480
3960,249557570600000,249558,640,480
3961,249557610600000,249558,640,480
3962,249557650600000,249558,640,480
3963,249557690600000,249558,640,480
3964,249557730600000,249558,640,480
3965,249557770600000,249558,640,480
3966,249557810600000,249558,640,480
3967,249557850600000,249558,640,480
3968,249557890600000,249558,640,480
3969,249557930600000,249558,640,480
3970,249557970600000,249558,640,480
3971,249558010600000,249558,640,480
3972,249558050600000,249558,640,480
3973,249558090600000,249558,640,480
3974,249558130600000,249558,640,480
3975,249558170600000,249558,640,480
3976,249558210600000,249558,640,480
3977,249558250600000,249558,640,480
3978,249558290600000,249558,640,480
3979,249558330600000,249558,640,480
3980,249558370600000,249558,640,480
3981,249558410600000,249558,640,480
3982,249558450600000,249558,640,480
3983,249558490600000,249558,640,480
3984,249558530600000,249559,640,480
3985,249558570600000,249559,640,480
3986,249558610800000,249559,640,480
3987,249558650800000,249559,640,480
3988,249558690800000,249559,640,480
3989,249558730800000,249559,640,480
3990,249558770800000,249559,640,480
3991,249558810900000,249559,640,480
3992,249558850900000,249559,640,480
3993,249558890900000,249559,640,480
3994,249558930900000,249559,640,480
3995,249558970900000,249559,640,480
3996,249559010900000,249559,640,480
3997,249559050900000,249559,640,480
3998,249559090900000,249559,640,480
3999,249559130600000,249559,640,480
4000,249559170600000,249559,640,480
4001,249559210600000,249559,640,480
4002,249559250600000,249559,640,480
4003,249559290600000,249559,640,480
4004,249559330600000,249559,640,480
4005,249559370600000,249559,640,480
4006,249559410600000,249559,640,480
4007,249559450600000,249559,640,480
4008,249559490600000,249559,640,480
4009,249559530600000,249560,640,480
4010,249559570600000,249560,640,480
4011,249559610600000,249560,640,480
4012,249559650600000,249560,640,480
4013,249559690600000,249560,640,480
4014,249559730600000,249560,640,480
4015,249559770600000,249560,640,480
4016,249559810600000,249560,640,480
4017,249559850600000,249560,640,480
4018,249559890600000,249560,640,480
4019,249559930600000,249560,640,480
4020,249559970600000,249560,640,480
4021,249560010600000,249560,640,480
4022,249560050600000,249560,640,480
4023,249560090600000,249560,640,480
4024,249560130600000,249560,640,480
4025,249560170800000,249560,640,480
4026,249560210800000,249560,640,480
4027,249560250800000,249560,640,480
4028,249560290900000,249560,640,480
4029,249560330900000,249560,640,480
4030,249560370900000,249560,640,480
4031,249560410900000,249560,640,480
4032,249560450900000,249560,640,480
4033,249560490900000,249560,640,480
4034,249560530900000,249561,640,480
4035,249560570900000,249561,640,480
4036,249560610900000,249561,640,480
4037,249560650600000,249561,640,480
4038,249560690600000,249561,640,480
4039,249560730600000,249561,640,480
4040,249560770600000,249561,640,480
4041,249560810600000,249561,640,480
4042,249560850600000,249561,640,480
4043,249560890600000,249561,640,480
4044,249560930600000,249561,640,480
4045,249560970600000,249561,640,480
4046,249561010600000,249561,640,480
4047,249561050600000,249561,640,480
4048,249561090600000,249561,640,480
4049,249561130600000,249561,640,480
4050,249561170700000,249561,640,480
4051,249561210700000,249561,640,480
4052,249561250700000,249561,640,480
4053,249561290700000,249561,640,480
4054,249561330700000,249561,640,480
4055,249561370700000,249561,640,480
4056,249561410700000,249561,640,480
4057,249561450700000,249561,640,480
4058,249561490700000,249561,640,480
4059,249561530700000,249562,640,480
4060,249561570700000,249562,640,480
4061,249561610700000,249562,640,480
4062,249561650700000,249562,640,480
4063,249561690600000,249562,640,480
4064,249561730600000,249562,640,480
4065,249561770600000,249562,640,480
4066,249561810700000,249562,640,480
4067,249561850700000,249562,640,480
4068,249561890700000,249562,640,480
4069,249561930700000,249562,640,480
4070,249561970700000,249562,640,480
4071,249562010700000,249562,640,480
4072,249562050700000,249562,640,480
4073,249562090700000,249562,640,480
4074,249562130700000,249562,640,480
4075,249562170700000,249562,640,480
4076,249562211000000,249562,640,480
4077,249562251000000,249562,640,480
4078,249562291000000,249562,640,480
4079,249562331000000,249562,640,480
4080,249562371000000,249562,640,480
4081,249562411000000,249562,640,480
4082,249562451000000,249562,640,480
4083,249562491000000,249562,640,480
4084,249562531000000,249563,640,480
4085,249562571000000,249563,640,480
4086,249562611000000,249563,640,480
4087,249562651000000,249563,640,480
4088,249562691000000,249563,640,480
4089,249562730700000,249563,640,480
4090,249562770700000,249563,640,480
4091,249562810700000,249563,640,480
4092,249562850700000,249563,640,480
4093,249562890700000,249563,640,480
4094,249562930700000,249563,640,480
4095,249562970700000,249563,640,480
4096,249563010700000,249563,640,480
4097,249563050700000,249563,640,480
4098,249563090700000,249563,640,480
4099,249563130700000,249563,640,480
4100,249563170700000,249563,640,480
4101,249563210700000,249563,640,480
4102,249563250600000,249563,640,480
4103,249563290700000,249563,640,480
4104,249563330700000,249563,640,480
4105,249563370700000,249563,640,480
4106,249563410700000,249563,640,480
4107,249563450700000,249563,640,480
4108,249563490700000,249563,640,480
4109,249563530700000,249564,640,480
4110,249563570700000,249564,640,480
4111,249563610700000,249564,640,480
4112,249563650700000,249564,640,480
4113,249563690700000,249564,640,480
4114,249563731000000,249564,640,480
4115,249563771000000,249564,640,480
4116,249563811000000,249564,640,480
4117,249563851000000,249564,640,480
4118,249563891000000,249564,640,480
4119,249563931000000,249564,640,480
4120,249563971000000,249564,640,480
4121,249564011000000,249564,640,480
4122,249564051000000,249564,640,480
4123,249564091000000,249564,640,480
4124,249564131000000,249564,640,480
4125,249564171000000,249564,640,480
4126,249564211000000,249564,640,480
4127,249564250700000,249564,640,480
4128,249564290700000,249564,640,480
4129,249564330700000,249564,640,480
4130,249564370700000,249564,640,480
4131,249564410700000,249564,640,480
4132,249564450700000,249564,640,480
4133,249564490700000,249564,640,480
4134,249564530700000,249565,640,480
4135,249564570700000,249565,640,480
4136,249564610700000,249565,640,480
4137,249564650700000,249565,640,480
4138,249564690700000,249565,640,480
4139,249564730700000,249565,640,480
4140,249564770600000,249565,640,480
4141,249564810700000,249565,640,480
4142,249564850700000,249565,640,480
4143,249564890700000,249565,640,480
4144,249564930700000,249565,640,480
4145,249564970700000,249565,640,480
4146,249565010700000,249565,640,480
4147,249565050700000,249565,640,480
4148,249565090700000,249565,640,480
4149,249565130700000,249565,640,480
4150,249565170700000,249565,640,480
4151,249565210700000,249565,640,480
4152,249565250700000,249565,640,480
4153,249565291000000,249565,640,480
4154,249565331000000,249565,640,480
4155,249565371000000,249565,640,480
4156,249565411000000,249565,640,480
4157,249565451000000,249565,640,480
4158,249565491000000,249565,640,480
4159,249565531000000,249566,640,480
4160,249565571000000,249566,640,480
4161,249565611000000,249566,640,480
4162,249565651000000,249566,640,480
4163,249565691000000,249566,640,480
4164,249565731000000,249566,640,480
4165,249565771000000,249566,640,480
4166,249565810700000,249566,640,480
4167,249565850700000,249566,640,480
4168,249565890700000,249566,640,480
4169,249565930700000,249566,640,480
4170,249565970700000,249566,640,480
4171,249566010700000,249566,640,480
4172,249566050700000,249566,640,480
4173,249566090700000,249566,640,480
4174,249566130700000,249566,640,480
4175,249566170700000,249566,640,480
4176,249566210700000,249566,640,480
4177,249566250700000,249566,640,480
4178,249566290700000,249566,640,480
4179,249566330700000,249566,640,480
4180,249566370700000,249566,640,480
4181,249566410700000,249566,640,480
4182,249566450700000,249566,640,480
4183,249566490700000,249566,640,480
4184,249566530700000,249567,640,480
4185,249566570700000,249567,640,480
4186,249566610700000,249567,640,480
4187,249566650700000,249567,640,480
4188,249566690700000,249567,640,480
4189,249566730700000,249567,640,480
4190,249566770700000,249567,640,480
4191,249566811100000,249567,640,480
4192,249566851100000,249567,640,480
4193,249566891100000,249567,640,480
4194,249566931100000,249567,640,480
4195,249566971100000,249567,640,480
4196,249567011100000,249567,640,480
4197,249567051100000,249567,640,480
4198,249567091100000,249567,640,480
4199,249567131100000,249567,640,480
4200,249567171100000,249567,640,480
4201,249567211100000,249567,640,480
4202,249567251100000,249567,640,480
4203,249567291100000,249567,640,480
4204,249567330700000,249567,640,480
4205,249567370700000,249567,640,480
4206,249567410700000,249567,640,480
4207,249567450700000,249567,640,480
4208,249567490700000,249567,640,480
4209,249567530700000,249568,640,480
4210,249567570700000,249568,640,480
4211,249567610700000,249568,640,480
4212,249567650700000,249568,640,480
4213,249567690700000,249568,640,480
4214,249567730700000,249568,640,480
4215,249567770700000,249568,640,480
4216,249567810800000,249568,640,480
4217,249567850800000,249568,640,480
4218,249567890800000,249568,640,480
4219,249567930800000,249568,640,480
4220,249567970800000,249568,640,480
4221,249568010800000,249568,640,480
4222,249568050800000,249568,640,480
4223,249568090800000,249568,640,480
4224,249568130800000,249568,640,480
4225,249568170800000,249568,640,480
4226,249568210800000,249568,640,480
4227,249568250800000,249568,640,480
4228,249568290800000,249568,640,480
4229,249568330800000,249568,640,480
4230,249568371100000,249568,640,480
4231,249568411100000,249568,640,480
4232,249568451100000,249568,640,480
4233,249568491100000,249568,640,480
4234,249568531100000,249569,640,480
4235,249568571100000,249569,640,480
4236,249568611100000,249569,640,480
4237,249568651100000,249569,640,480
4238,249568691100000,249569,640,480
4239,249568731100000,249569,640,480
4240,249568771100000,249569,640,480
4241,249568811100000,249569,640,480
4242,249568850800000,249569,640,480
4243,249568890800000,249569,640,480
4244,249568930800000,249569,640,480
4245,249568970800000,249569,640,480
4246,249569010800000,249569,640,480
4247,249569050800000,249569,640,480
4248,249569090800000,249569,640,480
4249,249569130800000,249569,640,480
4250,249569170800000,249569,640,480
4251,249569210800000,249569,640,480
4252,249569250800000,249569,640,480
4253,249569290900000,249569,640,480
4254,249569330900000,249569,640,480
4255,249569370800000,249569,640,480
4256,249569410800000,249569,640,480
4257,249569450800000,249569,640,480
4258,249569490800000,249569,640,480
4259,249569530800000,249570,640,480
4260,249569570800000,249570,640,480
4261,249569610800000,249570,640,480
4262,249569650800000,249570,640,480
4263,249569690800000,249570,640,480
4264,249569730800000,249570,640,480
4265,249569770800000,249570,640,480
4266,249569810800000,249570,640,480
4267,249569850800000,249570,640,480
4268,249569891000000,249570,640,480
4269,249569931000000,249570,640,480
4270,249569971000000,249570,640,480
4271,249570011000000,249570,640,480
4272,249570051000000,249570,640,480
4273,249570091000000,249570,640,480
4274,249570131000000,249570,640,480
4275,249570171000000,249570,640,480
4276,249570211000000,249570,640,480
4277,249570251000000,249570,640,480
4278,249570291000000,249570,640,480
4279,249570331000000,249570,640,480
4280,249570371000000,249570,640,480
4281,249570410800000,249570,640,480
4282,249570450800000,249570,640,480
4283,249570490800000,249570,640,480
4284,249570530800000,249571,640,480
4285,249570570800000,249571,640,480
4286,249570610800000,249571,640,480
4287,249570650800000,249571,640,480
4288,249570690800000,249571,640,480
4289,249570730800000,249571,640,480
4290,249570770800000,249571,640,480
4291,249570810900000,249571,640,480
4292,249570850900000,249571,640,480
4293,249570890900000,249571,640,480
4294,249570930800000,249571,640,480
4295,249570970800000,249571,640,480
4296,249571010800000,249571,640,480
4297,249571050800000,249571,640,480
4298,249571090800000,249571,640,480
4299,249571130800000,249571,640,480
4300,249571170800000,249571,640,480
4301,249571210800000,249571,640,480
4302,249571250800000,249571,640,480
4303,249571290800000,249571,640,480
4304,249571330800000,249571,640,480
4305,249571370800000,249571,640,480
4306,249571410800000,249571,640,480
4307,249571450800000,249571,640,480
4308,249571490800000,249571,640,480
4309,249571530800000,249572,640,480
4310,249571570800000,249572,640,480
4311,249571610800000,249572,640,480
4312,249571650800000,249572,640,480
4313,249571690800000,249572,640,480
4314,249571730800000,249572,640,480
4315,249571770800000,249572,640,480
4316,249571810800000,249572,640,480
4317,249571850800000,249572,640,480
4318,249571890800000,249572,640,480
4319,249571931100000,249572,640,480
4320,249571971100000,249572,640,480
4321,249572011100000,249572,640,480
4322,249572051100000,249572,640,480
4323,249572091100000,249572,640,480
4324,249572131100000,249572,640,480
4325,249572171100000,249572,640,480
4326,249572211100000,249572,640,480
4327,249572251100000,249572,640,480
4328,249572291200000,249572,640,480
4329,249572331200000,249572,640,480
4330,249572371200000,249572,640,480
4331,249572411200000,249572,640,480
4332,249572450900000,249572,640,480
4333,249572490900000,249572,640,480
4334,249572530900000,249573,640,480
4335,249572570900000,249573,640,480
4336,249572610900000,249573,640,480
4337,249572650900000,249573,640,480
4338,249572690900000,249573,640,480
4339,249572730900000,249573,640,480
4340,249572770900000,249573,640,480
4341,249572810900000,249573,640,480
4342,249572850900000,249573,640,480
4343,249572890900000,249573,640,480
4344,249572930900000,249573,640,480
4345,249572970900000,249573,640,480
4346,249573010900000,249573,640,480
4347,249573050900000,249573,640,480
4348,249573090900000,249573,640,480
4349,249573130900000,249573,640,480
4350,249573170900000,249573,640,480
4351,249573210900000,249573,640,480
4352,249573250900000,249573,640,480
4353,249573290900000,249573,640,480
4354,249573330900000,249573,640,480
4355,249573370900000,249573,640,480
4356,249573410900000,249573,640,480
4357,249573450900000,249573,640,480
4358,249573491100000,249573,640,480
4359,249573531100000,249574,640,480
4360,249573571100000,249574,640,480
4361,249573611100000,249574,640,480
4362,249573651100000,249574,640,480
4363,249573691100000,249574,640,480
4364,249573731100000,249574,640,480
4365,249573771100000,249574,640,480
4366,249573811200000,249574,640,480
4367,249573851200000,249574,640,480
4368,249573891200000,249574,640,480
4369,249573931200000,249574,640,480
4370,249573971200000,249574,640,480
4371,249574010900000,249574,640,480
4372,249574050900000,249574,640,480
4373,249574090900000,249574,640,480
4374,249574130900000,249574,640,480
4375,249574170900000,249574,640,480
4376,249574210900000,249574,640,480
4377,249574250900000,249574,640,480
4378,249574290900000,249574,640,480
4379,249574330900000,249574,640,480
4380,249574370900000,249574,640,480
4381,249574410900000,249574,640,480
4382,249574450900000,249574,640,480
4383,249574490900000,249574,640,480
4384,249574530900000,249575,640,480
4385,249574570900000,249575,640,480
4386,249574610900000,249575,640,480
4387,249574650900000,249575,640,480
4388,249574690900000,249575,640,480
4389,249574730900000,249575,640,480
4390,249574770900000,249575,640,480
4391,249574810900000,249575,640,480
4392,249574850900000,249575,640,480
4393,249574890900000,249575,640,480
4394,249574930900000,249575,640,480
4395,249574970900000,249575,640,480
4396,249575011000000,249575,640,480
4397,249575051000000,249575,640,480
4398,249575091000000,249575,640,480
4399,249575131000000,249575,640,480
4400,249575171000000,249575,640,480
4401,249575211000000,249575,640,480
4402,249575251000000,249575,640,480
4403,249575291100000,249575,640,480
4404,249575331100000,249575,640,480
4405,249575371100000,249575,640,480
4406,249575411100000,249575,640,480
4407,249575451100000,249575,640,480
4408,249575491100000,249575,640,480
4409,249575531000000,249576,640,480
4410,249575571000000,249576,640,480
4411,249575611000000,249576,640,480
4412,249575651000000,249576,640,480
4413,249575691000000,249576,640,480
4414,249575731000000,249576,640,480
4415,249575771000000,249576,640,480
4416,249575811000000,249576,640,480
4417,249575851000000,249576,640,480
4418,249575891000000,249576,640,480
4419,249575931000000,249576,640,480
4420,249575971000000,249576,640,480
4421,249576011000000,249576,640,480
4422,249576050900000,249576,640,480
4423,249576090900000,249576,640,480
4424,249576130900000,249576,640,480
4425,249576170900000,249576,640,480
4426,249576210900000,249576,640,480
4427,249576250900000,249576,640,480
4428,249576290900000,249576,640,480
4429,249576330900000,249576,640,480
4430,249576370900000,249576,640,480
4431,249576410900000,249576,640,480
4432,249576450900000,249576,640,480
4433,249576490900000,249576,640,480
4434,249576530900000,249577,640,480
4435,249576571200000,249577,640,480
4436,249576611200000,249577,640,480
4437,249576651200000,249577,640,480
4438,249576691200000,249577,640,480
4439,249576731200000,249577,640,480
4440,249576771200000,249577,640,480
4441,249576811300000,249577,640,480
4442,249576851300000,249577,640,480
4443,249576891300000,249577,640,480
4444,249576931300000,249577,640,480
4445,249576971300000,249577,640,480
4446,249577011300000,249577,640,480
4447,249577051300000,249577,640,480
4448,249577091000000,249577,640,480
4449,249577131000000,249577,640,480
4450,249577171000000,249577,640,480
4451,249577211000000,249577,640,480
4452,249577251000000,249577,640,480
4453,249577291000000,249577,640,480
4454,249577331000000,249577,640,480
4455,249577371000000,249577,640,480
4456,249577411000000,249577,640,480
4457,249577451000000,249577,640,480
4458,249577491000000,249577,640,480
4459,249577531000000,249578,640,480
4460,249577571000000,249578,640,480
4461,249577610900000,249578,640,480
4462,249577650900000,249578,640,480
4463,249577690900000,249578,640,480
4464,249577730900000,249578,640,480
4465,249577770900000,249578,640,480
4466,249577810900000,249578,640,480
4467,249577850900000,249578,640,480
4468,249577890900000,249578,640,480
4469,249577930900000,249578,640,480
4470,249577970900000,249578,640,480
4471,249578010900000,249578,640,480
4472,249578050900000,249578,640,480
4473,249578091100000,249578,640,480
4474,249578131100000,249578,640,480
4475,249578171100000,249578,640,480
4476,249578211100000,249578,640,480
4477,249578251100000,249578,640,480
4478,249578291200000,249578,640,480
4479,249578331200000,249578,640,480
4480,249578371200000,249578,640,480
4481,249578411200000,249578,640,480
4482,249578451200000,249578,640,480
4483,249578491200000,249578,640,480
4484,249578531200000,249579,640,480
4485,249578571200000,249579,640,480
4486,249578611000000,249579,640,480
4487,249578651000000,249579,640,480
4488,249578691000000,249579,640,480
4489,249578731000000,249579,640,480
4490,249578771000000,249579,640,480
4491,249578811000000,249579,640,480
4492,249578851000000,249579,640,480
