host_time_ns,sdk_time_s,px,py,pz,qw,qx,qy,qz,status
236269532994850,236269.517030000,0.000000000,0.000000000,0.000000000,1.000000000,0.000000000,0.000000000,0.000000000,unstable
236269534997050,236269.517030000,0.000000000,0.000000000,0.000000000,1.000000000,0.000000000,0.000000000,0.000000000,unstable
236269536995850,236269.517030000,0.000000000,0.000000000,0.000000000,1.000000000,0.000000000,0.000000000,0.000000000,unstable
236269538992250,236269.517030000,0.000000000,0.000000000,0.000000000,1.000000000,0.000000000,0.000000000,0.000000000,unstable
236269541000000,236269.517030000,0.000000000,0.000000000,0.000000000,1.000000000,0.000000000,0.000000000,0.000000000,unstable
236269542994250,236269.517030000,0.000000000,0.000000000,0.000000000,1.000000000,0.000000000,0.000000000,0.000000000,unstable
236269544495850,236269.517030000,0.000000000,0.000000000,0.000000000,1.000000000,0.000000000,0.000000000,0.000000000,unstable
236269546509750,236269.517030000,0.000000000,0.000000000,0.000000000,1.000000000,0.000000000,0.000000000,0.000000000,unstable
236269548499400,236269.517030000,0.000000000,0.000000000,0.000000000,1.000000000,0.000000000,0.000000000,0.000000000,unstable
236269550510150,236269.517030000,0.000000000,0.000000000,0.000000000,1.000000000,0.000000000,0.000000000,0.000000000,unstable
236269552521300,236269.517030000,0.000000000,0.000000000,0.000000000,1.000000000,0.000000000,0.000000000,0.000000000,unstable
236269554507800,236269.517030000,0.000000000,0.000000000,0.000000000,1.000000000,0.000000000,0.000000000,0.000000000,unstable
236269556011500,236269.517030000,0.000000000,0.000000000,0.000000000,1.000000000,0.000000000,0.000000000,0.000000000,unstable
236269558009500,236269.517030000,0.000000000,0.000000000,0.000000000,1.000000000,0.000000000,0.000000000,0.000000000,unstable
236269560014450,236269.517030000,0.000000000,0.000000000,0.000000000,1.000000000,0.000000000,0.000000000,0.000000000,unstable
236269562010100,236269.517030000,0.000000000,0.000000000,0.000000000,1.000000000,0.000000000,0.000000000,0.000000000,unstable
236269564013950,236269.517030000,0.000000000,0.000000000,0.000000000,1.000000000,0.000000000,0.000000000,0.000000000,unstable
236269566015100,236269.517030000,0.000000000,0.000000000,0.000000000,1.000000000,0.000000000,0.000000000,0.000000000,unstable
236269568020100,236269.517030000,0.000000000,0.000000000,0.000000000,1.000000000,0.000000000,0.000000000,0.000000000,unstable
236269570014300,236269.517030000,0.000000000,0.000000000,0.000000000,1.000000000,0.000000000,0.000000000,0.000000000,unstable
236269572013850,236269.517030000,0.000000000,0.000000000,0.000000000,1.000000000,0.000000000,0.000000000,0.000000000,unstable
236269574039300,236269.517030000,0.000000000,0.000000000,0.000000000,1.000000000,0.000000000,0.000000000,0.000000000,unstable
236269576022700,236269.517030000,0.000000000,0.000000000,0.000000000,1.000000000,0.000000000,0.000000000,0.000000000,unstable
236269578013250,236269.517030000,0.000000000,0.000000000,0.000000000,1.000000000,0.000000000,0.000000000,0.000000000,unstable
236269580020100,236269.517030000,0.000000000,0.000000000,0.000000000,1.000000000,0.000000000,0.000000000,0.000000000,unstable
236269582029950,236269.517030000,0.000000000,0.000000000,0.000000000,1.000000000,0.000000000,0.000000000,0.000000000,unstable
236269584023600,236269.517030000,0.000000000,0.000000000,0.000000000,1.000000000,0.000000000,0.000000000,0.000000000,unstable
236269586025750,236269.517030000,0.000000000,0.000000000,0.000000000,1.000000000,0.000000000,0.000000000,0.000000000,unstable
236269588028500,236269.517030000,0.000000000,0.000000000,0.000000000,1.000000000,0.000000000,0.000000000,0.000000000,unstable
236269590015900,236269.517030000,0.000000000,0.000000000,0.000000000,1.000000000,0.000000000,0.000000000,0.000000000,unstable
236269592024650,236269.517030000,0.000000000,0.000000000,0.000000000,1.000000000,0.000000000,0.000000000,0.000000000,unstable
236269594054650,236269.517030000,0.000000000,0.000000000,0.000000000,1.000000000,0.000000000,0.000000000,0.000000000,unstable
236269595532700,236269.517030000,0.000000000,0.000000000,0.000000000,1.000000000,0.000000000,0.000000000,0.000000000,unstable
236269597540700,236269.517030000,0.000000000,0.000000000,0.000000000,1.000000000,0.000000000,0.000000000,0.000000000,unstable
236269599545000,236269.517030000,0.000000000,0.000000000,0.000000000,1.000000000,0.000000000,0.000000000,0.000000000,unstable
236269601540950,236269.517030000,0.000000000,0.000000000,0.000000000,1.000000000,0.000000000,0.000000000,0.000000000,unstable
236269603533800,236269.517030000,0.000000000,0.000000000,0.000000000,1.000000000,0.000000000,0.000000000,0.000000000,unstable
236269605526700,236269.517030000,0.000000000,0.000000000,0.000000000,1.000000000,0.000000000,0.000000000,0.000000000,unstable
236269607527000,236269.517030000,0.000000000,0.000000000,0.000000000,1.000000000,0.000000000,0.000000000,0.000000000,unstable
236269609532250,236269.517030000,0.000000000,0.000000000,0.000000000,1.000000000,0.000000000,0.000000000,0.000000000,unstable
236269611525050,236269.517030000,0.000000000,0.000000000,0.000000000,1.000000000,0.000000000,0.000000000,0.000000000,unstable
236269613524000,236269.517030000,0.000000000,0.000000000,0.000000000,1.000000000,0.000000000,0.000000000,0.000000000,unstable
236269615556050,236269.517030000,0.000000000,0.000000000,0.000000000,1.000000000,0.000000000,0.000000000,0.000000000,unstable
236269617538400,236269.517030000,0.000000000,0.000000000,0.000000000,1.000000000,0.000000000,0.000000000,0.000000000,unstable
236269619040500,236269.517030000,0.000000000,0.000000000,0.000000000,1.000000000,0.000000000,0.000000000,0.000000000,unstable
236269621044550,236269.517030000,0.000000000,0.000000000,0.000000000,1.000000000,0.000000000,0.000000000,0.000000000,unstable
236269623044650,236269.517030000,0.000000000,0.000000000,0.000000000,1.000000000,0.000000000,0.000000000,0.000000000,unstable
236269625044200,236269.517030000,0.000000000,0.000000000,0.000000000,1.000000000,0.000000000,0.000000000,0.000000000,unstable
236269627058400,236269.517030000,0.000000000,0.000000000,0.000000000,1.000000000,0.000000000,0.000000000,0.000000000,unstable
236269629047300,236269.517030000,0.000000000,0.000000000,0.000000000,1.000000000,0.000000000,0.000000000,0.000000000,unstable
236269631045150,236269.517030000,0.000000000,0.000000000,0.000000000,1.000000000,0.000000000,0.000000000,0.000000000,unstable
236269633052500,236269.517030000,0.000000000,0.000000000,0.000000000,1.000000000,0.000000000,0.000000000,0.000000000,unstable
236269635056800,236269.517030000,0.000000000,0.000000000,0.000000000,1.000000000,0.000000000,0.000000000,0.000000000,unstable
236269637050200,236269.517030000,0.000000000,0.000000000,0.000000000,1.000000000,0.000000000,0.000000000,0.000000000,unstable
236269639047800,236269.517030000,0.000000000,0.000000000,0.000000000,1.000000000,0.000000000,0.000000000,0.000000000,unstable
236269641051450,236269.517030000,0.000000000,0.000000000,0.000000000,1.000000000,0.000000000,0.000000000,0.000000000,unstable
236269643048900,236269.517030000,0.000000000,0.000000000,0.000000000,1.000000000,0.000000000,0.000000000,0.000000000,unstable
236269644547700,236269.517030000,0.000000000,0.000000000,0.000000000,1.000000000,0.000000000,0.000000000,0.000000000,unstable
236269646547400,236269.517030000,0.000000000,0.000000000,0.000000000,1.000000000,0.000000000,0.000000000,0.000000000,unstable
236269648552400,236269.517030000,0.000000000,0.000000000,0.000000000,1.000000000,0.000000000,0.000000000,0.000000000,unstable
236269650577300,236269.517030000,0.000000000,0.000000000,0.000000000,1.000000000,0.000000000,0.000000000,0.000000000,unstable
236269652556600,236269.517030000,0.000000000,0.000000000,0.000000000,1.000000000,0.000000000,0.000000000,0.000000000,unstable
236269654550750,236269.517030000,0.000000000,0.000000000,0.000000000,1.000000000,0.000000000,0.000000000,0.000000000,unstable
236269656564600,236269.517030000,0.000000000,0.000000000,0.000000000,1.000000000,0.000000000,0.000000000,0.000000000,unstable
236269658557600,236269.517030000,0.000000000,0.000000000,0.000000000,1.000000000,0.000000000,0.000000000,0.000000000,unstable
236269660550250,236269.517030000,0.000000000,0.000000000,0.000000000,1.000000000,0.000000000,0.000000000,0.000000000,unstable
236269662545600,236269.517030000,0.000000000,0.000000000,0.000000000,1.000000000,0.000000000,0.000000000,0.000000000,unstable
236269664584300,236269.517030000,0.000000000,0.000000000,0.000000000,1.000000000,0.000000000,0.000000000,0.000000000,unstable
236269666073450,236269.517030000,0.000000000,0.000000000,0.000000000,1.000000000,0.000000000,0.000000000,0.000000000,unstable
236269668079000,236269.517030000,0.000000000,0.000000000,0.000000000,1.000000000,0.000000000,0.000000000,0.000000000,unstable
236269670075300,236269.517030000,0.000000000,0.000000000,0.000000000,1.000000000,0.000000000,0.000000000,0.000000000,unstable
236269672075350,236269.517030000,0.000000000,0.000000000,0.000000000,1.000000000,0.000000000,0.000000000,0.000000000,unstable
236269674068750,236269.517030000,0.000000000,0.000000000,0.000000000,1.000000000,0.000000000,0.000000000,0.000000000,unstable
236269676075900,236269.517030000,0.000000000,0.000000000,0.000000000,1.000000000,0.000000000,0.000000000,0.000000000,unstable
236269678073200,236269.517030000,0.000000000,0.000000000,0.000000000,1.000000000,0.000000000,0.000000000,0.000000000,unstable
236269680077700,236269.517030000,0.000000000,0.000000000,0.000000000,1.000000000,0.000000000,0.000000000,0.000000000,unstable
236269682066600,236269.517030000,0.000000000,0.000000000,0.000000000,1.000000000,0.000000000,0.000000000,0.000000000,unstable
236269684075600,236269.517030000,0.000000000,0.000000000,0.000000000,1.000000000,0.000000000,0.000000000,0.000000000,unstable
236269686077350,236269.517030000,0.000000000,0.000000000,0.000000000,1.000000000,0.000000000,0.000000000,0.000000000,unstable
236269687147350,236269.517030000,0.000000000,0.000000000,0.000000000,1.000000000,0.000000000,0.000000000,0.000000000,unstable
236269689143350,236269.517030000,0.000000000,0.000000000,0.000000000,1.000000000,0.000000000,0.000000000,0.000000000,unstable
236269691140750,236269.517030000,0.000000000,0.000000000,0.000000000,1.000000000,0.000000000,0.000000000,0.000000000,unstable
236269693145900,236269.517030000,0.000000000,0.000000000,0.000000000,1.000000000,0.000000000,0.000000000,0.000000000,unstable
236269694645750,236269.517030000,0.000000000,0.000000000,0.000000000,1.000000000,0.000000000,0.000000000,0.000000000,unstable
236269696645650,236269.517030000,0.000000000,0.000000000,0.000000000,1.000000000,0.000000000,0.000000000,0.000000000,unstable
236269698644850,236269.517030000,0.000000000,0.000000000,0.000000000,1.000000000,0.000000000,0.000000000,0.000000000,unstable
236269700659000,236269.517030000,0.000000000,0.000000000,0.000000000,1.000000000,0.000000000,0.000000000,0.000000000,unstable
236269702656850,236269.517030000,0.000000000,0.000000000,0.000000000,1.000000000,0.000000000,0.000000000,0.000000000,unstable
236269704650900,236269.517030000,0.000000000,0.000000000,0.000000000,1.000000000,0.000000000,0.000000000,0.000000000,unstable
236269706659350,236269.517030000,0.000000000,0.000000000,0.000000000,1.000000000,0.000000000,0.000000000,0.000000000,unstable
236269708648050,236269.517030000,0.000000000,0.000000000,0.000000000,1.000000000,0.000000000,0.000000000,0.000000000,unstable
236269710652650,236269.517030000,0.000000000,0.000000000,0.000000000,1.000000000,0.000000000,0.000000000,0.000000000,unstable
236269713154500,236269.517030000,0.000000000,0.000000000,0.000000000,1.000000000,0.000000000,0.000000000,0.000000000,unstable
236269715161350,236269.517030000,0.000000000,0.000000000,0.000000000,1.000000000,0.000000000,0.000000000,0.000000000,unstable
236269717163950,236269.517030000,0.000000000,0.000000000,0.000000000,1.000000000,0.000000000,0.000000000,0.000000000,unstable
236269719166900,236269.517030000,0.000000000,0.000000000,0.000000000,1.000000000,0.000000000,0.000000000,0.000000000,unstable
236269721158150,236269.517030000,0.000000000,0.000000000,0.000000000,1.000000000,0.000000000,0.000000000,0.000000000,unstable
236269723162700,236269.517030000,0.000000000,0.000000000,0.000000000,1.000000000,0.000000000,0.000000000,0.000000000,unstable
236269725165900,236269.517030000,0.000000000,0.000000000,0.000000000,1.000000000,0.000000000,0.000000000,0.000000000,unstable
236269727169900,236269.517030000,0.000000000,0.000000000,0.000000000,1.000000000,0.000000000,0.000000000,0.000000000,unstable
236269729162500,236269.517030000,0.000000000,0.000000000,0.000000000,1.000000000,0.000000000,0.000000000,0.000000000,unstable
236269731168450,236269.517030000,0.000000000,0.000000000,0.000000000,1.000000000,0.000000000,0.000000000,0.000000000,unstable
236269733189800,236269.517030000,0.000000000,0.000000000,0.000000000,1.000000000,0.000000000,0.000000000,0.000000000,unstable
236269735171500,236269.517030000,0.000000000,0.000000000,0.000000000,1.000000000,0.000000000,0.000000000,0.000000000,unstable
236269737167250,236269.517030000,0.000000000,0.000000000,0.000000000,1.000000000,0.000000000,0.000000000,0.000000000,unstable
236269739164800,236269.517030000,0.000000000,0.000000000,0.000000000,1.000000000,0.000000000,0.000000000,0.000000000,unstable
236269741166350,236269.517030000,0.000000000,0.000000000,0.000000000,1.000000000,0.000000000,0.000000000,0.000000000,unstable
236269742664200,236269.517030000,0.000000000,0.000000000,0.000000000,1.000000000,0.000000000,0.000000000,0.000000000,unstable
236269744170600,236269.517030000,0.000000000,0.000000000,0.000000000,1.000000000,0.000000000,0.000000000,0.000000000,unstable
236269746177650,236269.517030000,0.000000000,0.000000000,0.000000000,1.000000000,0.000000000,0.000000000,0.000000000,unstable
236269748176800,236269.517030000,0.000000000,0.000000000,0.000000000,1.000000000,0.000000000,0.000000000,0.000000000,unstable
236269750192100,236269.517030000,0.000000000,0.000000000,0.000000000,1.000000000,0.000000000,0.000000000,0.000000000,unstable
236269751681600,236269.517030000,0.000000000,0.000000000,0.000000000,1.000000000,0.000000000,0.000000000,0.000000000,unstable
236269753316750,236269.517030000,0.000000000,0.000000000,0.000000000,1.000000000,0.000000000,0.000000000,0.000000000,unstable
236269755315050,236269.517030000,0.000000000,0.000000000,0.000000000,1.000000000,0.000000000,0.000000000,0.000000000,unstable
236269757310550,236269.517030000,0.000000000,0.000000000,0.000000000,1.000000000,0.000000000,0.000000000,0.000000000,unstable
236269759304500,236269.517030000,0.000000000,0.000000000,0.000000000,1.000000000,0.000000000,0.000000000,0.000000000,unstable
236269760818150,236269.517030000,0.000000000,0.000000000,0.000000000,1.000000000,0.000000000,0.000000000,0.000000000,unstable
236269762813700,236269.517030000,0.000000000,0.000000000,0.000000000,1.000000000,0.000000000,0.000000000,0.000000000,unstable
236269764819500,236269.517030000,0.000000000,0.000000000,0.000000000,1.000000000,0.000000000,0.000000000,0.000000000,unstable
236269766818600,236269.517030000,0.000000000,0.000000000,0.000000000,1.000000000,0.000000000,0.000000000,0.000000000,unstable
236269768820800,236269.517030000,0.000000000,0.000000000,0.000000000,1.000000000,0.000000000,0.000000000,0.000000000,unstable
236269770824350,236269.517030000,0.000000000,0.000000000,0.000000000,1.000000000,0.000000000,0.000000000,0.000000000,unstable
236269772818900,236269.517030000,0.000000000,0.000000000,0.000000000,1.000000000,0.000000000,0.000000000,0.000000000,unstable
236269774814350,236269.517030000,0.000000000,0.000000000,0.000000000,1.000000000,0.000000000,0.000000000,0.000000000,unstable
236269776827300,236269.517030000,0.000000000,0.000000000,0.000000000,1.000000000,0.000000000,0.000000000,0.000000000,unstable
236269778826800,236269.517030000,0.000000000,0.000000000,0.000000000,1.000000000,0.000000000,0.000000000,0.000000000,unstable
236269780818950,236269.517030000,0.000000000,0.000000000,0.000000000,1.000000000,0.000000000,0.000000000,0.000000000,unstable
236269782841650,236269.517030000,0.000000000,0.000000000,0.000000000,1.000000000,0.000000000,0.000000000,0.000000000,unstable
236269784827800,236269.517030000,0.000000000,0.000000000,0.000000000,1.000000000,0.000000000,0.000000000,0.000000000,unstable
236269786824900,236269.517030000,0.000000000,0.000000000,0.000000000,1.000000000,0.000000000,0.000000000,0.000000000,unstable
236269788826600,236269.517030000,0.000000000,0.000000000,0.000000000,1.000000000,0.000000000,0.000000000,0.000000000,unstable
236269791331900,236269.517030000,0.000000000,0.000000000,0.000000000,1.000000000,0.000000000,0.000000000,0.000000000,unstable
236269793329350,236269.517030000,0.000000000,0.000000000,0.000000000,1.000000000,0.000000000,0.000000000,0.000000000,unstable
236269794845050,236269.517030000,0.000000000,0.000000000,0.000000000,1.000000000,0.000000000,0.000000000,0.000000000,unstable
236269796841400,236269.517030000,0.000000000,0.000000000,0.000000000,1.000000000,0.000000000,0.000000000,0.000000000,unstable
236269798883700,236269.517030000,0.000000000,0.000000000,0.000000000,1.000000000,0.000000000,0.000000000,0.000000000,unstable
236269800854300,236269.517030000,0.000000000,0.000000000,0.000000000,1.000000000,0.000000000,0.000000000,0.000000000,unstable
236269802847850,236269.517030000,0.000000000,0.000000000,0.000000000,1.000000000,0.000000000,0.000000000,0.000000000,unstable
236269804847600,236269.517030000,0.000000000,0.000000000,0.000000000,1.000000000,0.000000000,0.000000000,0.000000000,unstable
236269807345750,236269.517030000,0.000000000,0.000000000,0.000000000,1.000000000,0.000000000,0.000000000,0.000000000,unstable
236269809354950,236269.517030000,0.000000000,0.000000000,0.000000000,1.000000000,0.000000000,0.000000000,0.000000000,unstable
236269811356350,236269.517030000,0.000000000,0.000000000,0.000000000,1.000000000,0.000000000,0.000000000,0.000000000,unstable
236269813355750,236269.517030000,0.000000000,0.000000000,0.000000000,1.000000000,0.000000000,0.000000000,0.000000000,unstable
236269815355650,236269.517030000,0.000000000,0.000000000,0.000000000,1.000000000,0.000000000,0.000000000,0.000000000,unstable
236269817362900,236269.517030000,0.000000000,0.000000000,0.000000000,1.000000000,0.000000000,0.000000000,0.000000000,unstable
236269819346150,236269.517030000,0.000000000,0.000000000,0.000000000,1.000000000,0.000000000,0.000000000,0.000000000,unstable
236269821374450,236269.517030000,0.000000000,0.000000000,0.000000000,1.000000000,0.000000000,0.000000000,0.000000000,unstable
236269823359100,236269.517030000,0.000000000,0.000000000,0.000000000,1.000000000,0.000000000,0.000000000,0.000000000,unstable
236269825354950,236269.517030000,0.000000000,0.000000000,0.000000000,1.000000000,0.000000000,0.000000000,0.000000000,unstable
236269827357000,236269.517030000,0.000000000,0.000000000,0.000000000,1.000000000,0.000000000,0.000000000,0.000000000,unstable
236269828870200,236269.517030000,0.000000000,0.000000000,0.000000000,1.000000000,0.000000000,0.000000000,0.000000000,unstable
236269830869950,236269.517030000,0.000000000,0.000000000,0.000000000,1.000000000,0.000000000,0.000000000,0.000000000,unstable
236269832865550,236269.517030000,0.000000000,0.000000000,0.000000000,1.000000000,0.000000000,0.000000000,0.000000000,unstable
236269834863500,236269.517030000,0.000000000,0.000000000,0.000000000,1.000000000,0.000000000,0.000000000,0.000000000,unstable
236269836872700,236269.517030000,0.000000000,0.000000000,0.000000000,1.000000000,0.000000000,0.000000000,0.000000000,unstable
236269838873150,236269.517030000,0.000000000,0.000000000,0.000000000,1.000000000,0.000000000,0.000000000,0.000000000,unstable
236269840884750,236269.517030000,0.000000000,0.000000000,0.000000000,1.000000000,0.000000000,0.000000000,0.000000000,unstable
236269842865650,236269.517030000,0.000000000,0.000000000,0.000000000,1.000000000,0.000000000,0.000000000,0.000000000,unstable
236269844373250,236269.517030000,0.000000000,0.000000000,0.000000000,1.000000000,0.000000000,0.000000000,0.000000000,unstable
236269846383150,236269.517030000,0.000000000,0.000000000,0.000000000,1.000000000,0.000000000,0.000000000,0.000000000,unstable
236269848378550,236269.517030000,0.000000000,0.000000000,0.000000000,1.000000000,0.000000000,0.000000000,0.000000000,unstable
236269850379800,236269.517030000,0.000000000,0.000000000,0.000000000,1.000000000,0.000000000,0.000000000,0.000000000,unstable
236269852376700,236269.517030000,0.000000000,0.000000000,0.000000000,1.000000000,0.000000000,0.000000000,0.000000000,unstable
236269854374700,236269.517030000,0.000000000,0.000000000,0.000000000,1.000000000,0.000000000,0.000000000,0.000000000,unstable
236269856380600,236269.517030000,0.000000000,0.000000000,0.000000000,1.000000000,0.000000000,0.000000000,0.000000000,unstable
236269858371850,236269.517030000,0.000000000,0.000000000,0.000000000,1.000000000,0.000000000,0.000000000,0.000000000,unstable
236269860380350,236269.517030000,0.000000000,0.000000000,0.000000000,1.000000000,0.000000000,0.000000000,0.000000000,unstable
236269862372700,236269.517030000,0.000000000,0.000000000,0.000000000,1.000000000,0.000000000,0.000000000,0.000000000,unstable
236269864379900,236269.517030000,0.000000000,0.000000000,0.000000000,1.000000000,0.000000000,0.000000000,0.000000000,unstable
236269866375000,236269.517030000,0.000000000,0.000000000,0.000000000,1.000000000,0.000000000,0.000000000,0.000000000,unstable
236269868889650,236269.517030000,0.000000000,0.000000000,0.000000000,1.000000000,0.000000000,0.000000000,0.000000000,unstable
236269870886400,236269.517030000,0.000000000,0.000000000,0.000000000,1.000000000,0.000000000,0.000000000,0.000000000,unstable
236269872884200,236269.517030000,0.000000000,0.000000000,0.000000000,1.000000000,0.000000000,0.000000000,0.000000000,unstable
236269874892900,236269.517030000,0.000000000,0.000000000,0.000000000,1.000000000,0.000000000,0.000000000,0.000000000,unstable
236269876884550,236269.517030000,0.000000000,0.000000000,0.000000000,1.000000000,0.000000000,0.000000000,0.000000000,unstable
236269878889250,236269.517030000,0.000000000,0.000000000,0.000000000,1.000000000,0.000000000,0.000000000,0.000000000,unstable
236269880394300,236269.517030000,0.000000000,0.000000000,0.000000000,1.000000000,0.000000000,0.000000000,0.000000000,unstable
236269882392250,236269.517030000,0.000000000,0.000000000,0.000000000,1.000000000,0.000000000,0.000000000,0.000000000,unstable
236269884421100,236269.517030000,0.000000000,0.000000000,0.000000000,1.000000000,0.000000000,0.000000000,0.000000000,unstable
236269886393650,236269.517030000,0.000000000,0.000000000,0.000000000,1.000000000,0.000000000,0.000000000,0.000000000,unstable
236269888386150,236269.517030000,0.000000000,0.000000000,0.000000000,1.000000000,0.000000000,0.000000000,0.000000000,unstable
236269890391100,236269.517030000,0.000000000,0.000000000,0.000000000,1.000000000,0.000000000,0.000000000,0.000000000,unstable
236269892404950,236269.517030000,0.000000000,0.000000000,0.000000000,1.000000000,0.000000000,0.000000000,0.000000000,unstable
236269893900050,236269.517030000,0.000000000,0.000000000,0.000000000,1.000000000,0.000000000,0.000000000,0.000000000,unstable
236269895896550,236269.517030000,0.000000000,0.000000000,0.000000000,1.000000000,0.000000000,0.000000000,0.000000000,unstable
236269897907450,236269.517030000,0.000000000,0.000000000,0.000000000,1.000000000,0.000000000,0.000000000,0.000000000,unstable
236269899935350,236269.517030000,0.000000000,0.000000000,0.000000000,1.000000000,0.000000000,0.000000000,0.000000000,unstable
236269901901600,236269.517030000,0.000000000,0.000000000,0.000000000,1.000000000,0.000000000,0.000000000,0.000000000,unstable
236269903895150,236269.517030000,0.000000000,0.000000000,0.000000000,1.000000000,0.000000000,0.000000000,0.000000000,unstable
236269905921250,236269.517030000,0.000000000,0.000000000,0.000000000,1.000000000,0.000000000,0.000000000,0.000000000,unstable
236269907904650,236269.517030000,0.000000000,0.000000000,0.000000000,1.000000000,0.000000000,0.000000000,0.000000000,unstable
236269909899550,236269.517030000,0.000000000,0.000000000,0.000000000,1.000000000,0.000000000,0.000000000,0.000000000,unstable
236269911926400,236269.517030000,0.000000000,0.000000000,0.000000000,1.000000000,0.000000000,0.000000000,0.000000000,unstable
236269913902800,236269.517030000,0.000000000,0.000000000,0.000000000,1.000000000,0.000000000,0.000000000,0.000000000,unstable
236269915407200,236269.517030000,0.000000000,0.000000000,0.000000000,1.000000000,0.000000000,0.000000000,0.000000000,unstable
236269917409100,236269.517030000,0.000000000,0.000000000,0.000000000,1.000000000,0.000000000,0.000000000,0.000000000,unstable
236269919430050,236269.517030000,0.000000000,0.000000000,0.000000000,1.000000000,0.000000000,0.000000000,0.000000000,unstable
236269921422000,236269.517030000,0.000000000,0.000000000,0.000000000,1.000000000,0.000000000,0.000000000,0.000000000,unstable
236269923415200,236269.517030000,0.000000000,0.000000000,0.000000000,1.000000000,0.000000000,0.000000000,0.000000000,unstable
236269925415750,236269.517030000,0.000000000,0.000000000,0.000000000,1.000000000,0.000000000,0.000000000,0.000000000,unstable
236269927413350,236269.517030000,0.000000000,0.000000000,0.000000000,1.000000000,0.000000000,0.000000000,0.000000000,unstable
236269929417950,236269.517030000,0.000000000,0.000000000,0.000000000,1.000000000,0.000000000,0.000000000,0.000000000,unstable
236269931417800,236269.517030000,0.000000000,0.000000000,0.000000000,1.000000000,0.000000000,0.000000000,0.000000000,unstable
236269933420300,236269.517030000,0.000000000,0.000000000,0.000000000,1.000000000,0.000000000,0.000000000,0.000000000,unstable
236269935412750,236269.517030000,0.000000000,0.000000000,0.000000000,1.000000000,0.000000000,0.000000000,0.000000000,unstable
236269937422050,236269.517030000,0.000000000,0.000000000,0.000000000,1.000000000,0.000000000,0.000000000,0.000000000,unstable
236269939410650,236269.517030000,0.000000000,0.000000000,0.000000000,1.000000000,0.000000000,0.000000000,0.000000000,unstable
236269941410800,236269.517030000,0.000000000,0.000000000,0.000000000,1.000000000,0.000000000,0.000000000,0.000000000,unstable
236269943921700,236269.517030000,0.000000000,0.000000000,0.000000000,1.000000000,0.000000000,0.000000000,0.000000000,unstable
236269945434750,236269.517030000,0.000000000,0.000000000,0.000000000,1.000000000,0.000000000,0.000000000,0.000000000,unstable
236269947434300,236269.517030000,0.000000000,0.000000000,0.000000000,1.000000000,0.000000000,0.000000000,0.000000000,unstable
236269949434500,236269.517030000,0.000000000,0.000000000,0.000000000,1.000000000,0.000000000,0.000000000,0.000000000,unstable
236269951438150,236269.517030000,0.000000000,0.000000000,0.000000000,1.000000000,0.000000000,0.000000000,0.000000000,unstable
236269953439800,236269.517030000,0.000000000,0.000000000,0.000000000,1.000000000,0.000000000,0.000000000,0.000000000,unstable
236269955443400,236269.517030000,0.000000000,0.000000000,0.000000000,1.000000000,0.000000000,0.000000000,0.000000000,unstable
236269957444900,236269.517030000,0.000000000,0.000000000,0.000000000,1.000000000,0.000000000,0.000000000,0.000000000,unstable
236269959440300,236269.517030000,0.000000000,0.000000000,0.000000000,1.000000000,0.000000000,0.000000000,0.000000000,unstable
236269961941800,236269.517030000,0.000000000,0.000000000,0.000000000,1.000000000,0.000000000,0.000000000,0.000000000,unstable
236269963971750,236269.517030000,0.000000000,0.000000000,0.000000000,1.000000000,0.000000000,0.000000000,0.000000000,unstable
236269965967900,236269.517030000,0.000000000,0.000000000,0.000000000,1.000000000,0.000000000,0.000000000,0.000000000,unstable
236269967944500,236269.517030000,0.000000000,0.000000000,0.000000000,1.000000000,0.000000000,0.000000000,0.000000000,unstable
236269969940700,236269.517030000,0.000000000,0.000000000,0.000000000,1.000000000,0.000000000,0.000000000,0.000000000,unstable
236269971941650,236269.517030000,0.000000000,0.000000000,0.000000000,1.000000000,0.000000000,0.000000000,0.000000000,unstable
236269973945800,236269.517030000,0.000000000,0.000000000,0.000000000,1.000000000,0.000000000,0.000000000,0.000000000,unstable
236269975945950,236269.517030000,0.000000000,0.000000000,0.000000000,1.000000000,0.000000000,0.000000000,0.000000000,unstable
236269977949400,236269.517030000,0.000000000,0.000000000,0.000000000,1.000000000,0.000000000,0.000000000,0.000000000,unstable
236269979952050,236269.517030000,0.000000000,0.000000000,0.000000000,1.000000000,0.000000000,0.000000000,0.000000000,unstable
236269981951100,236269.517030000,0.000000000,0.000000000,0.000000000,1.000000000,0.000000000,0.000000000,0.000000000,unstable
236269983951800,236269.517030000,0.000000000,0.000000000,0.000000000,1.000000000,0.000000000,0.000000000,0.000000000,unstable
236269985964300,236269.517030000,0.000000000,0.000000000,0.000000000,1.000000000,0.000000000,0.000000000,0.000000000,unstable
236269987954400,236269.517030000,0.000000000,0.000000000,0.000000000,1.000000000,0.000000000,0.000000000,0.000000000,unstable
236269989952550,236269.517030000,0.000000000,0.000000000,0.000000000,1.000000000,0.000000000,0.000000000,0.000000000,unstable
236269990956300,236269.517030000,0.000000000,0.000000000,0.000000000,1.000000000,0.000000000,0.000000000,0.000000000,unstable
236269992964650,236269.517030000,0.000000000,0.000000000,0.000000000,1.000000000,0.000000000,0.000000000,0.000000000,unstable
236269994454050,236269.517030000,0.000000000,0.000000000,0.000000000,1.000000000,0.000000000,0.000000000,0.000000000,unstable
236269996453250,236269.517030000,0.000000000,0.000000000,0.000000000,1.000000000,0.000000000,0.000000000,0.000000000,unstable
236269998457050,236269.517030000,0.000000000,0.000000000,0.000000000,1.000000000,0.000000000,0.000000000,0.000000000,unstable
236270000463550,236269.517030000,0.000000000,0.000000000,0.000000000,1.000000000,0.000000000,0.000000000,0.000000000,unstable
236270002451250,236269.517030000,0.000000000,0.000000000,0.000000000,1.000000000,0.000000000,0.000000000,0.000000000,unstable
236270004465500,236269.517030000,0.000000000,0.000000000,0.000000000,1.000000000,0.000000000,0.000000000,0.000000000,unstable
236270006455950,236269.517030000,0.000000000,0.000000000,0.000000000,1.000000000,0.000000000,0.000000000,0.000000000,unstable
236270008965500,236269.517030000,0.000000000,0.000000000,0.000000000,1.000000000,0.000000000,0.000000000,0.000000000,unstable
236270010968800,236269.517030000,0.000000000,0.000000000,0.000000000,1.000000000,0.000000000,0.000000000,0.000000000,unstable
236270012971700,236269.517030000,0.000000000,0.000000000,0.000000000,1.000000000,0.000000000,0.000000000,0.000000000,unstable
236270014974700,236269.517030000,0.000000000,0.000000000,0.000000000,1.000000000,0.000000000,0.000000000,0.000000000,unstable
236270016969400,236269.517030000,0.000000000,0.000000000,0.000000000,1.000000000,0.000000000,0.000000000,0.000000000,unstable
236270018970350,236269.517030000,0.000000000,0.000000000,0.000000000,1.000000000,0.000000000,0.000000000,0.000000000,unstable
236270021055050,236269.517030000,0.000000000,0.000000000,0.000000000,1.000000000,0.000000000,0.000000000,0.000000000,unstable
236270022959550,236269.517030000,0.000000000,0.000000000,0.000000000,1.000000000,0.000000000,0.000000000,0.000000000,unstable
236270024960400,236269.517030000,0.000000000,0.000000000,0.000000000,1.000000000,0.000000000,0.000000000,0.000000000,unstable
236270026961650,236269.517030000,0.000000000,0.000000000,0.000000000,1.000000000,0.000000000,0.000000000,0.000000000,unstable
236270028962550,236269.517030000,0.000000000,0.000000000,0.000000000,1.000000000,0.000000000,0.000000000,0.000000000,unstable
236270030966800,236269.517030000,0.000000000,0.000000000,0.000000000,1.000000000,0.000000000,0.000000000,0.000000000,unstable
236270032969000,236269.517030000,0.000000000,0.000000000,0.000000000,1.000000000,0.000000000,0.000000000,0.000000000,unstable
236270034963700,236269.517030000,0.000000000,0.000000000,0.000000000,1.000000000,0.000000000,0.000000000,0.000000000,unstable
236270036965100,236269.517030000,0.000000000,0.000000000,0.000000000,1.000000000,0.000000000,0.000000000,0.000000000,unstable
236270038980700,236269.517030000,0.000000000,0.000000000,0.000000000,1.000000000,0.000000000,0.000000000,0.000000000,unstable
236270040971500,236269.517030000,0.000000000,0.000000000,0.000000000,1.000000000,0.000000000,0.000000000,0.000000000,unstable
236270042972300,236269.517030000,0.000000000,0.000000000,0.000000000,1.000000000,0.000000000,0.000000000,0.000000000,unstable
236270044472050,236269.517030000,0.000000000,0.000000000,0.000000000,1.000000000,0.000000000,0.000000000,0.000000000,unstable
236270046488300,236269.517030000,0.000000000,0.000000000,0.000000000,1.000000000,0.000000000,0.000000000,0.000000000,unstable
236270048480350,236269.517030000,0.000000000,0.000000000,0.000000000,1.000000000,0.000000000,0.000000000,0.000000000,unstable
236270049965500,236269.517030000,0.000000000,0.000000000,0.000000000,1.000000000,0.000000000,0.000000000,0.000000000,unstable
236270051489150,236269.517030000,0.000000000,0.000000000,0.000000000,1.000000000,0.000000000,0.000000000,0.000000000,unstable
236270053013350,236269.517030000,0.000000000,0.000000000,0.000000000,1.000000000,0.000000000,0.000000000,0.000000000,unstable
236270054548300,236269.517030000,0.000000000,0.000000000,0.000000000,1.000000000,0.000000000,0.000000000,0.000000000,unstable
236270056059750,236269.517030000,0.000000000,0.000000000,0.000000000,1.000000000,0.000000000,0.000000000,0.000000000,unstable
236270058061950,236269.517030000,0.000000000,0.000000000,0.000000000,1.000000000,0.000000000,0.000000000,0.000000000,unstable
236270060062000,236269.517030000,0.000000000,0.000000000,0.000000000,1.000000000,0.000000000,0.000000000,0.000000000,unstable
236270061221800,236269.517030000,0.000000000,0.000000000,0.000000000,1.000000000,0.000000000,0.000000000,0.000000000,unstable
236270063062100,236269.517030000,0.000000000,0.000000000,0.000000000,1.000000000,0.000000000,0.000000000,0.000000000,unstable
236270065056050,236269.517030000,0.000000000,0.000000000,0.000000000,1.000000000,0.000000000,0.000000000,0.000000000,unstable
236270067055500,236269.517030000,0.000000000,0.000000000,0.000000000,1.000000000,0.000000000,0.000000000,0.000000000,unstable
236270069054750,236269.517030000,0.000000000,0.000000000,0.000000000,1.000000000,0.000000000,0.000000000,0.000000000,unstable
236270071057650,236269.517030000,0.000000000,0.000000000,0.000000000,1.000000000,0.000000000,0.000000000,0.000000000,unstable
236270073059850,236269.517030000,0.000000000,0.000000000,0.000000000,1.000000000,0.000000000,0.000000000,0.000000000,unstable
236270075056050,236269.517030000,0.000000000,0.000000000,0.000000000,1.000000000,0.000000000,0.000000000,0.000000000,unstable
236270077061800,236269.517030000,0.000000000,0.000000000,0.000000000,1.000000000,0.000000000,0.000000000,0.000000000,unstable
236270079059250,236269.517030000,0.000000000,0.000000000,0.000000000,1.000000000,0.000000000,0.000000000,0.000000000,unstable
236270081066550,236269.517030000,0.000000000,0.000000000,0.000000000,1.000000000,0.000000000,0.000000000,0.000000000,unstable
236270083059000,236269.517030000,0.000000000,0.000000000,0.000000000,1.000000000,0.000000000,0.000000000,0.000000000,unstable
236270085065450,236269.517030000,0.000000000,0.000000000,0.000000000,1.000000000,0.000000000,0.000000000,0.000000000,unstable
236270087061500,236269.517030000,0.000000000,0.000000000,0.000000000,1.000000000,0.000000000,0.000000000,0.000000000,unstable
236270089059500,236269.517030000,0.000000000,0.000000000,0.000000000,1.000000000,0.000000000,0.000000000,0.000000000,unstable
236270091065900,236269.517030000,0.000000000,0.000000000,0.000000000,1.000000000,0.000000000,0.000000000,0.000000000,unstable
236270093057500,236269.517030000,0.000000000,0.000000000,0.000000000,1.000000000,0.000000000,0.000000000,0.000000000,unstable
236270094576400,236269.517030000,0.000000000,0.000000000,0.000000000,1.000000000,0.000000000,0.000000000,0.000000000,unstable
236270096573650,236269.517030000,0.000000000,0.000000000,0.000000000,1.000000000,0.000000000,0.000000000,0.000000000,unstable
236270098569500,236269.517030000,0.000000000,0.000000000,0.000000000,1.000000000,0.000000000,0.000000000,0.000000000,unstable
236270100565550,236269.517030000,0.000000000,0.000000000,0.000000000,1.000000000,0.000000000,0.000000000,0.000000000,unstable
236270102568900,236269.517030000,0.000000000,0.000000000,0.000000000,1.000000000,0.000000000,0.000000000,0.000000000,unstable
236270104572700,236269.517030000,0.000000000,0.000000000,0.000000000,1.000000000,0.000000000,0.000000000,0.000000000,unstable
236270106574300,236269.517030000,0.000000000,0.000000000,0.000000000,1.000000000,0.000000000,0.000000000,0.000000000,unstable
236270108573800,236269.517030000,0.000000000,0.000000000,0.000000000,1.000000000,0.000000000,0.000000000,0.000000000,unstable
236270110638150,236269.517030000,0.000000000,0.000000000,0.000000000,1.000000000,0.000000000,0.000000000,0.000000000,unstable
236270112571250,236269.517030000,0.000000000,0.000000000,0.000000000,1.000000000,0.000000000,0.000000000,0.000000000,unstable
236270114569450,236269.517030000,0.000000000,0.000000000,0.000000000,1.000000000,0.000000000,0.000000000,0.000000000,unstable
236270116566700,236269.517030000,0.000000000,0.000000000,0.000000000,1.000000000,0.000000000,0.000000000,0.000000000,unstable
236270119078350,236269.517030000,0.000000000,0.000000000,0.000000000,1.000000000,0.000000000,0.000000000,0.000000000,unstable
236270121082500,236269.517030000,0.000000000,0.000000000,0.000000000,1.000000000,0.000000000,0.000000000,0.000000000,unstable
236270123082300,236269.517030000,0.000000000,0.000000000,0.000000000,1.000000000,0.000000000,0.000000000,0.000000000,unstable
236270125088500,236269.517030000,0.000000000,0.000000000,0.000000000,1.000000000,0.000000000,0.000000000,0.000000000,unstable
236270127085450,236269.517030000,0.000000000,0.000000000,0.000000000,1.000000000,0.000000000,0.000000000,0.000000000,unstable
236270129089200,236269.517030000,0.000000000,0.000000000,0.000000000,1.000000000,0.000000000,0.000000000,0.000000000,unstable
236270130103600,236269.517030000,0.000000000,0.000000000,0.000000000,1.000000000,0.000000000,0.000000000,0.000000000,unstable
236270132101500,236269.517030000,0.000000000,0.000000000,0.000000000,1.000000000,0.000000000,0.000000000,0.000000000,unstable
236270134101250,236269.517030000,0.000000000,0.000000000,0.000000000,1.000000000,0.000000000,0.000000000,0.000000000,unstable
236270136104050,236269.517030000,0.000000000,0.000000000,0.000000000,1.000000000,0.000000000,0.000000000,0.000000000,unstable
236270138102650,236269.517030000,0.000000000,0.000000000,0.000000000,1.000000000,0.000000000,0.000000000,0.000000000,unstable
236270140103600,236269.517030000,0.000000000,0.000000000,0.000000000,1.000000000,0.000000000,0.000000000,0.000000000,unstable
236270142103700,236269.517030000,0.000000000,0.000000000,0.000000000,1.000000000,0.000000000,0.000000000,0.000000000,unstable
236270144101800,236269.517030000,0.000000000,0.000000000,0.000000000,1.000000000,0.000000000,0.000000000,0.000000000,unstable
236270145619650,236269.517030000,0.000000000,0.000000000,0.000000000,1.000000000,0.000000000,0.000000000,0.000000000,unstable
236270147619350,236269.517030000,0.000000000,0.000000000,0.000000000,1.000000000,0.000000000,0.000000000,0.000000000,unstable
236270149615300,236269.517030000,0.000000000,0.000000000,0.000000000,1.000000000,0.000000000,0.000000000,0.000000000,unstable
236270151612400,236269.517030000,0.000000000,0.000000000,0.000000000,1.000000000,0.000000000,0.000000000,0.000000000,unstable
236270153613700,236269.517030000,0.000000000,0.000000000,0.000000000,1.000000000,0.000000000,0.000000000,0.000000000,unstable
236270155613550,236269.517030000,0.000000000,0.000000000,0.000000000,1.000000000,0.000000000,0.000000000,0.000000000,unstable
236270157615250,236269.517030000,0.000000000,0.000000000,0.000000000,1.000000000,0.000000000,0.000000000,0.000000000,unstable
236270159609700,236269.517030000,0.000000000,0.000000000,0.000000000,1.000000000,0.000000000,0.000000000,0.000000000,unstable
236270161610400,236269.517030000,0.000000000,0.000000000,0.000000000,1.000000000,0.000000000,0.000000000,0.000000000,unstable
236270163609850,236269.517030000,0.000000000,0.000000000,0.000000000,1.000000000,0.000000000,0.000000000,0.000000000,unstable
236270166117550,236269.517030000,0.000000000,0.000000000,0.000000000,1.000000000,0.000000000,0.000000000,0.000000000,unstable
236270168129850,236269.517030000,0.000000000,0.000000000,0.000000000,1.000000000,0.000000000,0.000000000,0.000000000,unstable
236270170125800,236269.517030000,0.000000000,0.000000000,0.000000000,1.000000000,0.000000000,0.000000000,0.000000000,unstable
236270172117700,236269.517030000,0.000000000,0.000000000,0.000000000,1.000000000,0.000000000,0.000000000,0.000000000,unstable
236270174118400,236269.517030000,0.000000000,0.000000000,0.000000000,1.000000000,0.000000000,0.000000000,0.000000000,unstable
236270176117650,236269.517030000,0.000000000,0.000000000,0.000000000,1.000000000,0.000000000,0.000000000,0.000000000,unstable
236270178118400,236269.517030000,0.000000000,0.000000000,0.000000000,1.000000000,0.000000000,0.000000000,0.000000000,unstable
236270180113500,236269.517030000,0.000000000,0.000000000,0.000000000,1.000000000,0.000000000,0.000000000,0.000000000,unstable
236270182121950,236269.517030000,0.000000000,0.000000000,0.000000000,1.000000000,0.000000000,0.000000000,0.000000000,unstable
236270184122550,236269.517030000,0.000000000,0.000000000,0.000000000,1.000000000,0.000000000,0.000000000,0.000000000,unstable
236270186078500,236269.517030000,0.000000000,0.000000000,0.000000000,1.000000000,0.000000000,0.000000000,0.000000000,unstable
236270188087150,236269.517030000,0.000000000,0.000000000,0.000000000,1.000000000,0.000000000,0.000000000,0.000000000,unstable
236270190063200,236269.517030000,0.000000000,0.000000000,0.000000000,1.000000000,0.000000000,0.000000000,0.000000000,unstable
236270192107650,236269.517030000,0.000000000,0.000000000,0.000000000,1.000000000,0.000000000,0.000000000,0.000000000,unstable
236270202753350,236269.517030000,0.000000000,0.000000000,0.000000000,1.000000000,0.000000000,0.000000000,0.000000000,unstable
236270218191050,236269.517030000,0.000000000,0.000000000,0.000000000,1.000000000,0.000000000,0.000000000,0.000000000,unstable
236270233217350,236269.517030000,0.000000000,0.000000000,0.000000000,1.000000000,0.000000000,0.000000000,0.000000000,unstable
236270248689250,236269.517030000,0.000000000,0.000000000,0.000000000,1.000000000,0.000000000,0.000000000,0.000000000,unstable
236270264174950,236269.517030000,0.000000000,0.000000000,0.000000000,1.000000000,0.000000000,0.000000000,0.000000000,unstable
236270279260000,236269.517030000,0.000000000,0.000000000,0.000000000,1.000000000,0.000000000,0.000000000,0.000000000,unstable
236270295278900,236269.517030000,0.000000000,0.000000000,0.000000000,1.000000000,0.000000000,0.000000000,0.000000000,unstable
236270310720000,236269.517030000,0.000000000,0.000000000,0.000000000,1.000000000,0.000000000,0.000000000,0.000000000,unstable
236270326799150,236269.517030000,0.000000000,0.000000000,0.000000000,1.000000000,0.000000000,0.000000000,0.000000000,unstable
236270342778500,236269.517030000,0.000000000,0.000000000,0.000000000,1.000000000,0.000000000,0.000000000,0.000000000,unstable
236270357727000,236269.517030000,0.000000000,0.000000000,0.000000000,1.000000000,0.000000000,0.000000000,0.000000000,unstable
236270373255550,236269.517030000,0.000000000,0.000000000,0.000000000,1.000000000,0.000000000,0.000000000,0.000000000,unstable
236270388774850,236269.517030000,0.000000000,0.000000000,0.000000000,1.000000000,0.000000000,0.000000000,0.000000000,unstable
236270404275700,236269.517030000,0.000000000,0.000000000,0.000000000,1.000000000,0.000000000,0.000000000,0.000000000,unstable
236270419770050,236269.517030000,0.000000000,0.000000000,0.000000000,1.000000000,0.000000000,0.000000000,0.000000000,unstable
236270435778150,236269.517030000,0.000000000,0.000000000,0.000000000,1.000000000,0.000000000,0.000000000,0.000000000,unstable
236270450842450,236269.517030000,0.000000000,0.000000000,0.000000000,1.000000000,0.000000000,0.000000000,0.000000000,unstable
236270466355550,236269.517030000,0.000000000,0.000000000,0.000000000,1.000000000,0.000000000,0.000000000,0.000000000,unstable
236270482366300,236269.517030000,0.000000000,0.000000000,0.000000000,1.000000000,0.000000000,0.000000000,0.000000000,unstable
236270497822700,236269.517030000,0.000000000,0.000000000,0.000000000,1.000000000,0.000000000,0.000000000,0.000000000,unstable
236270513401600,236269.517030000,0.000000000,0.000000000,0.000000000,1.000000000,0.000000000,0.000000000,0.000000000,unstable
236270529837200,236269.517030000,0.000000000,0.000000000,0.000000000,1.000000000,0.000000000,0.000000000,0.000000000,unstable
236270544122200,236270.543400000,-0.112623744,-0.108694121,-0.082471095,0.912653898,-0.119538184,0.050746518,-0.387554222,stable
236270559398250,236270.558400000,-0.112614140,-0.108695455,-0.082482450,0.912667347,-0.119506785,0.050728420,-0.387534603,stable
236270575300350,236270.574400000,-0.112628847,-0.108689733,-0.082469910,0.912644599,-0.119541284,0.050748742,-0.387574875,stable
236270591314350,236270.590400000,-0.112649135,-0.108692929,-0.082437985,0.912618254,-0.119631823,0.050794269,-0.387603008,stable
236270606914050,236270.606400000,-0.112652645,-0.108703054,-0.082419842,0.912617416,-0.119685363,0.050815163,-0.387585713,stable
236270622409250,236270.621400000,-0.112619415,-0.108709656,-0.082456522,0.912665736,-0.119583138,0.050758739,-0.387510875,stable
236270638360950,236270.637400000,-0.112617463,-0.108700834,-0.082470819,0.912664686,-0.119541142,0.050741735,-0.387528532,stable
236270654181150,236270.653400000,-0.112612695,-0.108695239,-0.082484715,0.912669603,-0.119499833,0.050726406,-0.387531699,stable
236270670516800,236270.669400000,-0.112646744,-0.108695112,-0.082438365,0.912622499,-0.119631110,0.050792858,-0.387593418,stable
236270686118100,236270.685400000,-0.112659097,-0.108686879,-0.082432352,0.912602244,-0.119646288,0.050805826,-0.387634723,stable
236270701433600,236270.700400000,-0.112646319,-0.108678684,-0.082460612,0.912616784,-0.119564302,0.050769929,-0.387630490,stable
236270717040400,236270.716400000,-0.112622231,-0.108675621,-0.082497537,0.912648799,-0.119459092,0.050718472,-0.387594288,stable
236270733064100,236270.732400000,-0.112613976,-0.108694531,-0.082483880,0.912667537,-0.119502025,0.050727988,-0.387535681,stable
236270747972700,236270.747400000,-0.112613119,-0.108696155,-0.082482912,0.912669347,-0.119505150,0.050728514,-0.387530385,stable
236270763438700,236270.762400000,-0.112623110,-0.108699106,-0.082465395,0.912656628,-0.119555536,0.050751795,-0.387541751,stable
236270779482800,236270.778400000,-0.112618357,-0.108693533,-0.082479224,0.912660754,-0.119515498,0.050734064,-0.387546704,stable
236270795250700,236270.794400000,-0.112618499,-0.108689941,-0.082483768,0.912659237,-0.119501733,0.050729637,-0.387555101,stable
236270811575750,236270.810400000,-0.112630270,-0.108687200,-0.082471311,0.912642198,-0.119536000,0.050749862,-0.387582011,stable
236270826489900,236270.825400000,-0.112624653,-0.108688585,-0.082477145,0.912650470,-0.119519785,0.050740809,-0.387568718,stable
236270842565450,236270.841400000,-0.112621143,-0.108692624,-0.082476616,0.912656890,-0.119522204,0.050739418,-0.387553035,stable
236270858590450,236270.857400000,-0.112610675,-0.108686693,-0.082498722,0.912669052,-0.119458234,0.050710898,-0.387547851,stable
236270873232400,236270.872400000,-0.112600237,-0.108679168,-0.082522877,0.912680520,-0.119388090,0.050680307,-0.387546460,stable
236270889598000,236270.888400000,-0.112602308,-0.108679481,-0.082519643,0.912677806,-0.119397310,0.050684776,-0.387549427,stable
236270904302800,236270.903400000,-0.112617962,-0.108682416,-0.082494415,0.912657263,-0.119469531,0.050719210,-0.387571042,stable
236270920537550,236270.919400000,-0.112631239,-0.108679913,-0.082479589,0.912638036,-0.119510914,0.050741876,-0.387600592,stable
236270936596800,236270.935400000,-0.112616926,-0.108677208,-0.082502685,0.912656724,-0.119444869,0.050710258,-0.387581085,stable
236270951271250,236270.950400000,-0.112604611,-0.108685702,-0.082508303,0.912676504,-0.119431613,0.050695952,-0.387540460,stable
236270966855450,236270.966400000,-0.112604871,-0.108695164,-0.082495488,0.912680367,-0.119469289,0.050711050,-0.387517776,stable
236270982615600,236270.981400000,-0.112614036,-0.108698249,-0.082478911,0.912668882,-0.119516961,0.050733149,-0.387527231,stable
236270997193800,236270.996400000,-0.112603910,-0.108719118,-0.082465224,0.912690965,-0.119560423,0.050741645,-0.387460699,stable
236271012895150,236271.012400000,-0.112586208,-0.108726904,-0.082479119,0.912718388,-0.119522829,0.050717647,-0.387410838,stable
236271028923400,236271.028700000,-0.112591259,-0.108723380,-0.082476884,0.912710074,-0.119528376,0.050722704,-0.387428051,stable
236271044284950,236271.043700000,-0.112608701,-0.108719617,-0.082458019,0.912684537,-0.119580958,0.050751708,-0.387468184,stable
236271059902000,236271.059700000,-0.112613939,-0.108707421,-0.082466945,0.912672566,-0.119552923,0.050745405,-0.387505858,stable
236271075897350,236271.075700000,-0.112615228,-0.108700581,-0.082474209,0.912668159,-0.119530795,0.050738633,-0.387523950,stable
236271090965700,236271.090700000,-0.112610951,-0.108693950,-0.082488775,0.912671474,-0.119488034,0.050721294,-0.387531599,stable
236271106381150,236271.105700000,-0.112609819,-0.108704843,-0.082475968,0.912677256,-0.119526792,0.050733863,-0.387504385,stable
236271122010400,236271.121700000,-0.112609290,-0.108705640,-0.082475655,0.912678307,-0.119527861,0.050733865,-0.387501579,stable
236271137928600,236271.137700000,-0.112617731,-0.108709291,-0.082459308,0.912668056,-0.119574987,0.050755345,-0.387508370,stable
236271153262050,236271.152700000,-0.112616204,-0.108707473,-0.082463801,0.912669464,-0.119561856,0.050749886,-0.387509821,stable
236271168556400,236271.167700000,-0.112615809,-0.108701661,-0.082471989,0.912667760,-0.119537347,0.050741245,-0.387522527,stable
236271184631250,236271.183700000,-0.112618893,-0.108703926,-0.082464792,0.912664311,-0.119558351,0.050750090,-0.387523012,stable
236271200076600,236271.199700000,-0.112645105,-0.108701259,-0.082432501,0.912627146,-0.119649095,0.050797987,-0.387576251,stable
236271215580850,236271.214700000,-0.112638295,-0.108702049,-0.082440764,0.912636597,-0.119626249,0.050784895,-0.387562764,stable
236271231573700,236271.230700000,-0.112623669,-0.108708270,-0.082452551,0.912659456,-0.119593909,0.050765570,-0.387521446,stable
236271246621950,236271.245700000,-0.112616107,-0.108702809,-0.082470067,0.912667548,-0.119543377,0.050742573,-0.387520993,stable
236271262116000,236271.261700000,-0.112609923,-0.108710825,-0.082467951,0.912679421,-0.119550852,0.050742145,-0.387490778,stable
236271278184900,236271.277700000,-0.112613954,-0.108705826,-0.082469031,0.912671932,-0.119546660,0.050743268,-0.387509563,stable
236271294300550,236271.293700000,-0.112628631,-0.108702019,-0.082454018,0.912650191,-0.119588333,0.050766776,-0.387544829,stable
236271310593800,236271.309700000,-0.112625554,-0.108708426,-0.082449764,0.912656896,-0.119601837,0.050769478,-0.387524517,stable
236271325214600,236271.324700000,-0.112616703,-0.108704209,-0.082467414,0.912667500,-0.119550874,0.050746437,-0.387518286,stable
236271341371200,236271.340700000,-0.112606183,-0.108698748,-0.082488969,0.912679941,-0.119488579,0.050718458,-0.387511862,stable
236271356958400,236271.356700000,-0.112601653,-0.108691685,-0.082504459,0.912683416,-0.119443109,0.050700038,-0.387520104,stable
236271372366400,236271.371700000,-0.112603106,-0.108692110,-0.082501918,0.912681598,-0.119450400,0.050703452,-0.387521692,stable
236271388581900,236271.387700000,-0.112601951,-0.108686589,-0.082510754,0.912681038,-0.119424111,0.050693736,-0.387532385,stable
236271403009900,236271.402700000,-0.112605035,-0.108689092,-0.082503259,0.912677752,-0.119445918,0.050703142,-0.387532174,stable
236271418550100,236271.417700000,-0.112602904,-0.108693026,-0.082500979,0.912681562,-0.119454225,0.050702016,-0.387520787,stable
236271433512700,236271.432700000,-0.112596050,-0.108698562,-0.082503051,0.912693697,-0.119448865,0.050697891,-0.387494397,stable
236271449154950,236271.448700000,-0.112601563,-0.108696915,-0.082497694,0.912685614,-0.119463426,0.050706937,-0.387507763,stable
236271465608600,236271.464700000,-0.112605311,-0.108703144,-0.082484372,0.912682831,-0.119502604,0.050722734,-0.387500171,stable
236271481609200,236271.480700000,-0.112604305,-0.108699977,-0.082489908,0.912682990,-0.119486195,0.050716474,-0.387505676,stable
236271496340900,236271.495700000,-0.112612717,-0.108690135,-0.082491398,0.912667563,-0.119479759,0.050719563,-0.387543589,stable
236271512010800,236271.511700000,-0.112612121,-0.108683914,-0.082500406,0.912665974,-0.119452820,0.050709960,-0.387556890,stable
236271528251700,236271.527700000,-0.112608336,-0.108687684,-0.082500614,0.912672660,-0.119453090,0.050707654,-0.387541363,stable
236271544076750,236271.543400000,-0.112599127,-0.108703628,-0.082492158,0.912691573,-0.119480622,0.050711311,-0.387487854,stable
236271559681450,236271.558400000,-0.112590045,-0.108716264,-0.082487918,0.912708686,-0.119495956,0.050709635,-0.387443034,stable
236271574614850,236271.573400000,-0.112590916,-0.108709812,-0.082495235,0.912705009,-0.119473726,0.050702666,-0.387459463,stable
236271589607350,236271.588400000,-0.112607092,-0.108699307,-0.082486995,0.912678600,-0.119494706,0.050720018,-0.387512927,stable
236271605343350,236271.604400000,-0.112616561,-0.108693533,-0.082481682,0.912663588,-0.119508059,0.050731659,-0.387542639,stable
236271620490400,236271.619400000,-0.112609670,-0.108698592,-0.082484424,0.912675111,-0.119501356,0.050725178,-0.387518418,stable
236271636604300,236271.636400000,-0.112594984,-0.108703271,-0.082498290,0.912696123,-0.119464606,0.050699413,-0.387483631,stable
236271652557250,236271.651400000,-0.112606071,-0.108704567,-0.082481466,0.912681855,-0.119511825,0.050724547,-0.387499387,stable
236271668157850,236271.667400000,-0.112599455,-0.108727217,-0.082460634,0.912700236,-0.119575262,0.050743927,-0.387433981,stable
236271684082800,236271.683400000,-0.112603955,-0.108728893,-0.082452275,0.912694675,-0.119599317,0.050755008,-0.387438205,stable
236271700592000,236271.699500000,-0.112600058,-0.108721383,-0.082467496,0.912697153,-0.119554522,0.050737184,-0.387448527,stable
236271714936900,236271.714500000,-0.112593517,-0.108711585,-0.082489334,0.912702367,-0.119490435,0.050711140,-0.387459425,stable
236271730906050,236271.730500000,-0.112594552,-0.108710013,-0.082490005,0.912700362,-0.119488173,0.050711029,-0.387464859,stable
236271746327050,236271.745500000,-0.112612441,-0.108697124,-0.082482576,0.912670662,-0.119506328,0.050728492,-0.387526930,stable
236271762050650,236271.761500000,-0.112624384,-0.108695567,-0.082468323,0.912653570,-0.119546362,0.050749716,-0.387552055,stable
236271777085000,236271.776500000,-0.112611987,-0.108697049,-0.082483292,0.912671288,-0.119504261,0.050727495,-0.387526223,stable
236271792625300,236271.791500000,-0.112593815,-0.108707018,-0.082494952,0.912699549,-0.119474414,0.050703327,-0.387472025,stable
236271808119400,236271.807500000,-0.112577960,-0.108712561,-0.082509287,0.912724256,-0.119434110,0.050682046,-0.387429033,stable
236271823116250,236271.822500000,-0.112592727,-0.108713791,-0.082487516,0.912704331,-0.119496082,0.050712577,-0.387452868,stable
236271838078500,236271.837500000,-0.112607025,-0.108700193,-0.082485922,0.912679315,-0.119497552,0.050722070,-0.387510096,stable
236271854590450,236271.853500000,-0.112610452,-0.108697437,-0.082484879,0.912673626,-0.119499747,0.050725317,-0.387522393,stable
236271869184700,236271.868500000,-0.112607218,-0.108690120,-0.082498930,0.912675141,-0.119458422,0.050708793,-0.387533728,stable
236271885615150,236271.884500000,-0.112598561,-0.108687393,-0.082514323,0.912686039,-0.119414171,0.050688185,-0.387524396,stable
236271900157900,236271.899500000,-0.112586021,-0.108711794,-0.082499303,0.912712811,-0.119462251,0.050696768,-0.387445394,stable
236271916604100,236271.915500000,-0.112591513,-0.108729459,-0.082468517,0.912712077,-0.119553451,0.050731442,-0.387414451,stable
236271932614000,236271.931500000,-0.112593055,-0.108736090,-0.082457662,0.912712497,-0.119585690,0.050743482,-0.387401936,stable
236271947173550,236271.946500000,-0.112587407,-0.108735293,-0.082466431,0.912719982,-0.119560691,0.050731359,-0.387393605,stable
236271963127400,236271.962500000,-0.112591542,-0.108719110,-0.082482107,0.912708020,-0.119512599,0.050717487,-0.387438441,stable
236271978102550,236271.977500000,-0.112596832,-0.108711593,-0.082484797,0.912697810,-0.119503299,0.050717638,-0.387465340,stable
236271994082500,236271.993500000,-0.112594061,-0.108715855,-0.082482979,0.912703280,-0.119509414,0.050717995,-0.387450523,stable
236272009046000,236272.008500000,-0.112593822,-0.108717211,-0.082481511,0.912704138,-0.119513865,0.050719345,-0.387446952,stable
236272025031600,236272.024500000,-0.112580538,-0.108721681,-0.082493752,0.912724235,-0.119480182,0.050699438,-0.387412603,stable
236272040020750,236272.039500000,-0.112567067,-0.108726107,-0.082506292,0.912744525,-0.119445637,0.050679163,-0.387378102,stable
236272056020800,236272.055400000,-0.112574272,-0.108727068,-0.082495198,0.912734967,-0.119477292,0.050694521,-0.387388852,stable
236272071429100,236272.070400000,-0.112590067,-0.108723111,-0.082478866,0.912711446,-0.119522937,0.050719493,-0.387426919,stable
236272087404850,236272.086400000,-0.112589084,-0.108720914,-0.082483113,0.912711898,-0.119510491,0.050714354,-0.387430366,stable
236272103015650,236272.102400000,-0.112592846,-0.108714022,-0.082487047,0.912704261,-0.119497467,0.050713121,-0.387452535,stable
236272118419500,236272.117400000,-0.112588786,-0.108712584,-0.082494482,0.912708914,-0.119476643,0.050701885,-0.387449467,stable
236272134472400,236272.133400000,-0.112588227,-0.108716421,-0.082490183,0.912711437,-0.119489289,0.050706975,-0.387438956,stable
236272150010700,236272.149400000,-0.112588242,-0.108719990,-0.082485460,0.912712916,-0.119503317,0.050712239,-0.387430457,stable
236272165486950,236272.164400000,-0.112587646,-0.108717754,-0.082489222,0.912712667,-0.119492445,0.050707306,-0.387435042,stable
236272180633950,236272.179400000,-0.112587079,-0.108715169,-0.082493410,0.912712460,-0.119479999,0.050702695,-0.387439973,stable
236272196039100,236272.195400000,-0.112590142,-0.108708538,-0.082497969,0.912705878,-0.119465281,0.050700388,-0.387460317,stable
236272211572550,236272.210400000,-0.112585217,-0.108716935,-0.082493618,0.912715803,-0.119479650,0.050701850,-0.387432316,stable
236272227547200,236272.226400000,-0.112585053,-0.108715333,-0.082495958,0.912715149,-0.119473056,0.050698401,-0.387436340,stable
236272244061350,236272.243400000,-0.112588800,-0.108718142,-0.082487129,0.912711430,-0.119498162,0.050710819,-0.387435734,stable
236272259516050,236272.258400000,-0.112589851,-0.108721040,-0.082481876,0.912711106,-0.119513693,0.050716801,-0.387430924,stable
236272275572300,236272.274400000,-0.112589262,-0.108722717,-0.082480483,0.912712562,-0.119518010,0.050717890,-0.387426018,stable
236272290949600,236272.290400000,-0.112592705,-0.108725227,-0.082472466,0.912708775,-0.119541319,0.050728062,-0.387426417,stable
236272306344550,236272.305400000,-0.112592466,-0.108723797,-0.082474679,0.912708378,-0.119534981,0.050725012,-0.387429708,stable
236272321977500,236272.321400000,-0.112588868,-0.108719364,-0.082485430,0.912711812,-0.119503246,0.050712605,-0.387433032,stable
236272338027950,236272.337400000,-0.112589628,-0.108720116,-0.082483411,0.912711061,-0.119509135,0.050715092,-0.387432659,stable
236272353587500,236272.352400000,-0.112592287,-0.108723126,-0.082475804,0.912708578,-0.119531370,0.050724391,-0.387430433,stable
236272368208150,236272.367400000,-0.112595074,-0.108723752,-0.082471170,0.912704936,-0.119544631,0.050730687,-0.387434096,stable
236272384367150,236272.383400000,-0.112592362,-0.108730890,-0.082465462,0.912711412,-0.119562465,0.050734947,-0.387412778,stable
236272400563800,236272.399400000,-0.112592220,-0.108731933,-0.082464285,0.912712036,-0.119566008,0.050736208,-0.387410049,stable
236272415396750,236272.414400000,-0.112586215,-0.108736537,-0.082466424,0.912722015,-0.119561146,0.050730279,-0.387388815,stable
236272430465050,236272.429400000,-0.112584062,-0.108741276,-0.082463108,0.912727105,-0.119571185,0.050733566,-0.387373293,stable
236272446073900,236272.445400000,-0.112586886,-0.108743332,-0.082456544,0.912723820,-0.119590503,0.050741243,-0.387374065,stable
236272461583600,236272.460400000,-0.112588726,-0.108740747,-0.082457438,0.912720261,-0.119587391,0.050741297,-0.387383405,stable
236272477544800,236272.476400000,-0.112591550,-0.108743079,-0.082450502,0.912716991,-0.119607971,0.050749064,-0.387383737,stable
236272494083400,236272.493400000,-0.112587862,-0.108742751,-0.082455970,0.912722230,-0.119591988,0.050742366,-0.387377207,stable
236272509615550,236272.508400000,-0.112582505,-0.108744100,-0.082461506,0.912729549,-0.119577488,0.050731599,-0.387365847,stable
236272526434050,236272.525400000,-0.112575784,-0.108746618,-0.082467355,0.912739904,-0.119561326,0.050722296,-0.387347656,stable
236272541642000,236272.540400000,-0.112579137,-0.108747423,-0.082461722,0.912735993,-0.119576915,0.050731227,-0.387350889,stable
236272556609650,236272.555700000,-0.112586059,-0.108746283,-0.082453780,0.912725997,-0.119599135,0.050743249,-0.387366007,stable
236272572147400,236272.571700000,-0.112583429,-0.108744241,-0.082460061,0.912728925,-0.119580748,0.050735728,-0.387365771,stable
236272588212750,236272.587700000,-0.112583540,-0.108745873,-0.082457751,0.912729435,-0.119587636,0.050738156,-0.387362124,stable
236272604242150,236272.603700000,-0.112576731,-0.108747251,-0.082465239,0.912739354,-0.119566755,0.050726713,-0.387346697,stable
236272619342650,236272.618700000,-0.112570964,-0.108750150,-0.082469277,0.912748453,-0.119555942,0.050719388,-0.387329552,stable
236272635620350,236272.634700000,-0.112571396,-0.108752243,-0.082465924,0.912748427,-0.119566265,0.050722270,-0.387326049,stable
236272650617450,236272.649700000,-0.112571672,-0.108752795,-0.082464822,0.912748509,-0.119569151,0.050724357,-0.387324692,stable
236272665188250,236272.664700000,-0.112572961,-0.108754151,-0.082461283,0.912747233,-0.119579497,0.050728718,-0.387323933,stable
236272681162950,236272.680700000,-0.112571880,-0.108752020,-0.082465567,0.912747909,-0.119566878,0.050723687,-0.387326896,stable
236272697633250,236272.696700000,-0.112569481,-0.108747303,-0.082475059,0.912749401,-0.119538932,0.050712619,-0.387333454,stable
236272713623800,236272.712700000,-0.112566508,-0.108746275,-0.082480468,0.912752960,-0.119523551,0.050704918,-0.387330823,stable
236272729623050,236272.728700000,-0.112561278,-0.108746931,-0.082486734,0.912760566,-0.119505757,0.050696106,-0.387319544,stable
236272744217050,236272.743700000,-0.112558283,-0.108751886,-0.082484290,0.912766637,-0.119513795,0.050696977,-0.387302642,stable
236272760173350,236272.759700000,-0.112557389,-0.108750775,-0.082486987,0.912767430,-0.119505907,0.050693715,-0.387303633,stable
236272775114950,236272.774700000,-0.112551123,-0.108750522,-0.082495861,0.912775986,-0.119480706,0.050681144,-0.387292889,stable
236272791589250,236272.790700000,-0.112546690,-0.108750828,-0.082501516,0.912781904,-0.119465211,0.050671802,-0.387284943,stable
236272808518900,236272.807700000,-0.112551168,-0.108749360,-0.082497329,0.912775382,-0.119476405,0.050679385,-0.387295870,stable
236272822617550,236272.821700000,-0.112552248,-0.108748019,-0.082497627,0.912773314,-0.119475350,0.050679438,-0.387301063,stable
236272839608650,236272.838700000,-0.112556651,-0.108746745,-0.082493298,0.912766885,-0.119487115,0.050686819,-0.387311617,stable
236272854091000,236272.853700000,-0.112557232,-0.108746737,-0.082492508,0.912766060,-0.119489352,0.050687952,-0.387312724,stable
236272869637350,236272.868700000,-0.112555027,-0.108749919,-0.082491331,0.912770108,-0.119493769,0.050687098,-0.387301933,stable
236272885105500,236272.884700000,-0.112556264,-0.108751982,-0.082486928,0.912769453,-0.119506346,0.050693159,-0.387298804,stable
236272900628500,236272.899700000,-0.112555467,-0.108750075,-0.082490519,0.912769660,-0.119495941,0.050688594,-0.387302124,stable
236272916129100,236272.915700000,-0.112556942,-0.108747095,-0.082492433,0.912766626,-0.119489646,0.050687872,-0.387311310,stable
236272932169300,236272.931700000,-0.112558983,-0.108742982,-0.082495078,0.912762227,-0.119481213,0.050686259,-0.387324488,stable
236272947639100,236272.946700000,-0.112555601,-0.108742990,-0.082499683,0.912766817,-0.119468279,0.050679412,-0.387318557,stable
236272963624050,236272.962700000,-0.112552814,-0.108746171,-0.082499303,0.912771974,-0.119469982,0.050678527,-0.387305994,stable
236272979608300,236272.978700000,-0.112548500,-0.108751006,-0.082498811,0.912779781,-0.119472478,0.050676668,-0.387287069,stable
236272994213350,236272.993700000,-0.112546943,-0.108754426,-0.082496420,0.912783243,-0.119480018,0.050678274,-0.387276372,stable
236273010699650,236273.009700000,-0.112543888,-0.108752072,-0.082503684,0.912786570,-0.119458887,0.050669117,-0.387276248,stable
236273026650250,236273.025700000,-0.112541310,-0.108748823,-0.082511485,0.912788883,-0.119436050,0.050659684,-0.387279074,stable
236273041611650,236273.040700000,-0.112537861,-0.108749062,-0.082515873,0.912793727,-0.119423661,0.050653277,-0.387272316,stable
236273056946600,236273.056800000,-0.112536639,-0.108750954,-0.082515046,0.912796140,-0.119426459,0.050653458,-0.387265742,stable
236273072245450,236273.071500000,-0.112532280,-0.108753510,-0.082517616,0.912803134,-0.119419741,0.050648426,-0.387251986,stable
236273088263200,236273.087500000,-0.112527989,-0.108756371,-0.082519703,0.912810169,-0.119414466,0.050643908,-0.387237622,stable
236273104599350,236273.103500000,-0.112523258,-0.108759567,-0.082521938,0.912817924,-0.119408849,0.050639024,-0.387221711,stable
236273119275050,236273.118500000,-0.112521902,-0.108760558,-0.082522482,0.912820192,-0.119407524,0.050637713,-0.387216944,stable
236273135311150,236273.134500000,-0.112522036,-0.108760700,-0.082522117,0.912820068,-0.119408581,0.050638164,-0.387216852,stable
236273150942150,236273.150500000,-0.112520382,-0.108760566,-0.082524538,0.912822291,-0.119401699,0.050634771,-0.387214177,stable
236273166357250,236273.165500000,-0.112516493,-0.108761586,-0.082528502,0.912828060,-0.119390693,0.050628553,-0.387204784,stable
236273182396400,236273.181500000,-0.112510197,-0.108763039,-0.082535170,0.912836940,-0.119372625,0.050617038,-0.387190926,stable
236273198727700,236273.197500000,-0.112507835,-0.108765282,-0.082535446,0.912841421,-0.119371851,0.050616666,-0.387180648,stable
236273213390200,236273.212500000,-0.112507321,-0.108768500,-0.082531892,0.912843083,-0.119383079,0.050619042,-0.387172957,stable
236273229365950,236273.228500000,-0.112508506,-0.108768277,-0.082530580,0.912841658,-0.119386320,0.050622037,-0.387174926,stable
236273245039850,236273.244500000,-0.112505913,-0.108766012,-0.082537092,0.912844369,-0.119367347,0.050613900,-0.387175449,stable
236273260467850,236273.259500000,-0.112503268,-0.108764686,-0.082542449,0.912847525,-0.119351805,0.050607079,-0.387173690,stable
236273276483000,236273.275500000,-0.112499334,-0.108764462,-0.082548097,0.912852385,-0.119336446,0.050597484,-0.387168220,stable
236273291536300,236273.290500000,-0.112496570,-0.108765014,-0.082551144,0.912856635,-0.119327634,0.050593503,-0.387161437,stable
236273307033900,236273.306500000,-0.112495199,-0.108767293,-0.082550004,0.912859642,-0.119331035,0.050594756,-0.387153133,stable
236273322591950,236273.321500000,-0.112490676,-0.108767845,-0.082555436,0.912866214,-0.119315599,0.050587113,-0.387143394,stable
236273337515850,236273.336500000,-0.112483844,-0.108768798,-0.082563497,0.912875837,-0.119293199,0.050574527,-0.387129250,stable
236273353229500,236273.352500000,-0.112480476,-0.108770512,-0.082565844,0.912881201,-0.119286881,0.050570403,-0.387119087,stable
236273368641000,236273.367500000,-0.112477720,-0.108776458,-0.082561769,0.912886759,-0.119300524,0.050571264,-0.387101663,stable
236273384193800,236273.383500000,-0.112474427,-0.108779944,-0.082561672,0.912893207,-0.119300824,0.050571369,-0.387086350,stable
236273399414600,236273.398500000,-0.112468168,-0.108780757,-0.082569122,0.912902015,-0.119280065,0.050559932,-0.387073469,stable
236273415072450,236273.414500000,-0.112464525,-0.108779348,-0.082575932,0.912906630,-0.119260272,0.050551272,-0.387069814,stable
236273430033100,236273.429500000,-0.112463735,-0.108778231,-0.082578480,0.912907295,-0.119252793,0.050548210,-0.387070951,stable
236273446106950,236273.445500000,-0.112463847,-0.108777799,-0.082578905,0.912906951,-0.119251505,0.050547839,-0.387072208,stable
236273461641850,236273.460500000,-0.112456471,-0.108782806,-0.082582332,0.912918849,-0.119243202,0.050539471,-0.387047795,stable
236273477616500,236273.476500000,-0.112445444,-0.108789027,-0.082589172,0.912936869,-0.119224638,0.050527916,-0.387012517,stable
236273494636950,236273.493500000,-0.112441570,-0.108791836,-0.082590736,0.912943081,-0.119221115,0.050523476,-0.386999529,stable
236273508629200,236273.507500000,-0.112436309,-0.108793981,-0.082595065,0.912951108,-0.119209393,0.050515950,-0.386985186,stable
236273525388100,236273.524500000,-0.112434521,-0.108796351,-0.082594395,0.912954390,-0.119211986,0.050515332,-0.386976724,stable
236273539664650,236273.538500000,-0.112432554,-0.108794890,-0.082598984,0.912955082,-0.119200674,0.050504754,-0.386979957,stable
236273555398900,236273.554500000,-0.112427495,-0.108795524,-0.082605042,0.912963643,-0.119181776,0.050500156,-0.386966180,stable
236273570969400,236273.570500000,-0.112419553,-0.108798400,-0.082612060,0.912976535,-0.119161342,0.050491357,-0.386943205,stable
236273587007600,236273.586400000,-0.112412579,-0.108801275,-0.082617760,0.912986632,-0.119146712,0.050479553,-0.386925427,stable
236273602481450,236273.601400000,-0.112403490,-0.108806744,-0.082622923,0.912996217,-0.119140467,0.050452347,-0.386908282,stable
236273617993850,236273.617400000,-0.112397715,-0.108808823,-0.082628049,0.912999852,-0.119133604,0.050426911,-0.386905131,stable
236273633968700,236273.633400000,-0.112396255,-0.108807214,-0.082632147,0.912998029,-0.119126172,0.050411150,-0.386913775,stable
236273650015600,236273.649400000,-0.112392120,-0.108806536,-0.082638666,0.913002893,-0.119108355,0.050400241,-0.386909206,stable
236273665489000,236273.664400000,-0.112384915,-0.108810000,-0.082643904,0.913012198,-0.119097046,0.050384427,-0.386892787,stable
236273680464150,236273.679400000,-0.112376660,-0.108815335,-0.082648098,0.913022241,-0.119091133,0.050364306,-0.386873527,stable
236273696477700,236273.695400000,-0.112367809,-0.108820580,-0.082653224,0.913031937,-0.119084195,0.050338994,-0.386856075,stable
236273712124350,236273.711400000,-0.112361416,-0.108823560,-0.082657993,0.913039036,-0.119075359,0.050321121,-0.386844365,stable
236273728095500,236273.727400000,-0.112356879,-0.108825080,-0.082662165,0.913043558,-0.119067110,0.050306641,-0.386838113,stable
236273743129250,236273.742400000,-0.112351753,-0.108824924,-0.082669340,0.913049568,-0.119048132,0.050293155,-0.386831522,stable
236273759132200,236273.758400000,-0.112347603,-0.108825400,-0.082674332,0.913053438,-0.119036948,0.050278983,-0.386827671,stable
236273774614300,236273.773400000,-0.112343140,-0.108825825,-0.082679853,0.913057076,-0.119025162,0.050261940,-0.386824926,stable
236273789590750,236273.788400000,-0.112336472,-0.108828790,-0.082685031,0.913066457,-0.119012491,0.050249827,-0.386808255,stable
236273805241000,236273.804400000,-0.112329207,-0.108832754,-0.082689680,0.913077983,-0.119000200,0.050241026,-0.386785973,stable
236273820576950,236273.819400000,-0.112322330,-0.108834378,-0.082696863,0.913089954,-0.118977527,0.050236197,-0.386765315,stable
236273836577650,236273.835400000,-0.112314858,-0.108838901,-0.082701080,0.913100054,-0.118969365,0.050221227,-0.386745925,stable
236273852348900,236273.851400000,-0.112310238,-0.108839191,-0.082706973,0.913101505,-0.118959771,0.050195889,-0.386748740,stable
236273868008350,236273.867400000,-0.112312071,-0.108834960,-0.082710057,0.913093100,-0.118956068,0.050179594,-0.386771837,stable
236273883295150,236273.882400000,-0.112309225,-0.108832620,-0.082717001,0.913093311,-0.118939815,0.050161569,-0.386778675,stable
236273899046300,236273.898400000,-0.112306453,-0.108831331,-0.082722455,0.913098122,-0.118921916,0.050159445,-0.386773095,stable
236273914319950,236273.913400000,-0.112298928,-0.108833924,-0.082729250,0.913109480,-0.118903212,0.050148353,-0.386753469,stable
236273929309800,236273.928400000,-0.112288497,-0.108840212,-0.082735136,0.913123603,-0.118891678,0.050127707,-0.386726348,stable
236273944996650,236273.944400000,-0.112279721,-0.108845726,-0.082739800,0.913132665,-0.118886947,0.050100975,-0.386709868,stable
236273961033500,236273.960400000,-0.112276427,-0.108846992,-0.082742602,0.913133103,-0.118885758,0.050081019,-0.386711784,stable
236273976043100,236273.975400000,-0.112273507,-0.108845107,-0.082749039,0.913132931,-0.118871953,0.050061187,-0.386719003,stable
236273991998100,236273.991400000,-0.112271257,-0.108842894,-0.082754999,0.913134445,-0.118855542,0.050051487,-0.386721726,stable
236274007019900,236274.006400000,-0.112269402,-0.108840071,-0.082761236,0.913135782,-0.118837396,0.050043584,-0.386725169,stable
236274022497500,236274.021400000,-0.112261951,-0.108844623,-0.082765363,0.913142105,-0.118834715,0.050016385,-0.386714582,stable
236274037477650,236274.036400000,-0.112254560,-0.108849883,-0.082768455,0.913149918,-0.118833292,0.049994586,-0.386699389,stable
236274053595150,236274.052400000,-0.112248905,-0.108851954,-0.082773395,0.913155730,-0.118823639,0.049977164,-0.386690883,stable
236274084116800,236274.083400000,-0.112241052,-0.108852006,-0.082783990,0.913166349,-0.118793868,0.049961325,-0.386676999,stable
236274099541800,236274.098700000,-0.112238176,-0.108850040,-0.082790457,0.913168038,-0.118777167,0.049948194,-0.386679839,stable
236274115137600,236274.114700000,-0.112234302,-0.108851738,-0.082793474,0.913170463,-0.118774020,0.049931012,-0.386677297,stable
236274131137350,236274.130700000,-0.112227365,-0.108855538,-0.082797900,0.913178028,-0.118767180,0.049911182,-0.386664093,stable
236274146582250,236274.145700000,-0.112219870,-0.108860992,-0.082800880,0.913187238,-0.118764442,0.049893333,-0.386645484,stable
236274162540050,236274.161700000,-0.112215012,-0.108864605,-0.082802720,0.913193715,-0.118762309,0.049883422,-0.386632120,stable
236274178517600,236274.177700000,-0.112209350,-0.108866796,-0.082807496,0.913202008,-0.118749688,0.049874344,-0.386617580,stable
236274194200200,236274.193700000,-0.112207599,-0.108863860,-0.082813740,0.913203427,-0.118731120,0.049867437,-0.386620823,stable
236274210531150,236274.209700000,-0.112206444,-0.108860649,-0.082819529,0.913200501,-0.118718550,0.049849991,-0.386633845,stable
236274224646300,236274.223700000,-0.112203762,-0.108860262,-0.082823664,0.913200397,-0.118711861,0.049832166,-0.386638441,stable
236274240590350,236274.239700000,-0.112198740,-0.108862668,-0.082827292,0.913204983,-0.118706646,0.049814892,-0.386631436,stable
236274256673150,236274.255700000,-0.112191617,-0.108866937,-0.082831338,0.913215261,-0.118697797,0.049802883,-0.386611424,stable
236274271160400,236274.270700000,-0.112182058,-0.108872913,-0.082836427,0.913227401,-0.118689354,0.049781394,-0.386588106,stable
236274287150000,236274.286700000,-0.112175852,-0.108876683,-0.082839876,0.913231685,-0.118688414,0.049755529,-0.386581606,stable
236274302983900,236274.302700000,-0.112178691,-0.108871758,-0.082842514,0.913222344,-0.118684809,0.049742556,-0.386606447,stable
236274318288150,236274.317700000,-0.112181559,-0.108864330,-0.082848392,0.913214401,-0.118668014,0.049734467,-0.386631406,stable
236274333278050,236274.332700000,-0.112182394,-0.108859584,-0.082853496,0.913211140,-0.118652839,0.049728746,-0.386644501,stable
236274349577550,236274.348700000,-0.112177029,-0.108860672,-0.082859330,0.913217307,-0.118638821,0.049714420,-0.386636079,stable
236274363447900,236274.362700000,-0.112168290,-0.108867764,-0.082861833,0.913228564,-0.118638209,0.049695450,-0.386612114,stable
236274379474850,236274.378700000,-0.112157218,-0.108877406,-0.082864150,0.913242575,-0.118640713,0.049670551,-0.386581449,stable
236274395433050,236274.394700000,-0.112148732,-0.108884387,-0.082866460,0.913253145,-0.118641088,0.049650823,-0.386558897,stable
236274411039600,236274.410700000,-0.112147324,-0.108882464,-0.082870893,0.913253800,-0.118628832,0.049643707,-0.386562026,stable
236274427073600,236274.426800000,-0.112147346,-0.108877830,-0.082876958,0.913251724,-0.118610907,0.049636727,-0.386573326,stable
236274442715900,236274.441800000,-0.112148613,-0.108873039,-0.082881533,0.913246621,-0.118598966,0.049627676,-0.386590208,stable
236274457676550,236274.456800000,-0.112145163,-0.108874008,-0.082884930,0.913247981,-0.118594793,0.049609902,-0.386590556,stable
236274472295250,236274.471800000,-0.112137340,-0.108878955,-0.082889020,0.913257844,-0.118588240,0.049592033,-0.386571559,stable
236274488283350,236274.487800000,-0.112127997,-0.108885646,-0.082892857,0.913271331,-0.118581551,0.049576556,-0.386543731,stable
236274504653400,236274.503800000,-0.112121239,-0.108889781,-0.082896568,0.913279942,-0.118575125,0.049561470,-0.386527292,stable
236274522236300,236274.521800000,-0.112118416,-0.108889364,-0.082900941,0.913281351,-0.118565846,0.049547786,-0.386528564,stable
236274535306650,236274.534800000,-0.112118013,-0.108887367,-0.082904100,0.913278764,-0.118559749,0.049536445,-0.386538001,stable
236274551048000,236274.550800000,-0.112118006,-0.108884566,-0.082907788,0.913275420,-0.118551820,0.049525194,-0.386549775,stable
236274566467200,236274.565800000,-0.112114772,-0.108884312,-0.082912505,0.913277813,-0.118541130,0.049511999,-0.386549089,stable
236274582515100,236274.581800000,-0.112109408,-0.108887330,-0.082915790,0.913284949,-0.118534444,0.049501099,-0.386535675,stable
236274598125200,236274.597800000,-0.112102956,-0.108892553,-0.082917646,0.913292366,-0.118535215,0.049484075,-0.386520095,stable
236274613580100,236274.612500000,-0.112098604,-0.108895391,-0.082919806,0.913296260,-0.118534182,0.049468851,-0.386513159,stable
236274629152800,236274.628500000,-0.112095393,-0.108895779,-0.082923636,0.913297622,-0.118527856,0.049452608,-0.386513960,stable
236274644145700,236274.643500000,-0.112094700,-0.108893767,-0.082927220,0.913297874,-0.118517136,0.049448825,-0.386517134,stable
236274659632750,236274.658500000,-0.112093419,-0.108892106,-0.082931131,0.913298099,-0.118506890,0.049441153,-0.386520726,stable
236274675551300,236274.674500000,-0.112088896,-0.108892754,-0.082936391,0.913303165,-0.118494023,0.049428740,-0.386514288,stable
236274691199900,236274.690500000,-0.112084836,-0.108894289,-0.082939863,0.913307107,-0.118487631,0.049415486,-0.386508629,stable
236274706995400,236274.706500000,-0.112079196,-0.108896911,-0.082944043,0.913313738,-0.118479362,0.049400970,-0.386497349,stable
236274722444450,236274.721500000,-0.112075165,-0.108898416,-0.082947508,0.913317392,-0.118473285,0.049387098,-0.386492350,stable
236274738520450,236274.737500000,-0.112071857,-0.108899556,-0.082950488,0.913320121,-0.118468240,0.049374696,-0.386489032,stable
236274753462750,236274.752500000,-0.112068869,-0.108898915,-0.082955353,0.913323646,-0.118454710,0.049367078,-0.386485822,stable
236274768963850,236274.768500000,-0.112067655,-0.108897865,-0.082958378,0.913323662,-0.118447649,0.049359167,-0.386488958,stable
236274784043500,236274.783500000,-0.112066045,-0.108896725,-0.082962051,0.913324043,-0.118438868,0.049349975,-0.386491923,stable
236274799040800,236274.798500000,-0.112063602,-0.108896643,-0.082965456,0.913325295,-0.118432103,0.049338205,-0.386492540,stable
236274814460300,236274.813500000,-0.112060301,-0.108897455,-0.082968846,0.913328880,-0.118424407,0.049328737,-0.386487635,stable
236274829508250,236274.828500000,-0.112056844,-0.108897835,-0.082973018,0.913332076,-0.118415017,0.049316978,-0.386484462,stable
236274845098400,236274.844500000,-0.112053625,-0.108898453,-0.082976557,0.913332757,-0.118410691,0.049298305,-0.386486559,stable
236274860736400,236274.859500000,-0.112050854,-0.108898804,-0.082979836,0.913333109,-0.118406481,0.049281545,-0.386489154,stable
236274876682150,236274.875500000,-0.112049513,-0.108897597,-0.082983240,0.913332681,-0.118399073,0.049271330,-0.386493739,stable
236274891169150,236274.890500000,-0.112047836,-0.108897015,-0.082986265,0.913335295,-0.118389573,0.049269164,-0.386490746,stable
236274907664100,236274.906500000,-0.112045407,-0.108897462,-0.082988955,0.913335289,-0.118386957,0.049253387,-0.386493574,stable
236274922269400,236274.921500000,-0.112042733,-0.108898342,-0.082991406,0.913335048,-0.118386160,0.049235207,-0.386496703,stable
236274937595200,236274.936500000,-0.112039953,-0.108899117,-0.082994148,0.913334285,-0.118385379,0.049214715,-0.386501356,stable
236274969120000,236274.968500000,-0.112037003,-0.108898148,-0.082999393,0.913331594,-0.118379178,0.049186586,-0.386513194,stable
236274985209250,236274.984500000,-0.112035133,-0.108897299,-0.083003022,0.913332760,-0.118370153,0.049178344,-0.386514251,stable
236275001667100,236275.000500000,-0.112032674,-0.108897090,-0.083006635,0.913334113,-0.118362589,0.049166868,-0.386514830,stable
236275016253200,236275.015500000,-0.112029530,-0.108897939,-0.083009757,0.913337216,-0.118356047,0.049156759,-0.386510788,stable
236275032182550,236275.031500000,-0.112026170,-0.108898886,-0.083013050,0.913341244,-0.118348206,0.049148446,-0.386504727,stable
236275048661800,236275.047500000,-0.112023138,-0.108899266,-0.083016641,0.913345427,-0.118338276,0.049142709,-0.386498613,stable
236275063580650,236275.062500000,-0.112021200,-0.108899720,-0.083018661,0.913344660,-0.118337703,0.049127526,-0.386502530,stable
236275079691400,236275.078500000,-0.112018891,-0.108901143,-0.083019935,0.913343750,-0.118340897,0.049109654,-0.386505975,stable
236275095171150,236275.094500000,-0.112017922,-0.108901300,-0.083021015,0.913342133,-0.118342074,0.049098004,-0.386510915,stable
236275110585600,236275.109500000,-0.112014346,-0.108902387,-0.083024412,0.913347703,-0.118332317,0.049093368,-0.386501330,stable
236275125736500,236275.124500000,-0.112010248,-0.108903013,-0.083029144,0.913355166,-0.118316746,0.049091656,-0.386488678,stable
236275141643350,236275.140500000,-0.112007454,-0.108904250,-0.083031259,0.913358246,-0.118312728,0.049083820,-0.386483624,stable
236275156690950,236275.155500000,-0.112004459,-0.108905815,-0.083033271,0.913359365,-0.118312428,0.049068173,-0.386483057,stable
236275172208150,236275.171500000,-0.112002879,-0.108904786,-0.083036758,0.913358757,-0.118305587,0.049055898,-0.386488148,stable
236275187235850,236275.186500000,-0.112000994,-0.108904421,-0.083039783,0.913360240,-0.118298277,0.049048510,-0.386487817,stable
236275202724400,236275.201500000,-0.111998148,-0.108904958,-0.083042920,0.913362990,-0.118291394,0.049039246,-0.386484602,stable
236275218268100,236275.217500000,-0.111996137,-0.108905084,-0.083045430,0.913364026,-0.118286711,0.049029788,-0.386484786,stable
236275234199400,236275.233500000,-0.111992367,-0.108906895,-0.083048172,0.913368203,-0.118281749,0.049019145,-0.386477784,stable
236275249385400,236275.248500000,-0.111990064,-0.108906366,-0.083051972,0.913371022,-0.118270985,0.049013673,-0.386475109,stable
236275265072200,236275.264500000,-0.111987814,-0.108905345,-0.083056338,0.913373512,-0.118258608,0.049007288,-0.386473822,stable
236275280996350,236275.280500000,-0.111986138,-0.108904421,-0.083059818,0.913374689,-0.118249569,0.049000351,-0.386474685,stable
236275296431400,236275.295500000,-0.111983463,-0.108904712,-0.083063036,0.913375712,-0.118244347,0.048986374,-0.386475638,stable
236275312094000,236275.311500000,-0.111981153,-0.108905353,-0.083065309,0.913377256,-0.118240658,0.048976606,-0.386474354,stable
236275328006500,236275.327500000,-0.111978322,-0.108906530,-0.083067581,0.913378424,-0.118238889,0.048962199,-0.386473961,stable
236275343033900,236275.342500000,-0.111975729,-0.108906731,-0.083070822,0.913379566,-0.118233251,0.048949097,-0.386474646,stable
236275359050150,236275.358500000,-0.111972086,-0.108907677,-0.083074480,0.913382684,-0.118226182,0.048935940,-0.386471107,stable
236275374571900,236275.373500000,-0.111970715,-0.108907543,-0.083076507,0.913383788,-0.118221380,0.048930761,-0.386470623,stable
236275389682950,236275.388500000,-0.111969091,-0.108906567,-0.083079979,0.913383952,-0.118213667,0.048920713,-0.386473865,stable
236275406658600,236275.405500000,-0.111968450,-0.108905725,-0.083081953,0.913382892,-0.118210085,0.048913100,-0.386478430,stable
236275421322300,236275.420500000,-0.111966655,-0.108905837,-0.083084226,0.913383491,-0.118206338,0.048903418,-0.386479385,stable
236275437305900,236275.436500000,-0.111965522,-0.108905807,-0.083085783,0.913381382,-0.118207013,0.048889040,-0.386485983,stable
236275452352450,236275.451500000,-0.111962862,-0.108906813,-0.083088040,0.913381084,-0.118206872,0.048870916,-0.386489022,stable
236275468749500,236275.467500000,-0.111960970,-0.108907841,-0.083089255,0.913380505,-0.118208684,0.048856725,-0.386491632,stable
236275484063250,236275.483500000,-0.111959197,-0.108907469,-0.083092116,0.913380675,-0.118203400,0.048845835,-0.386494221,stable
236275499084500,236275.498500000,-0.111959301,-0.108906336,-0.083093472,0.913378975,-0.118200871,0.048840770,-0.386499652,stable
236275514597300,236275.513500000,-0.111958280,-0.108905181,-0.083096355,0.913376839,-0.118196700,0.048827110,-0.386507703,stable
236275533447700,236275.532500000,-0.111957572,-0.108904593,-0.083098084,0.913375075,-0.118195168,0.048816704,-0.386513653,stable
236275546107000,236275.545500000,-0.111956075,-0.108904265,-0.083100535,0.913376107,-0.118189359,0.048810442,-0.386513780,stable
236275577689850,236275.576500000,-0.111950621,-0.108906701,-0.083104685,0.913381242,-0.118182721,0.048792241,-0.386505976,stable
236275593619950,236275.592500000,-0.111948669,-0.108907267,-0.083106570,0.913380789,-0.118182158,0.048778124,-0.386509000,stable
236275608646350,236275.607500000,-0.111948408,-0.108905926,-0.083108678,0.913379780,-0.118177055,0.048772980,-0.386513592,stable
236275623326000,236275.622500000,-0.111947991,-0.108904339,-0.083111323,0.913381600,-0.118166539,0.048776334,-0.386512085,stable
236275639232100,236275.638500000,-0.111946233,-0.108903743,-0.083114468,0.913383461,-0.118157935,0.048771041,-0.386510984,stable
236275654286250,236275.653500000,-0.111946307,-0.108902015,-0.083116628,0.913381486,-0.118153039,0.048765091,-0.386517899,stable
236275670696050,236275.669500000,-0.111944579,-0.108901717,-0.083119355,0.913381679,-0.118148131,0.048754383,-0.386520294,stable
236275685992300,236275.685500000,-0.111942761,-0.108901963,-0.083121479,0.913383968,-0.118142553,0.048750223,-0.386517115,stable
236275701331300,236275.700500000,-0.111941025,-0.108901270,-0.083124720,0.913386567,-0.118132478,0.048747605,-0.386514384,stable
236275717586550,236275.716500000,-0.111940719,-0.108900428,-0.083126239,0.913384887,-0.118130419,0.048740081,-0.386519932,stable
236275732761400,236275.731500000,-0.111939721,-0.108899400,-0.083128929,0.913381602,-0.118128474,0.048722727,-0.386530474,stable
236275748016300,236275.747500000,-0.111939639,-0.108898334,-0.083130442,0.913378471,-0.118127911,0.048711747,-0.386539431,stable
236275763519850,236275.762500000,-0.111937933,-0.108897410,-0.083133951,0.913377404,-0.118121996,0.048697103,-0.386545603,stable
236275779621900,236275.778600000,-0.111936584,-0.108896844,-0.083136499,0.913376362,-0.118118327,0.048684990,-0.386550712,stable
236275795525850,236275.794600000,-0.111935213,-0.108896799,-0.083138399,0.913375373,-0.118116899,0.048672825,-0.386555019,stable
236275811120650,236275.810600000,-0.111933559,-0.108897649,-0.083139524,0.913376060,-0.118116591,0.048664389,-0.386554551,stable
236275827125500,236275.826600000,-0.111931354,-0.108897865,-0.083142206,0.913377495,-0.118111316,0.048654953,-0.386553961,stable
236275842133650,236275.841600000,-0.111930110,-0.108896993,-0.083145030,0.913376963,-0.118105751,0.048645085,-0.386558160,stable
236275858352800,236275.857600000,-0.111928716,-0.108896762,-0.083147198,0.913376383,-0.118102862,0.048634205,-0.386561782,stable
236275873187500,236275.872600000,-0.111927621,-0.108896948,-0.083148442,0.913375448,-0.118102924,0.048623875,-0.386565272,stable
236275889670500,236275.888600000,-0.111926071,-0.108897336,-0.083150014,0.913375357,-0.118101795,0.048613704,-0.386567111,stable
236275904278850,236275.903600000,-0.111923061,-0.108899109,-0.083151735,0.913378605,-0.118099512,0.048605033,-0.386561223,stable
236275920676900,236275.919600000,-0.111921251,-0.108900189,-0.083152764,0.913381157,-0.118097282,0.048601874,-0.386556272,stable
236275936692700,236275.935600000,-0.111919023,-0.108900562,-0.083155267,0.913385576,-0.118088529,0.048602168,-0.386548467,stable
236275951465750,236275.950600000,-0.111917041,-0.108901024,-0.083157331,0.913389091,-0.118081898,0.048601058,-0.386542327,stable
236275967026250,236275.966600000,-0.111916460,-0.108900174,-0.083159231,0.913389435,-0.118076472,0.048598342,-0.386543513,stable
236275983016400,236275.982600000,-0.111914933,-0.108899519,-0.083162151,0.913390493,-0.118069094,0.048592011,-0.386544064,stable
236275998065200,236275.997600000,-0.111914307,-0.108898692,-0.083164066,0.913389825,-0.118065121,0.048585774,-0.386547639,stable
236276013578250,236276.012600000,-0.111912824,-0.108898528,-0.083166286,0.913389485,-0.118062009,0.048574969,-0.386550751,stable
236276029507650,236276.028600000,-0.111910686,-0.108899318,-0.083168112,0.913389330,-0.118061722,0.048560724,-0.386552996,stable
236276045123650,236276.044600000,-0.111909613,-0.108899310,-0.083169580,0.913388317,-0.118061021,0.048550394,-0.386556900,stable
236276060763750,236276.059600000,-0.111908861,-0.108897790,-0.083172590,0.913387270,-0.118054215,0.048541968,-0.386562510,stable
236276076550900,236276.075600000,-0.111908078,-0.108896390,-0.083175458,0.913387396,-0.118046259,0.048537338,-0.386565224,stable
236276091657450,236276.090600000,-0.111908086,-0.108894140,-0.083178394,0.913384806,-0.118039788,0.048528762,-0.386574397,stable
236276107353600,236276.106600000,-0.111907750,-0.108893387,-0.083179839,0.913382004,-0.118039661,0.048517232,-0.386582503,stable
236276122674250,236276.121600000,-0.111906223,-0.108893327,-0.083181970,0.913380491,-0.118038593,0.048502330,-0.386588274,stable
236276139691500,236276.138600000,-0.111905463,-0.108892329,-0.083184294,0.913378594,-0.118035286,0.048491173,-0.386595164,stable
236276154282050,236276.153800000,-0.111904576,-0.108891688,-0.083186321,0.913376386,-0.118033788,0.048478209,-0.386602464,stable
236276169728000,236276.168800000,-0.111903206,-0.108891957,-0.083187819,0.913374111,-0.118035583,0.048461671,-0.386609365,stable
236276186700250,236276.185800000,-0.111901924,-0.108891740,-0.083189823,0.913372212,-0.118034809,0.048447181,-0.386615904,stable
236276201283300,236276.200800000,-0.111901946,-0.108891085,-0.083190650,0.913370074,-0.118034862,0.048440234,-0.386621808,stable
236276217000950,236276.216800000,-0.111901127,-0.108890586,-0.083192408,0.913369401,-0.118032021,0.048432628,-0.386625219,stable
236276233646800,236276.232800000,-0.111900225,-0.108889386,-0.083195195,0.913369974,-0.118024076,0.048428659,-0.386626789,stable
236276248020800,236276.247800000,-0.111900218,-0.108888738,-0.083196051,0.913369517,-0.118021791,0.048427066,-0.386628764,stable
236276263709550,236276.262800000,-0.111900121,-0.108887650,-0.083197609,0.913367002,-0.118020217,0.048418118,-0.386636308,stable
236276279102850,236276.278800000,-0.111901209,-0.108885378,-0.083199121,0.913361639,-0.118019577,0.048407356,-0.386650520,stable
236276294424650,236276.293800000,-0.111900397,-0.108884789,-0.083200984,0.913359983,-0.118017701,0.048396504,-0.386656362,stable
236276310037050,236276.309800000,-0.111899666,-0.108884335,-0.083202548,0.913359018,-0.118015636,0.048388606,-0.386660261,stable
236276325440950,236276.324800000,-0.111898661,-0.108884163,-0.083204128,0.913358459,-0.118013703,0.048380316,-0.386663207,stable
236276341429400,236276.340800000,-0.111897826,-0.108883604,-0.083205990,0.913356254,-0.118012668,0.048367557,-0.386670330,stable
236276357139250,236276.356800000,-0.111897491,-0.108882479,-0.083207913,0.913353228,-0.118011179,0.048355340,-0.386679460,stable
236276372615900,236276.371800000,-0.111896493,-0.108882166,-0.083209664,0.913350602,-0.118011522,0.048340281,-0.386687441,stable
236276388196500,236276.387800000,-0.111896150,-0.108881287,-0.083211273,0.913348379,-0.118010037,0.048330647,-0.386694347,stable
236276403538150,236276.402800000,-0.111894868,-0.108881168,-0.083213151,0.913347927,-0.118007678,0.048320805,-0.386697364,stable
236276419640600,236276.418800000,-0.111893632,-0.108881265,-0.083214685,0.913347089,-0.118006918,0.048310110,-0.386700913,stable
236276434732750,236276.433800000,-0.111893356,-0.108880840,-0.083215617,0.913346261,-0.118005645,0.048305502,-0.386703832,stable
236276451219900,236276.450800000,-0.111891866,-0.108881265,-0.083217070,0.913346921,-0.118003738,0.048298148,-0.386703774,stable
236276467673000,236276.466800000,-0.111890383,-0.108880624,-0.083219893,0.913349310,-0.117994701,0.048296502,-0.386701094,stable
236276482705450,236276.481800000,-0.111888520,-0.108881176,-0.083221681,0.913352537,-0.117989076,0.048295166,-0.386695355,stable
236276497293000,236276.496800000,-0.111887574,-0.108880475,-0.083223857,0.913354012,-0.117982071,0.048294025,-0.386694152,stable
236276512716250,236276.511800000,-0.111887366,-0.108878985,-0.083226092,0.913353531,-0.117975634,0.048290981,-0.386697632,stable
236276530400250,236276.529800000,-0.111888334,-0.108877294,-0.083227016,0.913349108,-0.117976049,0.048282486,-0.386709012,stable
236276544681650,236276.543800000,-0.111888446,-0.108875863,-0.083228722,0.913346765,-0.117973133,0.048275479,-0.386716310,stable
236276559170550,236276.558800000,-0.111884423,-0.108879313,-0.083229616,0.913352680,-0.117972651,0.048269269,-0.386703262,stable
236276575204350,236276.574800000,-0.111878052,-0.108885027,-0.083230712,0.913362071,-0.117973013,0.048259340,-0.386682211,stable
236276591183800,236276.590800000,-0.111874171,-0.108889580,-0.083229966,0.913367392,-0.117978610,0.048252103,-0.386668836,stable
236276606638250,236276.605800000,-0.111873001,-0.108887643,-0.083234072,0.913367033,-0.117968157,0.048243378,-0.386673962,stable
236276622181150,236276.621800000,-0.111880757,-0.108879253,-0.083234631,0.913352782,-0.117965213,0.048245937,-0.386708202,stable
236276638244850,236276.637800000,-0.111888856,-0.108868577,-0.083237700,0.913338824,-0.117952248,0.048251666,-0.386744408,stable
236276654264050,236276.653800000,-0.111892655,-0.108862080,-0.083241090,0.913331944,-0.117939936,0.048253266,-0.386764211,stable
236276669495900,236276.668500000,-0.111891657,-0.108861588,-0.083243087,0.913331901,-0.117935833,0.048246646,-0.386766389,stable
236276685555050,236276.684500000,-0.111886196,-0.108866557,-0.083243921,0.913337087,-0.117940467,0.048228803,-0.386754954,stable
236276701637500,236276.700500000,-0.111878254,-0.108875230,-0.083243251,0.913346589,-0.117950991,0.048209195,-0.386731749,stable
236276716234900,236276.715500000,-0.111871026,-0.108881295,-0.083245039,0.913355511,-0.117951920,0.048192235,-0.386712509,stable
236276732320350,236276.731500000,-0.111868933,-0.108884230,-0.083244011,0.913356641,-0.117959512,0.048182594,-0.386708723,stable
236276748654700,236276.747500000,-0.111870699,-0.108880244,-0.083246857,0.913351768,-0.117951787,0.048177749,-0.386723193,stable
236276763639750,236276.762500000,-0.111877054,-0.108872190,-0.083248846,0.913342941,-0.117940074,0.048189338,-0.386746168,stable
236276778608800,236276.777500000,-0.111881167,-0.108865947,-0.083251484,0.913332777,-0.117934110,0.048181971,-0.386772908,stable
236276794069950,236276.793500000,-0.111880556,-0.108867034,-0.083250880,0.913330684,-0.117940747,0.048171175,-0.386777171,stable
236276809432150,236276.808500000,-0.111873858,-0.108873755,-0.083251089,0.913341281,-0.117943316,0.048163321,-0.386752341,stable
236276825438950,236276.824500000,-0.111868434,-0.108878613,-0.083252028,0.913351840,-0.117939994,0.048163348,-0.386728413,stable
236276841405100,236276.840500000,-0.111865886,-0.108878836,-0.083255164,0.913356628,-0.117929425,0.048162782,-0.386720400,stable
236276856394950,236276.855500000,-0.111866333,-0.108879276,-0.083253987,0.913352064,-0.117938629,0.048150558,-0.386729893,stable
236276872085600,236276.871500000,-0.111870430,-0.108874977,-0.083254099,0.913340585,-0.117943199,0.048138925,-0.386757057,stable
236276887407750,236276.886500000,-0.111873455,-0.108870424,-0.083255991,0.913332392,-0.117940000,0.048131101,-0.386778355,stable
236276903736700,236276.902500000,-0.111873634,-0.108868755,-0.083257921,0.913332699,-0.117932409,0.048133314,-0.386779670,stable
236276918454250,236276.917500000,-0.111870401,-0.108872369,-0.083257549,0.913336011,-0.117937822,0.048123451,-0.386771424,stable
236276934501050,236276.933500000,-0.111865900,-0.108874999,-0.083260164,0.913340260,-0.117935038,0.048108660,-0.386764079,stable
236276950114150,236276.949500000,-0.111862294,-0.108879544,-0.083259061,0.913342720,-0.117945128,0.048093715,-0.386757053,stable
236276966094300,236276.965500000,-0.111863121,-0.108876906,-0.083261400,0.913339019,-0.117940046,0.048086632,-0.386768222,stable
236276981715250,236276.980500000,-0.111867376,-0.108870871,-0.083263576,0.913329216,-0.117934753,0.048081467,-0.386793627,stable
236276996267400,236276.995500000,-0.111870304,-0.108866565,-0.083265275,0.913322033,-0.117931053,0.048076478,-0.386812335,stable
236277012161850,236277.011500000,-0.111871831,-0.108863749,-0.083266906,0.913316654,-0.117928809,0.048068444,-0.386826718,stable
236277028687750,236277.027500000,-0.111869797,-0.108865395,-0.083267480,0.913317307,-0.117931408,0.048057556,-0.386825738,stable
236277043153800,236277.042500000,-0.111867525,-0.108867727,-0.083267488,0.913320126,-0.117933609,0.048052241,-0.386819070,stable
236277058110100,236277.057500000,-0.111866273,-0.108869836,-0.083266407,0.913321967,-0.117938108,0.048050385,-0.386813583,stable
236277073478250,236277.072500000,-0.111865439,-0.108868122,-0.083269767,0.913322105,-0.117928589,0.048045431,-0.386816776,stable
236277088378250,236277.087500000,-0.111866593,-0.108866543,-0.083270282,0.913319651,-0.117927142,0.048044753,-0.386823094,stable
236277104168400,236277.103500000,-0.111868247,-0.108862773,-0.083272994,0.913315808,-0.117918711,0.048042617,-0.386835003,stable
236277119571950,236277.118500000,-0.111867107,-0.108861491,-0.083276197,0.913317351,-0.117908630,0.048040287,-0.386834723,stable
236277134455200,236277.133500000,-0.111866236,-0.108862266,-0.083276346,0.913318117,-0.117909389,0.048037277,-0.386833055,stable
236277150180400,236277.149600000,-0.111863501,-0.108864717,-0.083276816,0.913320216,-0.117912215,0.048026675,-0.386828555,stable
236277165702800,236277.164600000,-0.111861177,-0.108866446,-0.083277695,0.913322796,-0.117911911,0.048020221,-0.386823356,stable
236277180592650,236277.179600000,-0.111860074,-0.108866185,-0.083279513,0.913324399,-0.117906389,0.048018448,-0.386821476,stable
236277196151100,236277.195600000,-0.111861229,-0.108864412,-0.083280273,0.913321425,-0.117904803,0.048015982,-0.386829287,stable
236277211080550,236277.210600000,-0.111863390,-0.108861819,-0.083280765,0.913315796,-0.117905121,0.048011267,-0.386843065,stable
236277226138200,236277.225600000,-0.111863896,-0.108860694,-0.083281547,0.913312886,-0.117905122,0.048004882,-0.386850729,stable
236277242091100,236277.241600000,-0.111864038,-0.108860373,-0.083281785,0.913310714,-0.117906974,0.047998503,-0.386856082,stable
236277257759100,236277.256600000,-0.111861527,-0.108862124,-0.083282866,0.913312754,-0.117907162,0.047989213,-0.386852363,stable
236277272171000,236277.271600000,-0.111860119,-0.108863264,-0.083283268,0.913312229,-0.117910322,0.047978410,-0.386853977,stable
236277287088850,236277.286600000,-0.111859880,-0.108864479,-0.083282001,0.913309163,-0.117919587,0.047966753,-0.386859837,stable
236277302509250,236277.301600000,-0.111861221,-0.108862802,-0.083282389,0.913304752,-0.117920824,0.047960688,-0.386870625,stable
236277318223050,236277.317600000,-0.111861102,-0.108861126,-0.083284751,0.913303569,-0.117914664,0.047956028,-0.386875874,stable
236277334123400,236277.333600000,-0.111861445,-0.108858928,-0.083287150,0.913305371,-0.117902953,0.047964168,-0.386874181,stable
236277349488650,236277.348600000,-0.111860268,-0.108858742,-0.083288975,0.913306520,-0.117898253,0.047960445,-0.386873363,stable
236277365574900,236277.364600000,-0.111860625,-0.108858839,-0.083288372,0.913303064,-0.117904177,0.047951337,-0.386880844,stable
236277380520250,236277.379600000,-0.111861423,-0.108857229,-0.083289400,0.913298795,-0.117904448,0.047942255,-0.386891965,stable
236277395565250,236277.394600000,-0.111862883,-0.108856425,-0.083288498,0.913294493,-0.117909602,0.047937453,-0.386901144,stable
236277411114750,236277.410600000,-0.111861132,-0.108856931,-0.083290190,0.913297580,-0.117904236,0.047936369,-0.386895626,stable
236277426175850,236277.425600000,-0.111858748,-0.108858004,-0.083291985,0.913302026,-0.117898281,0.047935755,-0.386887023,stable
236277442187050,236277.441600000,-0.111856826,-0.108859181,-0.083293021,0.913303993,-0.117897118,0.047929988,-0.386883447,stable
236277458107850,236277.457600000,-0.111856624,-0.108859666,-0.083292663,0.913301397,-0.117902546,0.047920044,-0.386889155,stable
236277473703600,236277.472600000,-0.111857332,-0.108858436,-0.083293334,0.913298057,-0.117902970,0.047913592,-0.386897707,stable
236277489713950,236277.488600000,-0.111858614,-0.108856522,-0.083294109,0.913294710,-0.117901524,0.047910756,-0.386906401,stable
236277505174600,236277.504600000,-0.111858957,-0.108856350,-0.083293863,0.913294090,-0.117902310,0.047910847,-0.386907613,stable
236277521394150,236277.520600000,-0.111857623,-0.108856581,-0.083295360,0.913294847,-0.117899700,0.047904801,-0.386907371,stable
236277536626750,236277.535600000,-0.111857422,-0.108856864,-0.083295256,0.913292189,-0.117904301,0.047894751,-0.386913487,stable
236277552195850,236277.551600000,-0.111856967,-0.108857699,-0.083294779,0.913289713,-0.117910659,0.047883540,-0.386918782,stable
236277568726050,236277.567600000,-0.111857101,-0.108856864,-0.083295688,0.913286916,-0.117911054,0.047875200,-0.386926294,stable
236277584131700,236277.583600000,-0.111856855,-0.108856469,-0.083296530,0.913286513,-0.117909357,0.047872339,-0.386928118,stable
236277599360550,236277.598600000,-0.111858383,-0.108853906,-0.083297834,0.913283859,-0.117904444,0.047873342,-0.386935755,stable
236277614479200,236277.613600000,-0.111859381,-0.108851835,-0.083299197,0.913281342,-0.117900590,0.047871386,-0.386943111,stable
236277630049800,236277.629600000,-0.111858390,-0.108852394,-0.083299801,0.913278947,-0.117904515,0.047857099,-0.386949335,stable
236277645459000,236277.644600000,-0.111857690,-0.108852513,-0.083300583,0.913278243,-0.117904688,0.047850312,-0.386951783,stable
236277661474900,236277.660600000,-0.111855820,-0.108852766,-0.083302759,0.913280682,-0.117898839,0.047846381,-0.386948295,stable
236277676474450,236277.675600000,-0.111855172,-0.108852349,-0.083304174,0.913281828,-0.117894132,0.047845950,-0.386947078,stable
236277692073250,236277.691800000,-0.111856535,-0.108850107,-0.083305277,0.913279639,-0.117889708,0.047847453,-0.386953408,stable
236277708166250,236277.707800000,-0.111856870,-0.108848497,-0.083306938,0.913276526,-0.117887464,0.047839174,-0.386962462,stable
236277723514450,236277.722800000,-0.111859009,-0.108845711,-0.083307691,0.913270968,-0.117886814,0.047834613,-0.386976339,stable
236277739509100,236277.738800000,-0.111858971,-0.108845212,-0.083308399,0.913268178,-0.117888395,0.047825137,-0.386983615,stable
236277754557150,236277.753800000,-0.111857884,-0.108844727,-0.083310492,0.913269003,-0.117882962,0.047820871,-0.386983850,stable
236277770158750,236277.769800000,-0.111856848,-0.108845137,-0.083311342,0.913270607,-0.117880585,0.047819515,-0.386980957,stable
236277786146000,236277.785800000,-0.111855470,-0.108845882,-0.083312221,0.913272528,-0.117878590,0.047817105,-0.386977327,stable
236277801210400,236277.800800000,-0.111853905,-0.108846627,-0.083313353,0.913272918,-0.117878400,0.047808260,-0.386977558,stable
236277816609150,236277.815800000,-0.111853726,-0.108845964,-0.083314463,0.913271286,-0.117877332,0.047801687,-0.386982546,stable
236277832584150,236277.831800000,-0.111854449,-0.108843483,-0.083316721,0.913269388,-0.117870254,0.047800042,-0.386989384,stable
236277848159600,236277.847800000,-0.111854836,-0.108841687,-0.083318554,0.913266875,-0.117866401,0.047794177,-0.386997213,stable
236277864212550,236277.863800000,-0.111854106,-0.108841360,-0.083319969,0.913266089,-0.117864620,0.047786874,-0.387000512,stable
236277879256800,236277.878800000,-0.111853756,-0.108842202,-0.083319336,0.913265242,-0.117868895,0.047781934,-0.387001818,stable
236277894172600,236277.893800000,-0.111852571,-0.108843721,-0.083318941,0.913266062,-0.117872320,0.047776949,-0.386999458,stable
236277909718300,236277.908800000,-0.111851953,-0.108843349,-0.083320253,0.913266570,-0.117868733,0.047774767,-0.386999620,stable
236277925667800,236277.924800000,-0.111851215,-0.108843699,-0.083320782,0.913265847,-0.117869909,0.047767614,-0.387001852,stable
236277940623000,236277.939800000,-0.111852691,-0.108842142,-0.083320841,0.913262131,-0.117870920,0.047764745,-0.387010665,stable
236277956663750,236277.955800000,-0.111854032,-0.108840935,-0.083320618,0.913258012,-0.117873817,0.047759787,-0.387020114,stable
236277972224900,236277.971800000,-0.111853734,-0.108840540,-0.083321534,0.913256958,-0.117872918,0.047754363,-0.387023545,stable
236277988220650,236277.987800000,-0.111853436,-0.108840168,-0.083322421,0.913256094,-0.117871901,0.047749560,-0.387026487,stable
236278004723450,236278.003800000,-0.111853540,-0.108840249,-0.083322175,0.913255147,-0.117873779,0.047747105,-0.387028452,stable
236278019315200,236278.018800000,-0.111853361,-0.108840339,-0.083322309,0.913252395,-0.117877630,0.047736890,-0.387035034,stable
236278035200200,236278.034800000,-0.111852996,-0.108841062,-0.083321854,0.913251174,-0.117881896,0.047730499,-0.387037402,stable
236278050702400,236278.049800000,-0.111851729,-0.108841814,-0.083322562,0.913252530,-0.117880970,0.047726919,-0.387034926,stable
236278066742800,236278.065800000,-0.111852787,-0.108840533,-0.083322808,0.913251190,-0.117879119,0.047729263,-0.387038362,stable
236278083654150,236278.082800000,-0.111853115,-0.108839996,-0.083323076,0.913249614,-0.117879540,0.047726106,-0.387042344,stable
236278098358150,236278.097800000,-0.111852191,-0.108840600,-0.083323523,0.913249738,-0.117880315,0.047720582,-0.387042496,stable
236278114214200,236278.113800000,-0.111852631,-0.108840056,-0.083323658,0.913247030,-0.117882450,0.047714483,-0.387048986,stable
236278130084350,236278.129800000,-0.111852460,-0.108841158,-0.083322451,0.913245213,-0.117889599,0.047707368,-0.387051975,stable
236278145532600,236278.144800000,-0.111851871,-0.108840711,-0.083323821,0.913245787,-0.117885655,0.047705478,-0.387052055,stable
236278161541000,236278.160800000,-0.111852050,-0.108839869,-0.083324671,0.913244715,-0.117883726,0.047703147,-0.387055457,stable
236278176597400,236278.175800000,-0.111853264,-0.108838834,-0.083324395,0.913242060,-0.117885093,0.047702172,-0.387061425,stable
236278191597450,236278.190800000,-0.111853264,-0.108838379,-0.083324991,0.913240531,-0.117885192,0.047697007,-0.387065640,stable
236278207698450,236278.206500000,-0.111854248,-0.108835980,-0.083326802,0.913236635,-0.117881725,0.047690541,-0.387076683,stable
236278222569850,236278.221500000,-0.111853883,-0.108835131,-0.083328404,0.913233615,-0.117881384,0.047678209,-0.387085433,stable
236278238535900,236278.237500000,-0.111854941,-0.108835466,-0.083326548,0.913230196,-0.117889704,0.047673677,-0.387091524,stable
236278253585050,236278.252500000,-0.111855268,-0.108835138,-0.083326541,0.913226621,-0.117893832,0.047663914,-0.387099903,stable
236278269108700,236278.268500000,-0.111856431,-0.108834706,-0.083325543,0.913222865,-0.117899368,0.047659044,-0.387107677,stable
236278284716750,236278.283500000,-0.111856252,-0.108833224,-0.083327718,0.913221130,-0.117894792,0.047652059,-0.387114022,stable
236278300237800,236278.299500000,-0.111857295,-0.108831950,-0.083327986,0.913219624,-0.117893144,0.047653827,-0.387117860,stable
236278316733550,236278.315500000,-0.111857548,-0.108831011,-0.083328865,0.913217119,-0.117892905,0.047647222,-0.387124654,stable
236278330679250,236278.330500000,-0.111857846,-0.108831540,-0.083327778,0.913214142,-0.117899983,0.047639306,-0.387130497,stable
236278346283400,236278.345500000,-0.111857526,-0.108831711,-0.083327986,0.913211708,-0.117903539,0.047629182,-0.387136402,stable
236278362352850,236278.361500000,-0.111856721,-0.108832598,-0.083327904,0.913210944,-0.117907049,0.047621538,-0.387138075,stable
236278377295900,236278.376500000,-0.111856192,-0.108833417,-0.083327547,0.913212546,-0.117907466,0.047623471,-0.387133930,stable
236278393752300,236278.392500000,-0.111855619,-0.108833633,-0.083328024,0.913214343,-0.117904852,0.047625755,-0.387130208,stable
236278408347850,236278.407500000,-0.111854255,-0.108834319,-0.083328970,0.913217299,-0.117901168,0.047626707,-0.387124238,stable
236278423837800,236278.422500000,-0.111854501,-0.108834364,-0.083328575,0.913216045,-0.117903619,0.047624111,-0.387126770,stable
236278440019600,236278.439500000,-0.111855529,-0.108833149,-0.083328776,0.913215740,-0.117900585,0.047629714,-0.387127725,stable
236278455570550,236278.454500000,-0.111855075,-0.108832456,-0.083330296,0.913216593,-0.117895387,0.047629587,-0.387127311,stable
236278471193100,236278.470600000,-0.111855336,-0.108832307,-0.083330147,0.913215838,-0.117896247,0.047628791,-0.387128928,stable
236278487156800,236278.486500000,-0.111854039,-0.108833164,-0.083330758,0.913216121,-0.117897228,0.047621459,-0.387128863,stable
236278502558000,236278.501500000,-0.111853220,-0.108834073,-0.083330683,0.913215004,-0.117901269,0.047612463,-0.387131373,stable
236278518088550,236278.517600000,-0.111853607,-0.108832553,-0.083332144,0.913214027,-0.117896549,0.047611728,-0.387135207,stable
236278535159700,236278.534600000,-0.111852437,-0.108831435,-0.083335176,0.913215353,-0.117887417,0.047608607,-0.387135243,stable
236278549643300,236278.548600000,-0.111852519,-0.108829953,-0.083337002,0.913213417,-0.117883591,0.047602716,-0.387141698,stable
236278565231850,236278.564600000,-0.111853085,-0.108828411,-0.083338261,0.913210206,-0.117882236,0.047595668,-0.387150553,stable
236278581194850,236278.580600000,-0.111853443,-0.108827055,-0.083339542,0.913207641,-0.117880403,0.047589547,-0.387157913,stable
236278596676550,236278.595600000,-0.111854225,-0.108825937,-0.083339959,0.913206251,-0.117878798,0.047589953,-0.387161630,stable
236278612209850,236278.611600000,-0.111854136,-0.108825043,-0.083341241,0.913204844,-0.117876618,0.047584694,-0.387166260,stable
236278628179550,236278.627600000,-0.111853860,-0.108824931,-0.083341755,0.913203248,-0.117877783,0.047577717,-0.387170527,stable
236278643783950,236278.642600000,-0.111854337,-0.108824767,-0.083341330,0.913200694,-0.117881509,0.047572368,-0.387176074,stable
236278659311200,236278.658600000,-0.111853823,-0.108824402,-0.083342493,0.913199524,-0.117880528,0.047565128,-0.387180022,stable
236278674332150,236278.673600000,-0.111854620,-0.108822197,-0.083344311,0.913197612,-0.117874783,0.047563920,-0.387186428,stable
236278689737250,236278.688600000,-0.111854687,-0.108821958,-0.083344527,0.913197757,-0.117873676,0.047564775,-0.387186319,stable
236278705740300,236278.704600000,-0.111854598,-0.108821042,-0.083345853,0.913197752,-0.117869377,0.047564141,-0.387187718,stable
236278720286250,236278.719600000,-0.111854941,-0.108820394,-0.083346233,0.913196070,-0.117869457,0.047560859,-0.387192063,stable
236278736268250,236278.735600000,-0.111855611,-0.108819239,-0.083346836,0.913192911,-0.117869941,0.047554805,-0.387200110,stable
236278752740850,236278.751600000,-0.111855403,-0.108818807,-0.083347686,0.913189873,-0.117871834,0.047543406,-0.387208098,stable
236278767530050,236278.766600000,-0.111855604,-0.108817935,-0.083348557,0.913187438,-0.117871701,0.047536596,-0.387214718,stable
236278782600750,236278.781600000,-0.111855038,-0.108817071,-0.083350435,0.913187644,-0.117866444,0.047533688,-0.387216189,stable
236278798626850,236278.797600000,-0.111855283,-0.108816788,-0.083350480,0.913185185,-0.117869072,0.047527124,-0.387221994,stable
236278814698200,236278.813600000,-0.111854523,-0.108817391,-0.083350703,0.913184765,-0.117870905,0.047520936,-0.387223185,stable
236278829214550,236278.828600000,-0.111854307,-0.108817533,-0.083350815,0.913185611,-0.117869923,0.047522367,-0.387221313,stable
236278844652200,236278.843600000,-0.111853875,-0.108816355,-0.083352931,0.913185832,-0.117863535,0.047520198,-0.387223004,stable
236278860702050,236278.859600000,-0.111854583,-0.108815178,-0.083353527,0.913183572,-0.117862701,0.047517297,-0.387228942,stable
236278875656800,236278.874600000,-0.111854509,-0.108815014,-0.083353832,0.913182908,-0.117862745,0.047514733,-0.387230811,stable
236278891186050,236278.890600000,-0.111855216,-0.108814210,-0.083353944,0.913179410,-0.117865355,0.047507652,-0.387239134,stable
236278906689500,236278.905600000,-0.111855440,-0.108814396,-0.083353393,0.913176635,-0.117870499,0.047499951,-0.387245055,stable
236278922174050,236278.921600000,-0.111856721,-0.108812578,-0.083354048,0.913174974,-0.117867103,0.047502677,-0.387249673,stable
236278938295550,236278.937600000,-0.111856304,-0.108813211,-0.083353780,0.913174964,-0.117869173,0.047499946,-0.387249400,stable
236278954247350,236278.953600000,-0.111853570,-0.108815841,-0.083354011,0.913178102,-0.117871368,0.047492792,-0.387242209,stable
236278969744500,236278.968600000,-0.111852989,-0.108817615,-0.083352476,0.913178821,-0.117877203,0.047491455,-0.387238903,stable
236278985743350,236278.984600000,-0.111852527,-0.108817182,-0.083353654,0.913179870,-0.117872931,0.047491967,-0.387237666,stable
236279000738350,236278.999600000,-0.111855231,-0.108813874,-0.083354361,0.913174851,-0.117870217,0.047492716,-0.387250237,stable
236279016311650,236279.015600000,-0.111858472,-0.108811095,-0.083353631,0.913168428,-0.117872938,0.047492280,-0.387264608,stable
236279032248700,236279.031600000,-0.111859128,-0.108810239,-0.083353870,0.913163967,-0.117876523,0.047481869,-0.387275311,stable
236279047742100,236279.046600000,-0.111858577,-0.108810492,-0.083354272,0.913163847,-0.117876791,0.047477920,-0.387275997,stable
236279063759050,236279.062600000,-0.111854948,-0.108815424,-0.083352707,0.913170321,-0.117882950,0.047476026,-0.387259089,stable
236279080730450,236279.079600000,-0.111852974,-0.108816236,-0.083354294,0.913174801,-0.117876581,0.047478068,-0.387250212,stable
236279095386750,236279.094600000,-0.111854061,-0.108814612,-0.083354957,0.913173147,-0.117873677,0.047479619,-0.387254808,stable
236279111099700,236279.110600000,-0.111856841,-0.108809583,-0.083357796,0.913167553,-0.117864186,0.047478975,-0.387270965,stable
236279127774200,236279.126600000,-0.111860335,-0.108805172,-0.083358862,0.913160576,-0.117860825,0.047478308,-0.387288521,stable
236279143773150,236279.142600000,-0.111863032,-0.108800329,-0.083361566,0.913154396,-0.117852841,0.047475191,-0.387305904,stable
236279158397050,236279.157600000,-0.111864388,-0.108799547,-0.083360761,0.913151553,-0.117855898,0.047474578,-0.387311753,stable
236279174110750,236279.173600000,-0.111862309,-0.108800098,-0.083362848,0.913153515,-0.117851635,0.047467611,-0.387309277,stable
236279189069200,236279.188600000,-0.111860730,-0.108801574,-0.083363026,0.913154182,-0.117854304,0.047459777,-0.387307851,stable
236279204491000,236279.203600000,-0.111859947,-0.108802073,-0.083363421,0.913153951,-0.117855356,0.047454044,-0.387308778,stable
236279220099600,236279.219600000,-0.111861840,-0.108799860,-0.083363786,0.913149332,-0.117855464,0.047450817,-0.387320031,stable
236279236048300,236279.235800000,-0.111863002,-0.108798295,-0.083364263,0.913145291,-0.117856307,0.047444954,-0.387330020,stable
236279251443300,236279.250800000,-0.111862808,-0.108798482,-0.083364278,0.913142866,-0.117860124,0.047435858,-0.387335690,stable
236279267553350,236279.266800000,-0.111863293,-0.108798213,-0.083363980,0.913141533,-0.117861716,0.047434512,-0.387338513,stable
236279282497150,236279.281800000,-0.111863166,-0.108797833,-0.083364643,0.913140245,-0.117861563,0.047429428,-0.387342218,stable
236279298108300,236279.297800000,-0.111863010,-0.108798109,-0.083364502,0.913138373,-0.117865098,0.047422214,-0.387346439,stable
236279313504750,236279.312800000,-0.111864179,-0.108797543,-0.083363675,0.913135119,-0.117869318,0.047419046,-0.387353215,stable
236279329485650,236279.328800000,-0.111865588,-0.108796172,-0.083363563,0.913131526,-0.117870881,0.047416225,-0.387361553,stable
236279345134900,236279.344800000,-0.111866571,-0.108796038,-0.083362393,0.913128245,-0.117876782,0.047411716,-0.387368044,stable
236279360162450,236279.359800000,-0.111867703,-0.108795241,-0.083361946,0.913125545,-0.117879089,0.047410072,-0.387373907,stable
236279376220000,236279.375800000,-0.111867920,-0.108795479,-0.083361343,0.913124548,-0.117881945,0.047408196,-0.387375618,stable
236279391577600,236279.390800000,-0.111869149,-0.108794324,-0.083361194,0.913122744,-0.117881675,0.047410106,-0.387379719,stable
236279407102800,236279.406800000,-0.111868821,-0.108794108,-0.083361894,0.913122939,-0.117879829,0.047408655,-0.387379999,stable
236279422553050,236279.421800000,-0.111868672,-0.108794540,-0.083361559,0.913121897,-0.117882895,0.047404160,-0.387382072,stable
236279438587450,236279.437800000,-0.111870162,-0.108793862,-0.083360411,0.913118458,-0.117887546,0.047402518,-0.387388964,stable
236279454609100,236279.453800000,-0.111871183,-0.108794004,-0.083358884,0.913116224,-0.117893205,0.047401663,-0.387392613,stable
236279470194350,236279.469800000,-0.111870818,-0.108793519,-0.083360016,0.913116258,-0.117890266,0.047399378,-0.387393705,stable
236279472253250,236279.471800000,-0.111870721,-0.108793676,-0.083359934,0.913116406,-0.117890590,0.047399283,-0.387393270,stable
236279474232900,236279.473800000,-0.111870788,-0.108793542,-0.083360016,0.913116120,-0.117890510,0.047398852,-0.387394021,stable
236279476191100,236279.475800000,-0.111870579,-0.108793601,-0.083360218,0.913116224,-0.117890232,0.047397841,-0.387393984,stable
236279478199600,236279.477800000,-0.111870304,-0.108793870,-0.083360247,0.913116525,-0.117890471,0.047397040,-0.387393300,stable
236279480179650,236279.479800000,-0.111870475,-0.108793668,-0.083360270,0.913116371,-0.117890124,0.047397586,-0.387393703,stable
236279482189000,236279.481800000,-0.111870453,-0.108793780,-0.083360128,0.913116192,-0.117890906,0.047396904,-0.387393971,stable
236279484213300,236279.483800000,-0.111870535,-0.108793542,-0.083360329,0.913115996,-0.117890278,0.047396684,-0.387394649,stable
236279486146600,236279.485800000,-0.111870684,-0.108793221,-0.083360553,0.913115774,-0.117889408,0.047396979,-0.387395401,stable
236279489079300,236279.487800000,-0.111870877,-0.108793370,-0.083360121,0.913115782,-0.117890415,0.047398194,-0.387394928,stable
236279490183500,236279.489800000,-0.111870900,-0.108793318,-0.083360165,0.913115904,-0.117890013,0.047398786,-0.387394690,stable
236279492191050,236279.491800000,-0.111871034,-0.108793154,-0.083360195,0.913115654,-0.117889922,0.047398752,-0.387395311,stable
236279494216300,236279.493800000,-0.111870989,-0.108793035,-0.083360374,0.913115841,-0.117889089,0.047399147,-0.387395076,stable
236279495352950,236279.494800000,-0.111871108,-0.108793095,-0.083360173,0.913115869,-0.117889473,0.047399976,-0.387394790,stable
236279497260300,236279.496800000,-0.111871034,-0.108793005,-0.083360381,0.913116102,-0.117888600,0.047400356,-0.387394460,stable
236279499253300,236279.498800000,-0.111871421,-0.108792573,-0.083360426,0.913115629,-0.117888079,0.047401250,-0.387395624,stable
236279501256700,236279.500800000,-0.111871004,-0.108792834,-0.083360657,0.913116150,-0.117887690,0.047400277,-0.387394634,stable
236279503262550,236279.502800000,-0.111870922,-0.108792841,-0.083360761,0.913116377,-0.117887234,0.047400492,-0.387394212,stable
236279505281000,236279.504800000,-0.111870907,-0.108792894,-0.083360694,0.913116532,-0.117887276,0.047400923,-0.387393780,stable
236279507259900,236279.506800000,-0.111870803,-0.108792692,-0.083361104,0.913116628,-0.117886006,0.047400620,-0.387393979,stable
236279509258700,236279.508800000,-0.111870557,-0.108792886,-0.083361186,0.913117057,-0.117885814,0.047400366,-0.387393056,stable
236279511768300,236279.510800000,-0.111869842,-0.108793087,-0.083361872,0.913118014,-0.117884034,0.047398985,-0.387391512,stable
236279513772000,236279.512800000,-0.111869723,-0.108793236,-0.083361842,0.913118653,-0.117883584,0.047400284,-0.387389984,stable
236279515787700,236279.514800000,-0.111869887,-0.108793266,-0.083361559,0.913118638,-0.117884082,0.047401319,-0.387389740,stable
236279517786350,236279.516800000,-0.111869618,-0.108792976,-0.083362311,0.913118563,-0.117882366,0.047399295,-0.387390687,stable
236279520465500,236279.519800000,-0.111870073,-0.108792618,-0.083362155,0.913118092,-0.117882285,0.047400760,-0.387391643,stable
236279521776450,236279.520800000,-0.111869521,-0.108792387,-0.083363228,0.913118552,-0.117879504,0.047398661,-0.387391661,stable
236279523764400,236279.522800000,-0.111869976,-0.108792543,-0.083362408,0.913118632,-0.117880989,0.047401892,-0.387390627,stable
236279525765850,236279.524800000,-0.111869395,-0.108793192,-0.083362341,0.913119295,-0.117881839,0.047400324,-0.387388995,stable
236279527769950,236279.526800000,-0.111869812,-0.108792223,-0.083363049,0.913118867,-0.117878895,0.047401557,-0.387390749,stable
236279529776150,236279.528800000,-0.111869827,-0.108792700,-0.083362401,0.913119240,-0.117880536,0.047402906,-0.387389206,stable
236279531775650,236279.530800000,-0.111869670,-0.108792976,-0.083362259,0.913119562,-0.117881038,0.047402934,-0.387388292,stable
236279533711750,236279.532800000,-0.111869894,-0.108792283,-0.083362855,0.913119586,-0.117878322,0.047404478,-0.387388873,stable
236279535768050,236279.534800000,-0.111870185,-0.108792208,-0.083362564,0.913118978,-0.117879393,0.047404346,-0.387389996,stable
236279537784150,236279.536800000,-0.111870453,-0.108791530,-0.083363086,0.913118870,-0.117877018,0.047405670,-0.387390810,stable
236279539774850,236279.538800000,-0.111870416,-0.108791322,-0.083363414,0.913118558,-0.117876442,0.047404391,-0.387391877,stable
236279541770850,236279.540800000,-0.111870632,-0.108791612,-0.083362743,0.913118577,-0.117878099,0.047405935,-0.387391140,stable
236279543775350,236279.542800000,-0.111870490,-0.108791269,-0.083363384,0.913118476,-0.117876425,0.047404673,-0.387392042,stable
236279545789900,236279.544800000,-0.111870371,-0.108791471,-0.083363280,0.913119077,-0.117876284,0.047405843,-0.387390524,stable
236279548785500,236279.547800000,-0.111871034,-0.108790934,-0.083363086,0.913117817,-0.117876923,0.047405924,-0.387393292,stable
236279549799650,236279.548800000,-0.111871272,-0.108790144,-0.083363801,0.913117442,-0.117874336,0.047406229,-0.387394924,stable
236279551813850,236279.550800000,-0.111871526,-0.108790383,-0.083363153,0.913117215,-0.117876207,0.047407142,-0.387394779,stable
236279553792400,236279.552800000,-0.111871786,-0.108790137,-0.083363116,0.913116566,-0.117876536,0.047406606,-0.387396273,stable
236279556033550,236279.555800000,-0.111871883,-0.108789876,-0.083363339,0.913116396,-0.117875748,0.047406696,-0.387396902,stable
236279558031800,236279.557800000,-0.111872151,-0.108789615,-0.083363310,0.913115791,-0.117875955,0.047406438,-0.387398299,stable
236279559481900,236279.558800000,-0.111872196,-0.108789586,-0.083363265,0.913115612,-0.117876194,0.047406147,-0.387398682,stable
236279561486650,236279.560800000,-0.111872047,-0.108789280,-0.083363891,0.913115616,-0.117874495,0.047405146,-0.387399314,stable
236279563490450,236279.562800000,-0.111872055,-0.108789355,-0.083363786,0.913115409,-0.117875117,0.047404496,-0.387399690,stable
236279565485400,236279.564800000,-0.111872509,-0.108789228,-0.083363339,0.913114724,-0.117876388,0.047405191,-0.387400835,stable
236279567483200,236279.566800000,-0.111872591,-0.108789258,-0.083363198,0.913114199,-0.117877388,0.047403995,-0.387401913,stable
236279569482500,236279.568800000,-0.111872949,-0.108788863,-0.083363220,0.913113647,-0.117877125,0.047404378,-0.387403247,stable
236279571502350,236279.570800000,-0.111872800,-0.108788751,-0.083363540,0.913113470,-0.117876626,0.047402937,-0.387403993,stable
236279573493200,236279.572800000,-0.111872658,-0.108788781,-0.083363704,0.913113193,-0.117876822,0.047401102,-0.387404811,stable
236279575495450,236279.574800000,-0.111873008,-0.108788654,-0.083363421,0.913112407,-0.117877991,0.047400747,-0.387406351,stable
236279577492950,236279.576800000,-0.111873001,-0.108788490,-0.083363637,0.913112328,-0.117877355,0.047400500,-0.387406760,stable
236279579487900,236279.578800000,-0.111872807,-0.108788639,-0.083363712,0.913112628,-0.117877221,0.047400165,-0.387406135,stable
236279581491350,236279.580800000,-0.111872934,-0.108788438,-0.083363794,0.913112397,-0.117876916,0.047400232,-0.387406764,stable
236279583490350,236279.582800000,-0.111872450,-0.108788908,-0.083363831,0.913112627,-0.117877735,0.047397937,-0.387406254,stable
236279585485850,236279.584800000,-0.111872770,-0.108788684,-0.083363704,0.913111900,-0.117878367,0.047397512,-0.387407828,stable
236279587486000,236279.586800000,-0.111872822,-0.108788580,-0.083363742,0.913111655,-0.117878403,0.047397038,-0.387408452,stable
236279589489300,236279.588800000,-0.111872651,-0.108788721,-0.083363809,0.913111877,-0.117878334,0.047396690,-0.387407993,stable
236279591499250,236279.590800000,-0.111872576,-0.108788617,-0.083364047,0.913111983,-0.117877580,0.047396559,-0.387407988,stable
236279594029800,236279.593800000,-0.111872695,-0.108788490,-0.083364055,0.913111661,-0.117877704,0.047396215,-0.387408752,stable
236279596079000,236279.595800000,-0.111872837,-0.108788170,-0.083364286,0.913111631,-0.117876560,0.047397081,-0.387409063,stable
236279598073150,236279.597800000,-0.111873068,-0.108788140,-0.083364017,0.913111135,-0.117877541,0.047396953,-0.387409949,stable
236279600041400,236279.599800000,-0.111872889,-0.108788289,-0.083364055,0.913111381,-0.117877549,0.047396563,-0.387409416,stable
236279602934650,236279.601800000,-0.111872695,-0.108788207,-0.083364397,0.913111474,-0.117876726,0.047395690,-0.387409553,stable
236279604046800,236279.603800000,-0.111872464,-0.108788297,-0.083364584,0.913111573,-0.117876553,0.047394522,-0.387409515,stable
236279605502550,236279.604800000,-0.111872368,-0.108788326,-0.083364703,0.913111727,-0.117876222,0.047394446,-0.387409262,stable
236279607503900,236279.606800000,-0.111872777,-0.108788148,-0.083364390,0.913111206,-0.117876939,0.047395337,-0.387410162,stable
236279609506750,236279.608800000,-0.111872755,-0.108788013,-0.083364569,0.913111070,-0.117876505,0.047394766,-0.387410687,stable
236279611508850,236279.610800000,-0.111872599,-0.108787872,-0.083364964,0.913110811,-0.117875958,0.047392850,-0.387411696,stable
236279613506300,236279.612800000,-0.111872263,-0.108788311,-0.083364837,0.913111159,-0.117876829,0.047391807,-0.387410739,stable
236279615511400,236279.614800000,-0.111872524,-0.108788148,-0.083364733,0.913111004,-0.117876720,0.047393041,-0.387410987,stable
236279617506900,236279.616800000,-0.111872457,-0.108787820,-0.083365224,0.913111103,-0.117875056,0.047392902,-0.387411276,stable
236279619506600,236279.618800000,-0.111872599,-0.108787678,-0.083365209,0.913110790,-0.117875114,0.047392818,-0.387412006,stable
236279621510300,236279.620800000,-0.111872882,-0.108787380,-0.083365224,0.913110531,-0.117874679,0.047393816,-0.387412628,stable
236279623502400,236279.622800000,-0.111872666,-0.108787462,-0.083365433,0.913110668,-0.117874391,0.047392804,-0.387412516,stable
236279625509100,236279.624800000,-0.111872651,-0.108787157,-0.083365828,0.913110628,-0.117873089,0.047392563,-0.387413036,stable
236279627519400,236279.626800000,-0.111872517,-0.108787082,-0.083366118,0.913110889,-0.117872101,0.047392602,-0.387412717,stable
236279629525500,236279.628800000,-0.111872517,-0.108787142,-0.083366051,0.913110705,-0.117872622,0.047391935,-0.387413073,stable
236279631514900,236279.630800000,-0.111872129,-0.108787477,-0.083366141,0.913110891,-0.117873092,0.047390091,-0.387412718,stable
236279633520350,236279.632800000,-0.111872181,-0.108787380,-0.083366185,0.913110961,-0.117872721,0.047390598,-0.387412603,stable
236279635511550,236279.634800000,-0.111872062,-0.108787119,-0.083366692,0.913110968,-0.117871277,0.047389891,-0.387413113,stable
236279637516850,236279.636800000,-0.111872047,-0.108787127,-0.083366700,0.913110656,-0.117871722,0.047388761,-0.387413852,stable
236279639511600,236279.638800000,-0.111872047,-0.108787239,-0.083366551,0.913110391,-0.117872583,0.047387962,-0.387414313,stable
236279641507750,236279.640800000,-0.111872405,-0.108787082,-0.083366275,0.913109956,-0.117873154,0.047388885,-0.387415051,stable
236279644093450,236279.643800000,-0.111872435,-0.108786918,-0.083366454,0.913109803,-0.117872695,0.047388459,-0.387415603,stable
236279646067000,236279.645800000,-0.111872375,-0.108787075,-0.083366334,0.913109524,-0.117873659,0.047387223,-0.387416117,stable
236279648056900,236279.647800000,-0.111872442,-0.108786851,-0.083366528,0.913109325,-0.117873075,0.047386983,-0.387416794,stable
236279650061100,236279.649800000,-0.111872703,-0.108786821,-0.083366215,0.913108783,-0.117874222,0.047386797,-0.387417745,stable
236279652088400,236279.651800000,-0.111872829,-0.108786665,-0.083366260,0.913108527,-0.117874086,0.047386803,-0.387418389,stable
236279654078100,236279.653800000,-0.111873090,-0.108786575,-0.083366014,0.913108157,-0.117874710,0.047387305,-0.387419010,stable
236279655531000,236279.654800000,-0.111873135,-0.108786426,-0.083366156,0.913107915,-0.117874479,0.047386709,-0.387419723,stable
236279657538700,236279.656800000,-0.111873031,-0.108786449,-0.083366238,0.913107685,-0.117874733,0.047385376,-0.387420353,stable
236279659537250,236279.658800000,-0.111872919,-0.108786382,-0.083366469,0.913107725,-0.117874187,0.047384805,-0.387420494,stable
236279661530800,236279.660800000,-0.111872897,-0.108786508,-0.083366372,0.913107539,-0.117874879,0.047384022,-0.387420818,stable
236279663531250,236279.662800000,-0.111873381,-0.108786114,-0.083366230,0.913106444,-0.117875599,0.047383461,-0.387423248,stable
236279665530600,236279.664800000,-0.111873284,-0.108785942,-0.083366580,0.913106330,-0.117874802,0.047382504,-0.387423876,stable
236279668082200,236279.667800000,-0.111873150,-0.108786009,-0.083366677,0.913106311,-0.117874874,0.047381527,-0.387424017,stable
236279670102400,236279.669800000,-0.111873090,-0.108786307,-0.083366334,0.913106115,-0.117876437,0.047380509,-0.387424129,stable
236279672080050,236279.671800000,-0.111873023,-0.108786270,-0.083366506,0.913106206,-0.117875934,0.047380388,-0.387424083,stable
236279674084550,236279.673800000,-0.111873277,-0.108785853,-0.083366685,0.913105626,-0.117875385,0.047380166,-0.387425644,stable
236279676081650,236279.675800000,-0.111873299,-0.108785778,-0.083366752,0.913105144,-0.117875794,0.047378705,-0.387426834,stable
236279678072500,236279.677800000,-0.111873388,-0.108785674,-0.083366796,0.913104847,-0.117875846,0.047378243,-0.387427575,stable
236279680074350,236279.679800000,-0.111873433,-0.108785354,-0.083367132,0.913104624,-0.117874864,0.047377816,-0.387428450,stable
236279682075600,236279.681800000,-0.111873321,-0.108785585,-0.083366998,0.913104804,-0.117875408,0.047377626,-0.387427884,stable
236279684083500,236279.683800000,-0.111873060,-0.108785704,-0.083367199,0.913105107,-0.117874962,0.047377030,-0.387427380,stable
236279686102600,236279.685800000,-0.111872815,-0.108785555,-0.083367728,0.913105300,-0.117873578,0.047375973,-0.387427475,stable
236279687572800,236279.686800000,-0.111873016,-0.108785391,-0.083367668,0.913105059,-0.117873533,0.047376591,-0.387427981,stable
236279689570650,236279.688800000,-0.111872844,-0.108785257,-0.083368063,0.913105161,-0.117872495,0.047375797,-0.387428152,stable
236279691571550,236279.690800000,-0.111873008,-0.108785056,-0.083368085,0.913104847,-0.117872389,0.047375833,-0.387428920,stable
236279694088500,236279.693800000,-0.111872740,-0.108785376,-0.083368056,0.913105325,-0.117872590,0.047375654,-0.387427754,stable
236279696090250,236279.695800000,-0.111872628,-0.108785711,-0.083367772,0.913105238,-0.117873988,0.047374687,-0.387427653,stable
236279698089050,236279.697800000,-0.111872442,-0.108785868,-0.083367810,0.913105481,-0.117874011,0.047374319,-0.387427118,stable
236279700527950,236279.699800000,-0.111872479,-0.108785696,-0.083367981,0.913105158,-0.117873762,0.047373483,-0.387428057,stable
236279702524350,236279.701800000,-0.111872621,-0.108785570,-0.083367974,0.913104859,-0.117873843,0.047373409,-0.387428747,stable
236279704527050,236279.703800000,-0.111872204,-0.108785495,-0.083368622,0.913105451,-0.117871906,0.047372689,-0.387428030,stable
236279706523600,236279.705800000,-0.111871853,-0.108785473,-0.083369114,0.913105821,-0.117870618,0.047371640,-0.387427677,stable
236279708531850,236279.707800000,-0.111871749,-0.108785570,-0.083369136,0.913105596,-0.117871164,0.047370184,-0.387428219,stable
236279710519100,236279.709800000,-0.111871734,-0.108785406,-0.083369367,0.913105429,-0.117870636,0.047369555,-0.387428850,stable
236279712514000,236279.711800000,-0.111871995,-0.108785078,-0.083369426,0.913104920,-0.117870401,0.047369579,-0.387430118,stable
236279715047750,236279.714800000,-0.111871868,-0.108785339,-0.083369277,0.913104536,-0.117871791,0.047367547,-0.387430848,stable
236279717066850,236279.716800000,-0.111872144,-0.108785018,-0.083369322,0.913103863,-0.117871878,0.047366976,-0.387432479,stable
236279719064300,236279.718800000,-0.111872286,-0.108784959,-0.083369218,0.913103341,-0.117872588,0.047366202,-0.387433588,stable
236279721063300,236279.720800000,-0.111872271,-0.108785152,-0.083368979,0.913102928,-0.117874027,0.047364708,-0.387434305,stable
236279723062900,236279.722800000,-0.111872233,-0.108784981,-0.083369255,0.913103009,-0.117873061,0.047364714,-0.387434408,stable
236279725068200,236279.724800000,-0.111872181,-0.108784772,-0.083369590,0.913102619,-0.117872558,0.047363150,-0.387435671,stable
236279727059550,236279.726800000,-0.111872017,-0.108784668,-0.083369948,0.913102485,-0.117871960,0.047361671,-0.387436350,stable
236279729065750,236279.728800000,-0.111872323,-0.108784504,-0.083369754,0.913101690,-0.117872911,0.047361069,-0.387438007,stable
236279731058950,236279.730800000,-0.111872390,-0.108784519,-0.083369650,0.913101171,-0.117873807,0.047359737,-0.387439121,stable
236279733094800,236279.732800000,-0.111872368,-0.108784504,-0.083369665,0.913101055,-0.117873934,0.047359216,-0.387439420,stable
236279735058700,236279.734800000,-0.111872166,-0.108784482,-0.083370000,0.913100980,-0.117873463,0.047357736,-0.387439920,stable
236279737077300,236279.736500000,-0.111872114,-0.108784541,-0.083369955,0.913100830,-0.117873936,0.047356918,-0.387440231,stable
236279739051400,236279.738500000,-0.111872904,-0.108783968,-0.083369642,0.913099675,-0.117874484,0.047358146,-0.387442635,stable
236279741060250,236279.740500000,-0.111872882,-0.108783834,-0.083369851,0.913099416,-0.117874221,0.047357050,-0.387443461,stable
236279743061750,236279.742500000,-0.111872725,-0.108783826,-0.083370075,0.913099368,-0.117873909,0.047356007,-0.387443794,stable
236279744540100,236279.743500000,-0.111872301,-0.108784147,-0.083370253,0.913099943,-0.117873691,0.047355097,-0.387442618,stable
236279746535900,236279.745500000,-0.111872748,-0.108784325,-0.083369389,0.913098917,-0.117876841,0.047354642,-0.387444133,stable
236279748532500,236279.747500000,-0.111873031,-0.108783923,-0.083369531,0.913098059,-0.117876763,0.047353664,-0.387446298,stable
236279750558500,236279.749500000,-0.111873023,-0.108783677,-0.083369866,0.913098307,-0.117875312,0.047354410,-0.387446064,stable
236279752540750,236279.751500000,-0.111873239,-0.108783305,-0.083370067,0.913097576,-0.117875056,0.047353358,-0.387447994,stable
236279755075800,236279.754500000,-0.111873277,-0.108783081,-0.083370335,0.913097126,-0.117874702,0.047352090,-0.387449317,stable
236279757066650,236279.756500000,-0.111873507,-0.108782969,-0.083370142,0.913096737,-0.117875242,0.047352248,-0.387450049,stable
236279759068350,236279.758500000,-0.111873679,-0.108782679,-0.083370291,0.913096445,-0.117874669,0.047352457,-0.387450886,stable
236279761065250,236279.760500000,-0.111873783,-0.108782485,-0.083370402,0.913096289,-0.117874180,0.047352700,-0.387451372,stable
236279762555300,236279.761500000,-0.111873507,-0.108782597,-0.083370648,0.913097139,-0.117872975,0.047353651,-0.387449620,stable
236279764557550,236279.763500000,-0.111874223,-0.108781926,-0.083370559,0.913095805,-0.117873196,0.047353795,-0.387452680,stable
236279766568100,236279.765500000,-0.111873776,-0.108782426,-0.083370522,0.913096363,-0.117873757,0.047352768,-0.387451319,stable
236279768567950,236279.767500000,-0.111874051,-0.108782105,-0.083370537,0.913095920,-0.117873553,0.047353143,-0.387452380,stable
236279770539850,236279.769500000,-0.111874133,-0.108782470,-0.083369948,0.913096441,-0.117874624,0.047355344,-0.387450556,stable
236279772554450,236279.771500000,-0.111874439,-0.108782023,-0.083370157,0.913095667,-0.117874207,0.047354773,-0.387452578,stable
236279774555100,236279.773500000,-0.111874163,-0.108782277,-0.083370194,0.913096183,-0.117874100,0.047354664,-0.387451407,stable
236279776560800,236279.775500000,-0.111873657,-0.108782426,-0.083370671,0.913097037,-0.117872605,0.047354289,-0.387449896,stable
236279778560400,236279.777500000,-0.111873738,-0.108782798,-0.083370082,0.913096336,-0.117875408,0.047352490,-0.387450915,stable
236279780558700,236279.779500000,-0.111873783,-0.108782090,-0.083370917,0.913096040,-0.117872763,0.047351813,-0.387452500,stable
236279782565400,236279.781500000,-0.111874461,-0.108781740,-0.083370492,0.913094920,-0.117874031,0.047352406,-0.387454681,stable
236279784565000,236279.783500000,-0.111874327,-0.108781733,-0.083370678,0.913094945,-0.117873692,0.047351711,-0.387454811,stable
236279786560850,236279.785500000,-0.111874059,-0.108781211,-0.083371699,0.913095336,-0.117870321,0.047351225,-0.387454974,stable
236279788563700,236279.787500000,-0.111873612,-0.108782597,-0.083370484,0.913096035,-0.117874767,0.047350599,-0.387452051,stable
236279791083450,236279.790500000,-0.111874022,-0.108781725,-0.083371103,0.913095110,-0.117872841,0.047350198,-0.387454865,stable
236279793085700,236279.792500000,-0.111873880,-0.108781800,-0.083371185,0.913095149,-0.117872883,0.047349403,-0.387454856,stable
236279794577000,236279.793500000,-0.111873791,-0.108781613,-0.083371565,0.913094793,-0.117872317,0.047347690,-0.387456078,stable
236279796576350,236279.795500000,-0.111873582,-0.108781815,-0.083371587,0.913094943,-0.117872619,0.047346864,-0.387455734,stable
236279798583750,236279.797500000,-0.111874126,-0.108781584,-0.083371148,0.913094211,-0.117873667,0.047347936,-0.387457008,stable
236279800589150,236279.799500000,-0.111873530,-0.108782165,-0.083371185,0.913094932,-0.117874122,0.047346536,-0.387455342,stable
236279802586950,236279.801500000,-0.111873545,-0.108782381,-0.083370887,0.913094099,-0.117876261,0.047343850,-0.387456982,stable
236279804582650,236279.803500000,-0.111873619,-0.108781844,-0.083371453,0.913094227,-0.117873893,0.047344826,-0.387457283,stable
236279807105500,236279.806500000,-0.111873567,-0.108782120,-0.083371207,0.913093692,-0.117875703,0.047342573,-0.387458267,stable
236279809108100,236279.808500000,-0.111873440,-0.108782239,-0.083371207,0.913093786,-0.117875894,0.047342091,-0.387458048,stable
236279811101900,236279.810500000,-0.111873560,-0.108782224,-0.083371036,0.913092917,-0.117877275,0.047340148,-0.387459911,stable
236279813141800,236279.812500000,-0.111873634,-0.108782358,-0.083370790,0.913092991,-0.117877910,0.047340752,-0.387459470,stable
236279815109300,236279.814500000,-0.111873887,-0.108782038,-0.083370872,0.913092512,-0.117877590,0.047340826,-0.387460687,stable
236279817109600,236279.816500000,-0.111873999,-0.108782001,-0.083370768,0.913092232,-0.117878039,0.047340619,-0.387461235,stable
236279819113250,236279.818500000,-0.111873820,-0.108782157,-0.083370775,0.913092173,-0.117878553,0.047339271,-0.387461384,stable
236279821110400,236279.820500000,-0.111873768,-0.108782202,-0.083370827,0.913091987,-0.117878828,0.047338298,-0.387461858,stable
236279823108000,236279.822500000,-0.111873828,-0.108782493,-0.083370350,0.913092118,-0.117880104,0.047339133,-0.387461058,stable
236279825103500,236279.824500000,-0.111874022,-0.108782656,-0.083369881,0.913091632,-0.117881846,0.047338834,-0.387461710,stable
236279827105600,236279.826500000,-0.111874059,-0.108782567,-0.083369948,0.913091605,-0.117881560,0.047338970,-0.387461843,stable
236279829118500,236279.828500000,-0.111874022,-0.108782716,-0.083369814,0.913091479,-0.117882319,0.047338322,-0.387461989,stable
236279831106700,236279.830500000,-0.111874141,-0.108782716,-0.083369650,0.913091033,-0.117883172,0.047337590,-0.387462871,stable
236279833036650,236279.832500000,-0.111874275,-0.108782671,-0.083369501,0.913090730,-0.117883722,0.047337448,-0.387463435,stable
236279834109800,236279.833500000,-0.111874282,-0.108782463,-0.083369784,0.913090631,-0.117882898,0.047337177,-0.387463951,stable
236279836111000,236279.835500000,-0.111874603,-0.108782381,-0.083369471,0.913090141,-0.117883813,0.047337608,-0.387464775,stable
236279837613000,236279.836500000,-0.111874759,-0.108781613,-0.083370224,0.913090026,-0.117880893,0.047338261,-0.387465854,stable
236279839601600,236279.838500000,-0.111873865,-0.108782940,-0.083369724,0.913090956,-0.117883796,0.047335450,-0.387463123,stable
236279841603600,236279.840500000,-0.111874409,-0.108781993,-0.083370231,0.913090441,-0.117881295,0.047337322,-0.387464870,stable
236279844119700,236279.843500000,-0.111874633,-0.108781718,-0.083370291,0.913089616,-0.117881639,0.047336004,-0.387466870,stable
236279846128150,236279.845500000,-0.111874722,-0.108781300,-0.083370708,0.913089107,-0.117880614,0.047335089,-0.387468492,stable
236279848132700,236279.847500000,-0.111874834,-0.108781256,-0.083370626,0.913088900,-0.117880953,0.047334923,-0.387468897,stable
236279850131100,236279.849500000,-0.111874998,-0.108781151,-0.083370537,0.913088649,-0.117881138,0.047335210,-0.387469398,stable
236279852134400,236279.851500000,-0.111875147,-0.108781204,-0.083370268,0.913088530,-0.117881838,0.047335768,-0.387469398,stable
236279854628700,236279.853500000,-0.111874677,-0.108781725,-0.083370194,0.913089235,-0.117882299,0.047335190,-0.387467665,stable
236279856160050,236279.855500000,-0.111875199,-0.108781174,-0.083370239,0.913088616,-0.117881678,0.047336355,-0.387469171,stable
236279858148250,236279.857500000,-0.111875229,-0.108781040,-0.083370373,0.913088339,-0.117881524,0.047335634,-0.387469959,stable
236279860155600,236279.859500000,-0.111875422,-0.108780727,-0.083370529,0.913088223,-0.117880615,0.047336472,-0.387470407,stable
236279862218250,236279.861500000,-0.111875579,-0.108780585,-0.083370507,0.913087888,-0.117880737,0.047336440,-0.387471162,stable
236279864151250,236279.863500000,-0.111875936,-0.108779974,-0.083370790,0.913087286,-0.117879589,0.047336782,-0.387472888,stable
236279866160650,236279.865500000,-0.111875884,-0.108779818,-0.083371051,0.913087215,-0.117878917,0.047336212,-0.387473330,stable
236279868170600,236279.867600000,-0.111876115,-0.108779550,-0.083371103,0.913087143,-0.117878222,0.047337433,-0.387473563,stable
236279870163300,236279.869600000,-0.111876167,-0.108779453,-0.083371185,0.913086886,-0.117878205,0.047336913,-0.387474237,stable
236279872156350,236279.871600000,-0.111876115,-0.108779594,-0.083371051,0.913087114,-0.117878465,0.047337270,-0.387473577,stable
236279874174350,236279.873600000,-0.111875862,-0.108779706,-0.083371244,0.913087412,-0.117878048,0.047336704,-0.387473070,stable
236279876171350,236279.875600000,-0.111875817,-0.108779989,-0.083370924,0.913087335,-0.117879364,0.047336189,-0.387472914,stable
236279878157700,236279.877600000,-0.111875772,-0.108780280,-0.083370641,0.913087277,-0.117880601,0.047335683,-0.387472736,stable
236279880163100,236279.879600000,-0.111875892,-0.108780243,-0.083370499,0.913086801,-0.117881383,0.047334882,-0.387473719,stable
236279882178100,236279.881600000,-0.111875907,-0.108780332,-0.083370388,0.913086378,-0.117882329,0.047333626,-0.387474581,stable
236279883665450,236279.882600000,-0.111876003,-0.108780205,-0.083370425,0.913085859,-0.117882674,0.047332476,-0.387475840,stable
236279885682750,236279.884600000,-0.111875519,-0.108780235,-0.083371036,0.913087021,-0.117880301,0.047333178,-0.387473737,stable
236279887672100,236279.886600000,-0.111876085,-0.108780496,-0.083369933,0.913086150,-0.117883776,0.047333887,-0.387474645,stable
236279889672150,236279.888600000,-0.111875325,-0.108780719,-0.083370656,0.913086366,-0.117883006,0.047329814,-0.387474869,stable
236279891682900,236279.890600000,-0.111875713,-0.108780861,-0.083369955,0.913086217,-0.117884581,0.047331783,-0.387474499,stable
236279894181350,236279.893600000,-0.111876331,-0.108780138,-0.083370052,0.913084780,-0.117884566,0.047331023,-0.387477983,stable
236279896245000,236279.895600000,-0.111876294,-0.108780175,-0.083370045,0.913084366,-0.117885266,0.047329443,-0.387478939,stable
236279898184350,236279.897600000,-0.111876242,-0.108780287,-0.083370008,0.913084161,-0.117885866,0.047328350,-0.387479374,stable
236279900192750,236279.899600000,-0.111876242,-0.108780183,-0.083370104,0.913084078,-0.117885596,0.047328098,-0.387479683,stable
236279902182400,236279.901600000,-0.111876257,-0.108779944,-0.083370395,0.913083698,-0.117885056,0.047327044,-0.387480870,stable
236279904186300,236279.903600000,-0.111876361,-0.108780004,-0.083370179,0.913083380,-0.117885978,0.047326632,-0.387481389,stable
236279906183500,236279.905600000,-0.111876547,-0.108780235,-0.083369635,0.913082705,-0.117888292,0.047325636,-0.387482399,stable
236279908194350,236279.907600000,-0.111876793,-0.108780153,-0.083369441,0.913082287,-0.117888933,0.047325763,-0.387483173,stable
236279910184150,236279.909600000,-0.111876883,-0.108779959,-0.083369568,0.913082369,-0.117888139,0.047326569,-0.387483123,stable
236279912181900,236279.911600000,-0.111877166,-0.108779959,-0.083369188,0.913082067,-0.117889062,0.047327447,-0.387483445,stable
236279914179000,236279.913600000,-0.111877218,-0.108779758,-0.083369382,0.913081905,-0.117888498,0.047327259,-0.387484023,stable
236279916700150,236279.915600000,-0.111877508,-0.108779699,-0.083369061,0.913081180,-0.117889860,0.047326666,-0.387485389,stable
236279918697050,236279.917600000,-0.111877628,-0.108778805,-0.083370045,0.913081096,-0.117886199,0.047327231,-0.387486631,stable
236279920690050,236279.919600000,-0.111877784,-0.108778574,-0.083370142,0.913081355,-0.117885076,0.047329077,-0.387486137,stable
236279922709900,236279.921600000,-0.111877978,-0.108778283,-0.083370253,0.913080671,-0.117885147,0.047328065,-0.387487850,stable
236279924692850,236279.923600000,-0.111877434,-0.108779065,-0.083369985,0.913082120,-0.117885545,0.047329318,-0.387484162,stable
236279926701350,236279.925600000,-0.111878514,-0.108777992,-0.083369948,0.913080671,-0.117884775,0.047331448,-0.387487551,stable
236279928695750,236279.927600000,-0.111877955,-0.108778812,-0.083369620,0.913080658,-0.117887463,0.047327740,-0.387487218,stable
236279930696300,236279.929600000,-0.111878194,-0.108778447,-0.083369777,0.913080675,-0.117886228,0.047329436,-0.387487345,stable
236279932705400,236279.931600000,-0.111878626,-0.108777627,-0.083370246,0.913079953,-0.117884424,0.047329819,-0.387489547,stable
236279934707050,236279.933600000,-0.111879371,-0.108777069,-0.083369963,0.913078651,-0.117885170,0.047330375,-0.387492322,stable
236279936701200,236279.935600000,-0.111879244,-0.108777225,-0.083369933,0.913078006,-0.117886528,0.047327433,-0.387493788,stable
236279938713350,236279.937600000,-0.111879393,-0.108777091,-0.083369911,0.913077905,-0.117886373,0.047327971,-0.387494008,stable
236279940699300,236279.939600000,-0.111879826,-0.108777024,-0.083369441,0.913076537,-0.117888743,0.047326235,-0.387496722,stable
236279942702850,236279.941600000,-0.111879468,-0.108776890,-0.083370067,0.913077273,-0.117886466,0.047326430,-0.387495657,stable
236279944206650,236279.943600000,-0.111879505,-0.108776905,-0.083370030,0.913076867,-0.117887123,0.047325249,-0.387496556,stable
236279946210800,236279.945600000,-0.111879602,-0.108776622,-0.083370268,0.913076451,-0.117886587,0.047324605,-0.387497779,stable
236279948214700,236279.947600000,-0.111880399,-0.108776018,-0.083369963,0.913075110,-0.117887328,0.047325315,-0.387500627,stable
236279950225150,236279.949600000,-0.111880593,-0.108775683,-0.083370142,0.913074508,-0.117887037,0.047324502,-0.387502234,stable
236279952216200,236279.951600000,-0.111880772,-0.108775362,-0.083370320,0.913073912,-0.117886791,0.047323687,-0.387503813,stable
236279954227700,236279.953600000,-0.111880668,-0.108775593,-0.083370157,0.913073714,-0.117887899,0.047322407,-0.387504099,stable
236279955711150,236279.954600000,-0.111880556,-0.108775705,-0.083370157,0.913073702,-0.117888203,0.047321665,-0.387504124,stable
236279957711200,236279.956600000,-0.111881122,-0.108774923,-0.083370455,0.913072347,-0.117887586,0.047320738,-0.387507617,stable
236279959713800,236279.958600000,-0.111881472,-0.108775146,-0.083369687,0.913072091,-0.117889640,0.047322101,-0.387507431,stable
236279961710950,236279.960600000,-0.111881681,-0.108774476,-0.083370283,0.913071070,-0.117888440,0.047320160,-0.387510438,stable
236279963715100,236279.962600000,-0.111881621,-0.108775422,-0.083369099,0.913070604,-0.117893284,0.047318271,-0.387510293,stable
236279965232400,236279.964600000,-0.111881651,-0.108775340,-0.083369203,0.913070565,-0.117892959,0.047318287,-0.387510481,stable
236279967236400,236279.966600000,-0.111881770,-0.108775593,-0.083368711,0.913070059,-0.117895041,0.047317366,-0.387511154,stable
236279969237500,236279.968600000,-0.111881621,-0.108775489,-0.083369039,0.913069873,-0.117894549,0.047315842,-0.387511926,stable
236279971235950,236279.970600000,-0.111881725,-0.108775504,-0.083368853,0.913069232,-0.117895750,0.047314431,-0.387513243,stable
236279973231450,236279.972600000,-0.111881711,-0.108775400,-0.083369017,0.913069050,-0.117895496,0.047313715,-0.387513838,stable
236279975230450,236279.974600000,-0.111882195,-0.108775154,-0.083368674,0.913068184,-0.117896565,0.047313992,-0.387515519,stable
236279977235950,236279.976600000,-0.111882314,-0.108774908,-0.083368838,0.913067742,-0.117896309,0.047313231,-0.387516730,stable
236279979238100,236279.978600000,-0.111882307,-0.108774915,-0.083368838,0.913067617,-0.117896479,0.047312817,-0.387517026,stable
236279981246300,236279.980600000,-0.111882344,-0.108774610,-0.083369188,0.913067430,-0.117895450,0.047312429,-0.387517827,stable
236279983239200,236279.982600000,-0.111882374,-0.108774550,-0.083369225,0.913067390,-0.117895289,0.047312542,-0.387517955,stable
236279985243550,236279.984600000,-0.111882165,-0.108774588,-0.083369456,0.913067483,-0.117894920,0.047311524,-0.387517973,stable
236279987238500,236279.986600000,-0.111882254,-0.108774297,-0.083369710,0.913067139,-0.117894274,0.047310921,-0.387519052,stable
236279989232000,236279.988600000,-0.111882485,-0.108774133,-0.083369650,0.913066655,-0.117894579,0.047310742,-0.387520122,stable
236279991238150,236279.990600000,-0.111882538,-0.108774029,-0.083369687,0.913066568,-0.117894382,0.047310885,-0.387520369,stable
236279993238950,236279.992600000,-0.111882627,-0.108774073,-0.083369538,0.913066164,-0.117895270,0.047310036,-0.387521154,stable
236279994733250,236279.993600000,-0.111882612,-0.108774252,-0.083369292,0.913066116,-0.117896195,0.047309807,-0.387521015,stable
236279996735100,236279.995600000,-0.111882977,-0.108773723,-0.083369501,0.913065630,-0.117895166,0.047310566,-0.387522381,stable
236279998734050,236279.997600000,-0.111883119,-0.108773850,-0.083369143,0.913064973,-0.117896939,0.047309314,-0.387523543,stable
236280000747450,236279.999600000,-0.111882754,-0.108773768,-0.083369739,0.913065703,-0.117894854,0.047309382,-0.387522447,stable
236280002752500,236280.001600000,-0.111882150,-0.108773954,-0.083370298,0.913065569,-0.117894718,0.047305053,-0.387523335,stable
236280004739300,236280.003600000,-0.111882798,-0.108773760,-0.083369680,0.913064274,-0.117896896,0.047305016,-0.387525726,stable
236280006739700,236280.005600000,-0.111882150,-0.108774036,-0.083370194,0.913065249,-0.117895506,0.047304030,-0.387523972,stable
236280008741600,236280.007600000,-0.111882664,-0.108774297,-0.083369166,0.913064576,-0.117898640,0.047305084,-0.387524476,stable
236280010254450,236280.009600000,-0.111882180,-0.108774334,-0.083369769,0.913065152,-0.117897050,0.047303861,-0.387523752,stable
236280012266900,236280.011600000,-0.111882277,-0.108774185,-0.083369829,0.913064640,-0.117897277,0.047302845,-0.387525014,stable
236280014254400,236280.013600000,-0.111882366,-0.108774193,-0.083369710,0.913064242,-0.117898017,0.047302055,-0.387525822,stable
236280016160900,236280.015600000,-0.111882232,-0.108774021,-0.083370112,0.913064248,-0.117896990,0.047301230,-0.387526221,stable
236280017200450,236280.016600000,-0.111882322,-0.108773954,-0.083370067,0.913063950,-0.117897295,0.047300846,-0.387526877,stable
236280018295700,236280.017600000,-0.111882381,-0.108773805,-0.083370194,0.913063491,-0.117897350,0.047299737,-0.387528077,stable
236280019361800,236280.018600000,-0.111882418,-0.108773775,-0.083370179,0.913063476,-0.117897325,0.047299897,-0.387528100,stable
236280020430200,236280.019600000,-0.111882523,-0.108773708,-0.083370134,0.913063346,-0.117897391,0.047300082,-0.387528364,stable
236280021518250,236280.020600000,-0.111882620,-0.108773753,-0.083369955,0.913063068,-0.117898139,0.047299896,-0.387528815,stable
236280022577850,236280.021600000,-0.111882769,-0.108773671,-0.083369844,0.913062510,-0.117898874,0.047298934,-0.387530023,stable
236280023617000,236280.022600000,-0.111883201,-0.108773179,-0.083369911,0.913062254,-0.117897843,0.047300863,-0.387530705,stable
236280024671800,236280.023600000,-0.111883380,-0.108772762,-0.083370201,0.913062016,-0.117896666,0.047301310,-0.387531570,stable
236280025702100,236280.024600000,-0.111883365,-0.108773291,-0.083369575,0.913061645,-0.117899458,0.047299838,-0.387531773,stable
236280026733250,236280.025600000,-0.111882761,-0.108773574,-0.083369978,0.913062517,-0.117898443,0.047298871,-0.387530145,stable
236280027785050,236280.026600000,-0.111882716,-0.108773343,-0.083370373,0.913062424,-0.117897343,0.047298359,-0.387530762,stable
236280029808400,236280.028600000,-0.111883372,-0.108773477,-0.083369285,0.913061415,-0.117900704,0.047299201,-0.387532015,stable
236280031397150,236280.030600000,-0.111882955,-0.108773485,-0.083369836,0.913061687,-0.117899538,0.047297434,-0.387531944,stable
236280032996500,236280.032600000,-0.111883178,-0.108773232,-0.083369866,0.913061237,-0.117899467,0.047297413,-0.387533029,stable
236280035834800,236280.034600000,-0.111883350,-0.108773276,-0.083369568,0.913060742,-0.117900709,0.047296850,-0.387533885,stable
236280037828100,236280.036600000,-0.111883678,-0.108773157,-0.083369292,0.913060220,-0.117901523,0.047297268,-0.387534815,stable
236280038989300,236280.038600000,-0.111883841,-0.108773068,-0.083369188,0.913059818,-0.117901987,0.047297004,-0.387535656,stable
236280040988150,236280.040600000,-0.111883856,-0.108773030,-0.083369225,0.913059685,-0.117902022,0.047296579,-0.387536008,stable
236280042991700,236280.042600000,-0.111883767,-0.108772986,-0.083369404,0.913059648,-0.117901697,0.047295875,-0.387536281,stable
236280044415200,236280.043600000,-0.111883782,-0.108773023,-0.083369330,0.913059439,-0.117902178,0.047295371,-0.387536690,stable
236280046416700,236280.045600000,-0.111883439,-0.108773172,-0.083369620,0.913059867,-0.117901561,0.047294463,-0.387535979,stable
236280048420000,236280.047600000,-0.111883275,-0.108773388,-0.083369531,0.913059855,-0.117902282,0.047293419,-0.387535915,stable
236280050411200,236280.049600000,-0.111883327,-0.108773634,-0.083369136,0.913059519,-0.117903961,0.047292724,-0.387536281,stable
236280052061550,236280.051600000,-0.111883298,-0.108773582,-0.083369248,0.913059159,-0.117904162,0.047291360,-0.387537234,stable
236280054050750,236280.053600000,-0.111883625,-0.108773671,-0.083368696,0.913058707,-0.117905841,0.047291872,-0.387537726,stable
236280055525450,236280.054600000,-0.111883648,-0.108774006,-0.083368227,0.913058945,-0.117907026,0.047292918,-0.387536678,stable
236280057058700,236280.056600000,-0.111883707,-0.108773835,-0.083368368,0.913058621,-0.117906836,0.047292161,-0.387537591,stable
236280059060000,236280.058600000,-0.111883990,-0.108773686,-0.083368190,0.913058096,-0.117907419,0.047292258,-0.387538639,stable
236280061058350,236280.060600000,-0.111884177,-0.108773261,-0.083368480,0.913057712,-0.117906440,0.047292194,-0.387539850,stable
236280063089250,236280.062600000,-0.111884020,-0.108773202,-0.083368771,0.913057732,-0.117905824,0.047291308,-0.387540097,stable
236280065081350,236280.064600000,-0.111884229,-0.108773239,-0.083368443,0.913057489,-0.117906732,0.047291807,-0.387540333,stable
236280067048300,236280.066600000,-0.111884147,-0.108772777,-0.083369166,0.913057449,-0.117904544,0.047291086,-0.387541180,stable
236280068055100,236280.067600000,-0.111883998,-0.108772829,-0.083369292,0.913057768,-0.117904055,0.047291199,-0.387540564,stable
236280069511750,236280.068600000,-0.111883946,-0.108773023,-0.083369106,0.913058086,-0.117904415,0.047291911,-0.387539618,stable
236280071519600,236280.070600000,-0.111883327,-0.108772710,-0.083370343,0.913059017,-0.117900515,0.047291072,-0.387538714,stable
236280073519250,236280.072600000,-0.111883759,-0.108772129,-0.083370522,0.913058210,-0.117899834,0.047291155,-0.387540812,stable
236280075522950,236280.074600000,-0.111883707,-0.108771935,-0.083370849,0.913058003,-0.117899159,0.047290081,-0.387541635,stable
236280077520150,236280.076600000,-0.111884393,-0.108771302,-0.083370768,0.913057320,-0.117898538,0.047292287,-0.387543164,stable
236280079071900,236280.078600000,-0.111884423,-0.108771272,-0.083370760,0.913056769,-0.117899259,0.047290641,-0.387544444,stable
236280081542300,236280.080600000,-0.111883640,-0.108771883,-0.083371006,0.913057996,-0.117898816,0.047289637,-0.387541811,stable
236280083079500,236280.082600000,-0.111883774,-0.108771697,-0.083371066,0.913057367,-0.117899117,0.047288495,-0.387543342,stable
236280084587050,236280.083600000,-0.111883730,-0.108771868,-0.083370939,0.913057235,-0.117899890,0.047287693,-0.387543515,stable
236280086589900,236280.085600000,-0.111883357,-0.108771607,-0.083371781,0.913057739,-0.117897301,0.047286994,-0.387543199,stable
236280088589750,236280.087600000,-0.111883879,-0.108771473,-0.083371222,0.913056849,-0.117899000,0.047287479,-0.387544721,stable
236280090588800,236280.089600000,-0.111883752,-0.108771652,-0.083371185,0.913057022,-0.117899275,0.047287147,-0.387544271,stable
236280092588750,236280.091600000,-0.111883499,-0.108771838,-0.083371252,0.913057024,-0.117899671,0.047285620,-0.387544332,stable
236280094122400,236280.093600000,-0.111883499,-0.108771794,-0.083371341,0.913056982,-0.117899471,0.047285364,-0.387544522,stable
236280096094450,236280.095600000,-0.111883372,-0.108771838,-0.083371423,0.913056991,-0.117899487,0.047284631,-0.387544586,stable
236280097586300,236280.096600000,-0.111883178,-0.108771771,-0.083371773,0.913057002,-0.117898781,0.047283454,-0.387544918,stable
236280099594550,236280.098600000,-0.111883216,-0.108771883,-0.083371587,0.913057207,-0.117899060,0.047284335,-0.387544244,stable
236280101583500,236280.100600000,-0.111883737,-0.108770929,-0.083372116,0.913056506,-0.117896774,0.047285387,-0.387546460,stable
236280102702450,236280.101600000,-0.111883365,-0.108771592,-0.083371758,0.913056495,-0.117899038,0.047282939,-0.387546098,stable
236280103775250,236280.102600000,-0.111883342,-0.108771361,-0.083372086,0.913056270,-0.117898265,0.047282079,-0.387546968,stable
236280105337000,236280.104600000,-0.111883521,-0.108770981,-0.083372340,0.913056227,-0.117896993,0.047283089,-0.387547332,stable
236280107329850,236280.106600000,-0.111883365,-0.108771123,-0.083372362,0.913056099,-0.117897491,0.047281673,-0.387547656,stable
236280109334650,236280.108600000,-0.111883536,-0.108770683,-0.083372712,0.913055621,-0.117896507,0.047281140,-0.387549146,stable
236280111329400,236280.110600000,-0.111883424,-0.108770534,-0.083373047,0.913055543,-0.117895745,0.047280245,-0.387549670,stable
236280113325150,236280.112600000,-0.111883409,-0.108770691,-0.083372876,0.913055511,-0.117896427,0.047280005,-0.387549567,stable
236280115331100,236280.114600000,-0.111883618,-0.108770736,-0.083372533,0.913055207,-0.117897469,0.047280366,-0.387549922,stable
236280118819350,236280.117600000,-0.111884095,-0.108770452,-0.083372265,0.913054158,-0.117898567,0.047279976,-0.387552108,stable
236280119832750,236280.118600000,-0.111883827,-0.108770631,-0.083372392,0.913054517,-0.117898366,0.047279406,-0.387551393,stable
236280122826750,236280.121600000,-0.111884415,-0.108770065,-0.083372340,0.913053896,-0.117897812,0.047281137,-0.387552813,stable
236280123824550,236280.122600000,-0.111884445,-0.108770058,-0.083372302,0.913053829,-0.117897937,0.047281166,-0.387552929,stable
236280126810850,236280.125600000,-0.111884527,-0.108769849,-0.083372466,0.913053598,-0.117897484,0.047280869,-0.387553648,stable
236280128806400,236280.127600000,-0.111884467,-0.108770110,-0.083372205,0.913053595,-0.117898549,0.047280470,-0.387553378,stable
236280130816150,236280.129600000,-0.111884683,-0.108769961,-0.083372116,0.913053301,-0.117898713,0.047280843,-0.387553976,stable
236280132823000,236280.131600000,-0.111885011,-0.108769797,-0.083371893,0.913052780,-0.117899282,0.047281372,-0.387554966,stable
236280134819550,236280.133600000,-0.111885108,-0.108769767,-0.083371796,0.913052568,-0.117899665,0.047281210,-0.387555369,stable
236280136821350,236280.135600000,-0.111885019,-0.108769968,-0.083371677,0.913052553,-0.117900371,0.047280565,-0.387555269,stable
236280137845300,236280.136600000,-0.111884877,-0.108769946,-0.083371878,0.913052702,-0.117899830,0.047280123,-0.387555137,stable
236280139838950,236280.138600000,-0.111884564,-0.108770035,-0.083372176,0.913052964,-0.117899260,0.047279089,-0.387554819,stable
236280142821400,236280.141600000,-0.111884706,-0.108770177,-0.083371796,0.913052692,-0.117900567,0.047279002,-0.387555073,stable
236280144818550,236280.143600000,-0.111884438,-0.108770490,-0.083371781,0.913052907,-0.117901071,0.047278095,-0.387554522,stable
236280145348750,236280.144600000,-0.111884475,-0.108770512,-0.083371677,0.913052746,-0.117901550,0.047277724,-0.387554802,stable
236280147347800,236280.146600000,-0.111884683,-0.108770043,-0.083372012,0.913052521,-0.117900114,0.047278316,-0.387555698,stable
236280149349450,236280.148600000,-0.111884661,-0.108769923,-0.083372198,0.913052521,-0.117899555,0.047278205,-0.387555881,stable
236280151346550,236280.150600000,-0.111884728,-0.108769976,-0.083372042,0.913052034,-0.117900611,0.047276949,-0.387556860,stable
236280153344450,236280.152600000,-0.111884594,-0.108769961,-0.083372235,0.913052252,-0.117899961,0.047276914,-0.387556549,stable
236280155361700,236280.154600000,-0.111884639,-0.108769909,-0.083372250,0.913052361,-0.117899646,0.047277573,-0.387556306,stable
236280157830250,236280.156600000,-0.111884832,-0.108769692,-0.083372265,0.913052142,-0.117899359,0.047278087,-0.387556847,stable
236280159826200,236280.158600000,-0.111884654,-0.108769864,-0.083372280,0.913052406,-0.117899451,0.047277736,-0.387556240,stable
236280161812350,236280.160600000,-0.111884855,-0.108769916,-0.083371937,0.913052113,-0.117900487,0.047278097,-0.387556571,stable
236280163809050,236280.162600000,-0.111884840,-0.108769685,-0.083372265,0.913052171,-0.117899302,0.047278231,-0.387556778,stable
236280165822350,236280.164600000,-0.111884899,-0.108769841,-0.083371989,0.913052262,-0.117899977,0.047278877,-0.387556281,stable
236280166368850,236280.165600000,-0.111884899,-0.108769856,-0.083371960,0.913052174,-0.117900212,0.047278589,-0.387556452,stable
236280168366750,236280.167600000,-0.111884780,-0.108769745,-0.083372265,0.913052452,-0.117899091,0.047278767,-0.387556116,stable
236280170369950,236280.169600000,-0.111884907,-0.108769514,-0.083372399,0.913052463,-0.117898273,0.047279568,-0.387556240,stable
236280171822450,236280.170600000,-0.111884773,-0.108769320,-0.083372831,0.913052577,-0.117896976,0.047279155,-0.387556416,stable
236280172849200,236280.171600000,-0.111884773,-0.108769044,-0.083373189,0.913052523,-0.117895815,0.047278935,-0.387556925,stable
236280174023500,236280.173600000,-0.111884810,-0.108768873,-0.083373368,0.913052612,-0.117894992,0.047279450,-0.387556903,stable
236280175029250,236280.174600000,-0.111884840,-0.108768836,-0.083373368,0.913052641,-0.117894846,0.047279803,-0.387556835,stable
236280176052900,236280.175600000,-0.111884981,-0.108768560,-0.083373547,0.913052553,-0.117894001,0.047280352,-0.387557231,stable
236280177072250,236280.176600000,-0.111884974,-0.108768314,-0.083373874,0.913052526,-0.117892924,0.047280206,-0.387557642,stable
236280178112400,236280.177600000,-0.111884929,-0.108768247,-0.083374023,0.913052633,-0.117892371,0.047280294,-0.387557547,stable
236280179144850,236280.178600000,-0.111884654,-0.108768553,-0.083373986,0.913052974,-0.117892772,0.047279645,-0.387556701,stable
236280180188850,236280.179600000,-0.111884691,-0.108768426,-0.083374105,0.913052880,-0.117892387,0.047279613,-0.387557044,stable
236280181234350,236280.180600000,-0.111884624,-0.108768411,-0.083374217,0.913053182,-0.117891777,0.047280172,-0.387556450,stable
236280182302300,236280.181600000,-0.111884885,-0.108768456,-0.083373815,0.913052850,-0.117892920,0.047280743,-0.387556814,stable
236280184301150,236280.183600000,-0.111885101,-0.108768180,-0.083373882,0.913052628,-0.117892408,0.047281355,-0.387557417,stable
236280186304900,236280.185600000,-0.111884989,-0.108767971,-0.083374299,0.913052779,-0.117891056,0.047281149,-0.387557499,stable
236280188305300,236280.187600000,-0.111884914,-0.108767755,-0.083374709,0.913052526,-0.117890242,0.047279811,-0.387558506,stable
236280190302600,236280.189600000,-0.111884668,-0.108767696,-0.083375111,0.913052651,-0.117889349,0.047278634,-0.387558627,stable
236280192304550,236280.191600000,-0.111884721,-0.108767457,-0.083375335,0.913052401,-0.117888759,0.047278123,-0.387559457,stable
236280193803150,236280.192600000,-0.111884549,-0.108768165,-0.083374642,0.913052144,-0.117891946,0.047276243,-0.387559321,stable
236280195808800,236280.194600000,-0.111884549,-0.108766943,-0.083376229,0.913052480,-0.117886019,0.047277292,-0.387560206,stable
236280197805650,236280.196600000,-0.111884333,-0.108767100,-0.083376348,0.913052367,-0.117886400,0.047275543,-0.387560570,stable
236280199776300,236280.198600000,-0.111884251,-0.108767010,-0.083376572,0.913052899,-0.117885088,0.047276842,-0.387559556,stable
236280201785000,236280.200600000,-0.111884780,-0.108767316,-0.083375446,0.913051999,-0.117888753,0.047277293,-0.387560507,stable
236280203784700,236280.202600000,-0.111884728,-0.108766943,-0.083375990,0.913052005,-0.117887003,0.047276920,-0.387561071,stable
236280205785850,236280.204600000,-0.111884356,-0.108766876,-0.083376586,0.913052785,-0.117884888,0.047277100,-0.387559856,stable
236280207778050,236280.206600000,-0.111884654,-0.108767323,-0.083375596,0.913052232,-0.117888298,0.047277118,-0.387560117,stable
236280209779950,236280.208600000,-0.111884519,-0.108766556,-0.083376780,0.913051976,-0.117884891,0.047275481,-0.387561957,stable
236280211291450,236280.210600000,-0.111884542,-0.108766720,-0.083376534,0.913052052,-0.117885586,0.047275881,-0.387561517,stable
236280213294550,236280.212600000,-0.111884475,-0.108766586,-0.083376795,0.913052054,-0.117884863,0.047275434,-0.387561786,stable
236280215294200,236280.214600000,-0.111884408,-0.108766347,-0.083377197,0.913052267,-0.117883348,0.047275755,-0.387561707,stable
236280217298550,236280.216600000,-0.111884773,-0.108765766,-0.083377458,0.913051641,-0.117882323,0.047276067,-0.387563457,stable
236280219293850,236280.218600000,-0.111885056,-0.108765662,-0.083377220,0.913051451,-0.117882665,0.047277195,-0.387563661,stable
236280221298650,236280.220600000,-0.111884847,-0.108765669,-0.083377495,0.913051716,-0.117881915,0.047276802,-0.387563314,stable
236280222666300,236280.221600000,-0.111884855,-0.108765461,-0.083377756,0.913051634,-0.117881100,0.047276570,-0.387563782,stable
236280223702750,236280.222600000,-0.111885272,-0.108764738,-0.083378136,0.913051002,-0.117879561,0.047277145,-0.387565669,stable
236280224742900,236280.223600000,-0.111884438,-0.108765610,-0.083378121,0.913051830,-0.117880701,0.047274499,-0.387563695,stable
236280226745300,236280.225600000,-0.111884490,-0.108765088,-0.083378732,0.913051161,-0.117879395,0.047272610,-0.387565899,stable
236280228748700,236280.227600000,-0.111884318,-0.108765468,-0.083378471,0.913052126,-0.117879426,0.047274651,-0.387563367,stable
236280230748600,236280.229600000,-0.111884698,-0.108764946,-0.083378635,0.913051235,-0.117879061,0.047274153,-0.387565637,stable
236280232752200,236280.231600000,-0.111884899,-0.108764395,-0.083379090,0.913050481,-0.117877999,0.047273017,-0.387567877,stable
236280234742500,236280.233600000,-0.111884423,-0.108764589,-0.083379470,0.913051665,-0.117876329,0.047273844,-0.387565494,stable
236280236743900,236280.235700000,-0.111884542,-0.108764835,-0.083379015,0.913050821,-0.117878779,0.047271847,-0.387566980,stable
236280238747400,236280.237700000,-0.111884512,-0.108765639,-0.083377987,0.913050844,-0.117882343,0.047271696,-0.387565861,stable
236280240265950,236280.239700000,-0.111884579,-0.108765028,-0.083378688,0.913050464,-0.117880269,0.047270915,-0.387567482,stable
236280241722850,236280.240700000,-0.111884370,-0.108765051,-0.083378933,0.913050920,-0.117879357,0.047271023,-0.387566673,stable
236280243727500,236280.242700000,-0.111884095,-0.108765356,-0.083378911,0.913051132,-0.117879876,0.047269951,-0.387566146,stable
236280245033050,236280.244700000,-0.111884177,-0.108765088,-0.083379149,0.913050742,-0.117879387,0.047269235,-0.387567299,stable
236280247032200,236280.246700000,-0.111883931,-0.108765312,-0.083379187,0.913050818,-0.117879791,0.047267936,-0.387567157,stable
236280249035550,236280.248700000,-0.111883901,-0.108765185,-0.083379418,0.913050700,-0.117879270,0.047267351,-0.387567664,stable
236280251040750,236280.250700000,-0.111884110,-0.108765200,-0.083379097,0.913050145,-0.117880586,0.047266795,-0.387568640,stable
236280253037150,236280.252700000,-0.111884199,-0.108765103,-0.083379105,0.913049844,-0.117880742,0.047266366,-0.387569354,stable
236280255497500,236280.254700000,-0.111884207,-0.108765334,-0.083378792,0.913049540,-0.117882217,0.047265390,-0.387569739,stable
236280257501350,236280.256700000,-0.111884162,-0.108765356,-0.083378844,0.913049324,-0.117882451,0.047264512,-0.387570285,stable
236280259047300,236280.258700000,-0.111884423,-0.108765170,-0.083378717,0.913049073,-0.117882524,0.047265301,-0.387570757,stable
236280261046900,236280.260700000,-0.111884430,-0.108764991,-0.083378933,0.913049005,-0.117881837,0.047265181,-0.387571140,stable
236280263043750,236280.262700000,-0.111884303,-0.108765215,-0.083378814,0.913049064,-0.117882515,0.047264559,-0.387570872,stable
236280265052200,236280.264700000,-0.111884303,-0.108765431,-0.083378538,0.913048953,-0.117883656,0.047264075,-0.387570845,stable
236280267042800,236280.266700000,-0.111884415,-0.108765297,-0.083378561,0.913048911,-0.117883300,0.047264699,-0.387570977,stable
236280269045750,236280.268700000,-0.111884348,-0.108765215,-0.083378755,0.913048990,-0.117882699,0.047264607,-0.387570985,stable
236280271083750,236280.270700000,-0.111884318,-0.108765118,-0.083378926,0.913049012,-0.117882158,0.047264485,-0.387571113,stable
236280273042350,236280.272700000,-0.111884572,-0.108765006,-0.083378732,0.913048450,-0.117882960,0.047264141,-0.387572235,stable
236280275053000,236280.274700000,-0.111884639,-0.108764946,-0.083378710,0.913048304,-0.117883038,0.047264210,-0.387572547,stable
236280277051400,236280.276700000,-0.111884996,-0.108764857,-0.083378360,0.913048075,-0.117883628,0.047265652,-0.387572730,stable
236280279078700,236280.278700000,-0.111885294,-0.108764708,-0.083378151,0.913047668,-0.117884069,0.047266319,-0.387573474,stable
236280281047900,236280.280700000,-0.111884907,-0.108764902,-0.083378412,0.913048024,-0.117883727,0.047264944,-0.387572908,stable
236280283046350,236280.282700000,-0.111884743,-0.108765505,-0.083377846,0.913048250,-0.117885811,0.047264661,-0.387571775,stable
236280285068700,236280.284700000,-0.111884423,-0.108765513,-0.083378308,0.913048572,-0.117884681,0.047263630,-0.387571486,stable
236280287049200,236280.286700000,-0.111884527,-0.108765267,-0.083378449,0.913048292,-0.117884237,0.047263445,-0.387572303,stable
236280289045900,236280.288700000,-0.111884460,-0.108765192,-0.083378643,0.913048287,-0.117883804,0.047262916,-0.387572510,stable
236280291064600,236280.290700000,-0.111884356,-0.108765125,-0.083378859,0.913048304,-0.117883262,0.047262425,-0.387572696,stable
236280293056550,236280.292700000,-0.111884169,-0.108765028,-0.083379246,0.913048826,-0.117881733,0.047262804,-0.387571885,stable
236280295352150,236280.294700000,-0.111884356,-0.108765297,-0.083378650,0.913048457,-0.117883825,0.047262789,-0.387572119,stable
236280297315100,236280.296700000,-0.111884385,-0.108765468,-0.083378375,0.913048746,-0.117884256,0.047263984,-0.387571161,stable
236280299313600,236280.298700000,-0.111884743,-0.108765446,-0.083377920,0.913048404,-0.117885338,0.047265155,-0.387571496,stable
236280301312550,236280.300700000,-0.111884430,-0.108765498,-0.083378270,0.913048781,-0.117884447,0.047264426,-0.387570968,stable
236280303312450,236280.302700000,-0.111884505,-0.108765528,-0.083378136,0.913048755,-0.117884741,0.047264763,-0.387570897,stable
236280304819700,236280.303700000,-0.111884356,-0.108765297,-0.083378643,0.913049079,-0.117882972,0.047264824,-0.387570665,stable
236280307814650,236280.306700000,-0.111884028,-0.108765595,-0.083378695,0.913049311,-0.117883328,0.047263587,-0.387570160,stable
236280308816050,236280.307700000,-0.111883678,-0.108765773,-0.083378926,0.913050162,-0.117882265,0.047264213,-0.387568404,stable
236280310817700,236280.309700000,-0.111884303,-0.108765326,-0.083378673,0.913049234,-0.117882745,0.047265125,-0.387570332,stable
236280312812450,236280.311700000,-0.111884132,-0.108765654,-0.083378479,0.913049424,-0.117883655,0.047264537,-0.387569681,stable
236280314814100,236280.313700000,-0.111883752,-0.108765900,-0.083378665,0.913049445,-0.117883993,0.047262228,-0.387569809,stable
236280316816400,236280.315700000,-0.111883864,-0.108766057,-0.083378315,0.913049537,-0.117884757,0.047263277,-0.387569231,stable
236280318821900,236280.317700000,-0.111884207,-0.108765423,-0.083378673,0.913048855,-0.117883540,0.047263249,-0.387571212,stable
236280320816550,236280.319700000,-0.111884303,-0.108765304,-0.083378695,0.913048297,-0.117883984,0.047262011,-0.387572544,stable
236280323809350,236280.322700000,-0.111884043,-0.108765386,-0.083378933,0.913048823,-0.117883118,0.047262089,-0.387571556,stable
236280324814500,236280.323700000,-0.111884229,-0.108765699,-0.083378278,0.913048742,-0.117885008,0.047262999,-0.387571061,stable
236280326825600,236280.325700000,-0.111883871,-0.108765468,-0.083379105,0.913049194,-0.117882561,0.047262138,-0.387570847,stable
236280329806250,236280.328700000,-0.111883827,-0.108765580,-0.083378978,0.913049246,-0.117882985,0.047262052,-0.387570605,stable
236280330820700,236280.329700000,-0.111883685,-0.108765796,-0.083378889,0.913049599,-0.117883193,0.047262320,-0.387569679,stable
236280333817450,236280.332700000,-0.111883909,-0.108765736,-0.083378665,0.913049450,-0.117883540,0.047263286,-0.387569806,stable
236280334822600,236280.333700000,-0.111883931,-0.108765684,-0.083378702,0.913049134,-0.117883828,0.047262336,-0.387570578,stable
236280336823200,236280.335700000,-0.111884028,-0.108765550,-0.083378747,0.913049134,-0.117883373,0.047262991,-0.387570638,stable
236280338822400,236280.337700000,-0.111883998,-0.108765274,-0.083379142,0.913048907,-0.117882406,0.047262169,-0.387571566,stable
236280340825450,236280.339700000,-0.111883759,-0.108765684,-0.083378926,0.913049183,-0.117883424,0.047261471,-0.387570693,stable
236280342824850,236280.341700000,-0.111883983,-0.108765222,-0.083379246,0.913048978,-0.117882020,0.047262214,-0.387571512,stable
236280344338000,236280.343700000,-0.111884013,-0.108765759,-0.083378524,0.913048867,-0.117884621,0.047261991,-0.387571009,stable
236280346343200,236280.345700000,-0.111883849,-0.108765766,-0.083378710,0.913049159,-0.117883958,0.047261968,-0.387570525,stable
236280348334950,236280.347700000,-0.111883998,-0.108765565,-0.083378777,0.913048941,-0.117883662,0.047262134,-0.387571109,stable
236280350335000,236280.349700000,-0.111883745,-0.108765624,-0.083379030,0.913049474,-0.117882715,0.047262283,-0.387570123,stable
236280352332200,236280.351700000,-0.111883529,-0.108765915,-0.083378941,0.913049733,-0.117883232,0.047261777,-0.387569417,stable
236280354344900,236280.353700000,-0.111883290,-0.108765848,-0.083379351,0.913050155,-0.117881877,0.047261632,-0.387568853,stable
236280356539900,236280.355700000,-0.111883089,-0.108765602,-0.083379939,0.913050443,-0.117880013,0.047261240,-0.387568789,stable
236280358552300,236280.357700000,-0.111883298,-0.108765304,-0.083380051,0.913049879,-0.117879816,0.047260832,-0.387570228,stable
236280360533900,236280.359700000,-0.111883007,-0.108765259,-0.083380498,0.913050292,-0.117878489,0.047260292,-0.387569725,stable
236280362533100,236280.361700000,-0.111883126,-0.108765043,-0.083380625,0.913050318,-0.117877725,0.047261084,-0.387569800,stable
236280364528200,236280.363700000,-0.111883514,-0.108764678,-0.083380580,0.913050002,-0.117877268,0.047262513,-0.387570507,stable
236280366062500,236280.365700000,-0.111883424,-0.108764581,-0.083380818,0.913050194,-0.117876405,0.047262626,-0.387570304,stable
236280368098300,236280.367700000,-0.111883573,-0.108764760,-0.083380394,0.913050028,-0.117877726,0.047262973,-0.387570250,stable
236280370042900,236280.368700000,-0.111883707,-0.108764656,-0.083380379,0.913049336,-0.117878422,0.047261573,-0.387571840,stable
236280372060900,236280.371700000,-0.111883573,-0.108764790,-0.083380342,0.913049536,-0.117878573,0.047261377,-0.387571347,stable
236280374898300,236280.373700000,-0.111883171,-0.108765334,-0.083380178,0.913049821,-0.117879801,0.047259777,-0.387570497,stable
236280376066600,236280.375700000,-0.111883156,-0.108765624,-0.083379820,0.913049664,-0.117881301,0.047259154,-0.387570486,stable
236280378060500,236280.377700000,-0.111883260,-0.108765662,-0.083379634,0.913049322,-0.117882138,0.047258741,-0.387571089,stable
236280380070950,236280.379700000,-0.111883052,-0.108765885,-0.083379619,0.913049631,-0.117882310,0.047258366,-0.387570353,stable
236280382079900,236280.381700000,-0.111882716,-0.108766079,-0.083379820,0.913049783,-0.117882344,0.047256695,-0.387570188,stable
236280384094150,236280.383700000,-0.111882582,-0.108766206,-0.083379835,0.913049746,-0.117882697,0.047255720,-0.387570287,stable
236280385539350,236280.384700000,-0.111882560,-0.108766437,-0.083379567,0.913049753,-0.117883674,0.047255616,-0.387569987,stable
236280387545050,236280.386700000,-0.111882553,-0.108766466,-0.083379537,0.913049436,-0.117884238,0.047254502,-0.387570699,stable
236280389545800,236280.388700000,-0.111882634,-0.108766556,-0.083379306,0.913048993,-0.117885427,0.047253588,-0.387571493,stable
236280391549950,236280.390700000,-0.111882322,-0.108766794,-0.083379418,0.913049096,-0.117885738,0.047251909,-0.387571358,stable
236280394103250,236280.393700000,-0.111882344,-0.108766899,-0.083379276,0.913048767,-0.117886650,0.047250939,-0.387571975,stable
236280396098400,236280.395700000,-0.111882478,-0.108767003,-0.083378926,0.913048474,-0.117887865,0.047250862,-0.387572305,stable
236280398078200,236280.397700000,-0.111882329,-0.108766906,-0.083379269,0.913048534,-0.117887024,0.047250090,-0.387572514,stable
236280400088400,236280.399700000,-0.111882240,-0.108767010,-0.083379246,0.913048272,-0.117887699,0.047248655,-0.387573100,stable
236280402096600,236280.401700000,-0.111882314,-0.108767331,-0.083378717,0.913048026,-0.117889635,0.047248364,-0.387573126,stable
236280404097550,236280.403700000,-0.111882597,-0.108767293,-0.083378397,0.913047458,-0.117890793,0.047248287,-0.387574122,stable
236280406075900,236280.405700000,-0.111882791,-0.108767062,-0.083378442,0.913047235,-0.117890408,0.047248869,-0.387574694,stable
236280408085800,236280.407700000,-0.111882873,-0.108766936,-0.083378486,0.913047106,-0.117890205,0.047248951,-0.387575048,stable
236280410096850,236280.409700000,-0.111882865,-0.108766668,-0.083378851,0.913047044,-0.117889073,0.047248633,-0.387575579,stable
236280411566150,236280.410700000,-0.111882962,-0.108766481,-0.083378963,0.913046810,-0.117888760,0.047248507,-0.387576241,stable
236280413572150,236280.412700000,-0.111882858,-0.108766295,-0.083379343,0.913047096,-0.117887313,0.047248820,-0.387575968,stable
236280415576250,236280.414700000,-0.111882471,-0.108766392,-0.083379745,0.913047871,-0.117885920,0.047248820,-0.387574567,stable
236280417574550,236280.416700000,-0.111882299,-0.108766362,-0.083380006,0.913048377,-0.117884747,0.047249469,-0.387573651,stable
236280419575600,236280.418700000,-0.111882374,-0.108766124,-0.083380222,0.913048384,-0.117883801,0.047249957,-0.387573863,stable
236280421574550,236280.420700000,-0.111882135,-0.108766437,-0.083380125,0.913048847,-0.117884135,0.047249968,-0.387572669,stable
236280423581400,236280.422700000,-0.111882158,-0.108766243,-0.083380349,0.913048839,-0.117883314,0.047250001,-0.387572934,stable
236280425573900,236280.424700000,-0.111882217,-0.108766109,-0.083380453,0.913049143,-0.117882369,0.047251402,-0.387572336,stable
236280427571400,236280.426700000,-0.111882217,-0.108766042,-0.083380543,0.913049256,-0.117881928,0.047251760,-0.387572159,stable
236280429580150,236280.428700000,-0.111882024,-0.108766198,-0.083380595,0.913049727,-0.117881600,0.047252057,-0.387571113,stable
236280431582000,236280.430700000,-0.111881979,-0.108766355,-0.083380446,0.913049744,-0.117882205,0.047251872,-0.387570912,stable
236280433586950,236280.432700000,-0.111881852,-0.108766228,-0.083380811,0.913049751,-0.117881320,0.047251015,-0.387571268,stable
236280435578200,236280.434700000,-0.111882120,-0.108766042,-0.083380669,0.913049448,-0.117881483,0.047251794,-0.387571837,stable
236280437582350,236280.436700000,-0.111882269,-0.108766109,-0.083380386,0.913049503,-0.117881981,0.047252941,-0.387571417,stable
236280439580750,236280.438700000,-0.111882262,-0.108766198,-0.083380274,0.913049483,-0.117882403,0.047252836,-0.387571349,stable
236280441581300,236280.440700000,-0.111881986,-0.108766213,-0.083380617,0.913049819,-0.117881484,0.047252123,-0.387570923,stable
236280444113800,236280.443700000,-0.111882210,-0.108765915,-0.083380714,0.913049678,-0.117880752,0.047253120,-0.387571356,stable
236280446097400,236280.445700000,-0.111882590,-0.108765490,-0.083380759,0.913049093,-0.117880403,0.047253574,-0.387572787,stable
236280448099900,236280.447700000,-0.111882634,-0.108765617,-0.083380528,0.913048878,-0.117881359,0.047253219,-0.387573044,stable
236280450104650,236280.449700000,-0.111882776,-0.108765371,-0.083380669,0.913048533,-0.117880988,0.047252955,-0.387574003,stable
236280452100450,236280.451700000,-0.111882746,-0.108765282,-0.083380818,0.913048322,-0.117880835,0.047252174,-0.387574641,stable
236280454105050,236280.453700000,-0.111882657,-0.108765543,-0.083380595,0.913048262,-0.117881938,0.047251314,-0.387574551,stable
236280455598900,236280.454700000,-0.111882627,-0.108765595,-0.083380565,0.913048230,-0.117882157,0.047251018,-0.387574597,stable
236280457607000,236280.456700000,-0.111882851,-0.108765058,-0.083380975,0.913047658,-0.117880961,0.047250546,-0.387576366,stable
236280459123550,236280.458700000,-0.111883074,-0.108765066,-0.083380654,0.913047355,-0.117881862,0.047251000,-0.387576751,stable
236280461120250,236280.460700000,-0.111883052,-0.108764857,-0.083380997,0.913047287,-0.117880892,0.047250590,-0.387577254,stable
236280463118600,236280.462700000,-0.111883119,-0.108764783,-0.083380975,0.913046852,-0.117881352,0.047249602,-0.387578260,stable
236280465128400,236280.464700000,-0.111883245,-0.108764641,-0.083380982,0.913046269,-0.117881771,0.047248541,-0.387579636,stable
236280467119650,236280.466700000,-0.111883685,-0.108764298,-0.083380841,0.913045772,-0.117881769,0.047249723,-0.387580662,stable
236280469115650,236280.468700000,-0.111883797,-0.108764149,-0.083380885,0.913045263,-0.117882040,0.047248701,-0.387581904,stable
236280471114100,236280.470700000,-0.111883856,-0.108764060,-0.083380923,0.913045013,-0.117882083,0.047248336,-0.387582525,stable
236280473116500,236280.472700000,-0.111884139,-0.108763739,-0.083380960,0.913044314,-0.117882182,0.047247848,-0.387584201,stable
236280475124800,236280.474700000,-0.111884385,-0.108763084,-0.083381481,0.913043665,-0.117880581,0.047247278,-0.387586286,stable
236280477125600,236280.476700000,-0.111884691,-0.108763076,-0.083381087,0.913043151,-0.117881858,0.047247515,-0.387587079,stable
236280479151100,236280.478700000,-0.111884661,-0.108762905,-0.083381355,0.913042901,-0.117881387,0.047246472,-0.387587938,stable
236280481128100,236280.480700000,-0.111884862,-0.108762518,-0.083381593,0.913042595,-0.117880418,0.047246831,-0.387588910,stable
236280483124100,236280.482700000,-0.111885183,-0.108762398,-0.083381310,0.913042104,-0.117881198,0.047247301,-0.387589772,stable
236280485120100,236280.484700000,-0.111885600,-0.108761936,-0.083381355,0.913041288,-0.117881059,0.047247252,-0.387591743,stable
236280487124900,236280.486700000,-0.111885585,-0.108761646,-0.083381750,0.913041075,-0.117880049,0.047246409,-0.387592656,stable
236280489121450,236280.488700000,-0.111885667,-0.108761750,-0.083381511,0.913040946,-0.117880815,0.047246609,-0.387592703,stable
236280491130250,236280.490700000,-0.111885920,-0.108761393,-0.083381638,0.913040363,-0.117880519,0.047246257,-0.387594208,stable
236280493130500,236280.492700000,-0.111886270,-0.108760908,-0.083381787,0.913039897,-0.117879700,0.047246995,-0.387595464,stable
236280494619750,236280.493700000,-0.111886650,-0.108760618,-0.083381675,0.913039618,-0.117879494,0.047248394,-0.387596013,stable
236280496622550,236280.495700000,-0.111886688,-0.108760431,-0.083381861,0.913039252,-0.117879240,0.047247420,-0.387597073,stable
236280498628150,236280.497700000,-0.111887008,-0.108760156,-0.083381787,0.913038635,-0.117879490,0.047247494,-0.387598440,stable
236280500623150,236280.499700000,-0.111886658,-0.108760282,-0.083382092,0.913038639,-0.117879349,0.047245326,-0.387598739,stable
236280502628250,236280.501700000,-0.111886971,-0.108759940,-0.083382122,0.913037635,-0.117879798,0.047244048,-0.387601123,stable
236280504631550,236280.503700000,-0.111887239,-0.108759634,-0.083382167,0.913037436,-0.117879236,0.047244967,-0.387601651,stable
236280506132400,236280.505700000,-0.111887172,-0.108759858,-0.083381958,0.913037146,-0.117880504,0.047243675,-0.387602106,stable
236280508140800,236280.507700000,-0.111886956,-0.108760051,-0.083381988,0.913037341,-0.117880729,0.047242946,-0.387601666,stable
236280510138300,236280.509700000,-0.111886933,-0.108760066,-0.083381996,0.913036768,-0.117881552,0.047240927,-0.387603012,stable
236280512151850,236280.511700000,-0.111886986,-0.108760148,-0.083381817,0.913036285,-0.117882676,0.047239649,-0.387603963,stable
236280514135800,236280.513700000,-0.111887269,-0.108759999,-0.083381638,0.913035621,-0.117883472,0.047239251,-0.387605335,stable
236280516141200,236280.515700000,-0.111887522,-0.108760022,-0.083381273,0.913035082,-0.117884791,0.047239090,-0.387606223,stable
236280518130900,236280.517700000,-0.111887574,-0.108760230,-0.083380923,0.913034466,-0.117886710,0.047237424,-0.387607292,stable
236280520472550,236280.519700000,-0.111887373,-0.108760171,-0.083381273,0.913034119,-0.117886540,0.047234985,-0.387608459,stable
236280522141950,236280.521700000,-0.111887418,-0.108760349,-0.083380990,0.913033887,-0.117887718,0.047234542,-0.387608700,stable
236280524140200,236280.523700000,-0.111887470,-0.108760357,-0.083380900,0.913033582,-0.117888314,0.047233856,-0.387609323,stable
236280526135900,236280.525700000,-0.111887544,-0.108760357,-0.083380803,0.913033055,-0.117889157,0.047232638,-0.387610455,stable
236280528137150,236280.527700000,-0.111887254,-0.108760476,-0.083381034,0.913033157,-0.117888998,0.047231080,-0.387610453,stable
236280530140400,236280.529700000,-0.111887388,-0.108760409,-0.083380945,0.913032482,-0.117889890,0.047229757,-0.387611934,stable
236280532139500,236280.531700000,-0.111887306,-0.108760469,-0.083380982,0.913032220,-0.117890371,0.047228339,-0.387612576,stable
236280534149000,236280.533700000,-0.111887485,-0.108760267,-0.083381005,0.913031866,-0.117890290,0.047228331,-0.387613437,stable
236280536138500,236280.535700000,-0.111887522,-0.108760461,-0.083380699,0.913031477,-0.117891791,0.047227291,-0.387614024,stable
236280538140500,236280.537700000,-0.111887559,-0.108760655,-0.083380394,0.913031262,-0.117893038,0.047226807,-0.387614208,stable
236280540141800,236280.539700000,-0.111887395,-0.108761072,-0.083380073,0.913031142,-0.117894751,0.047225310,-0.387614153,stable
236280542149400,236280.541700000,-0.111887500,-0.108760945,-0.083380096,0.913030637,-0.117895098,0.047224288,-0.387615363,stable
236280544159400,236280.543700000,-0.111887664,-0.108760878,-0.083379962,0.913030220,-0.117895687,0.047224027,-0.387616197,stable
236280545646000,236280.544700000,-0.111887939,-0.108760968,-0.083379477,0.913029624,-0.117897460,0.047223770,-0.387617092,stable
236280547647150,236280.546700000,-0.111887880,-0.108760826,-0.083379738,0.913029278,-0.117897178,0.047222314,-0.387618169,stable
236280549651250,236280.548700000,-0.111887656,-0.108760849,-0.083380021,0.913029348,-0.117896740,0.047221048,-0.387618293,stable
236280551646500,236280.550700000,-0.111887671,-0.108761184,-0.083379552,0.913029037,-0.117898728,0.047220183,-0.387618526,stable
236280553643200,236280.552700000,-0.111888006,-0.108760782,-0.083379634,0.913028040,-0.117898931,0.047219089,-0.387620947,stable
236280555647350,236280.554700000,-0.111887820,-0.108760856,-0.083379783,0.913028273,-0.117898587,0.047218631,-0.387620557,stable
236280557099400,236280.556700000,-0.111887872,-0.108760945,-0.083379589,0.913027835,-0.117899732,0.047217460,-0.387621383,stable
236280559094400,236280.558700000,-0.111887760,-0.108761087,-0.083379559,0.913027572,-0.117900489,0.047215901,-0.387621964,stable
236280561096300,236280.560700000,-0.111887582,-0.108761154,-0.083379708,0.913027548,-0.117900508,0.047214692,-0.387622162,stable
236280563100100,236280.562700000,-0.111887492,-0.108761273,-0.083379678,0.913027588,-0.117900804,0.047214262,-0.387622030,stable
236280565091250,236280.564700000,-0.111887284,-0.108760983,-0.083380334,0.913027607,-0.117899063,0.047212997,-0.387622668,stable
236280567590150,236280.566700000,-0.111887679,-0.108760566,-0.083380356,0.913026845,-0.117898975,0.047213009,-0.387624487,stable
236280569597150,236280.568700000,-0.111887835,-0.108760335,-0.083380438,0.913026448,-0.117898829,0.047212667,-0.387625509,stable
236280571593250,236280.570700000,-0.111887991,-0.108760111,-0.083380535,0.913026060,-0.117898653,0.047212357,-0.387626514,stable
236280573593900,236280.572700000,-0.111888260,-0.108759880,-0.083380468,0.913025629,-0.117898734,0.047212717,-0.387627462,stable
236280575602350,236280.574700000,-0.111888483,-0.108759739,-0.083380349,0.913025159,-0.117899196,0.047212546,-0.387628448,stable
236280577596950,236280.576700000,-0.111888640,-0.108759560,-0.083380371,0.913024548,-0.117899552,0.047211544,-0.387629902,stable
236280579602950,236280.578700000,-0.111888781,-0.108759418,-0.083380371,0.913024277,-0.117899526,0.047211612,-0.387630540,stable
236280581600600,236280.580700000,-0.111888573,-0.108759366,-0.083380714,0.913024104,-0.117899162,0.047209720,-0.387631287,stable
236280583597500,236280.582700000,-0.111888595,-0.108759366,-0.083380692,0.913023586,-0.117899872,0.047208159,-0.387632483,stable
236280585599000,236280.584700000,-0.111889027,-0.108758926,-0.083380677,0.913022656,-0.117900068,0.047207879,-0.387634647,stable
236280587601000,236280.586700000,-0.111889042,-0.108758815,-0.083380811,0.913022222,-0.117900186,0.047206525,-0.387635798,stable
236280589603000,236280.588700000,-0.111889213,-0.108758800,-0.083380587,0.913021757,-0.117901096,0.047206149,-0.387636663,stable
236280591597600,236280.590700000,-0.111889198,-0.108758725,-0.083380722,0.913021424,-0.117901173,0.047204903,-0.387637576,stable
236280594115650,236280.593700000,-0.111889534,-0.108758435,-0.083380640,0.913020810,-0.117901380,0.047205062,-0.387638940,stable
236280596118400,236280.595700000,-0.111889936,-0.108758092,-0.083380543,0.913020275,-0.117901372,0.047205882,-0.387640102,stable
236280598124900,236280.597700000,-0.111890100,-0.108757988,-0.083380468,0.913019797,-0.117901879,0.047205297,-0.387641145,stable
236280600119000,236280.599700000,-0.111890465,-0.108757943,-0.083380036,0.913019160,-0.117903245,0.047205581,-0.387642196,stable
236280602114100,236280.601700000,-0.111890808,-0.108757555,-0.083380081,0.913018483,-0.117903123,0.047205584,-0.387643826,stable
236280604127950,236280.603700000,-0.111891203,-0.108757004,-0.083380267,0.913017960,-0.117902126,0.047206404,-0.387645262,stable
236280606119700,236280.605700000,-0.111891419,-0.108757019,-0.083379969,0.913017246,-0.117903572,0.047205375,-0.387646629,stable
236280608128350,236280.607700000,-0.111891724,-0.108756915,-0.083379693,0.913016672,-0.117904498,0.047205441,-0.387647691,stable
236280610119050,236280.609700000,-0.111891717,-0.108756728,-0.083379947,0.913016368,-0.117904073,0.047204411,-0.387648663,stable
236280612116900,236280.611700000,-0.111892082,-0.108756550,-0.083379686,0.913015665,-0.117904961,0.047204413,-0.387650048,stable
236280614617250,236280.613700000,-0.111892104,-0.108756483,-0.083379753,0.913015525,-0.117904854,0.047204109,-0.387650447,stable
236280616626150,236280.615700000,-0.111891851,-0.108756319,-0.083380297,0.913014859,-0.117904592,0.047200305,-0.387652559,stable
236280618623700,236280.617700000,-0.111891776,-0.108755939,-0.083380893,0.913014507,-0.117903237,0.047198678,-0.387653996,stable
236280620626500,236280.619700000,-0.111891985,-0.108756132,-0.083380356,0.913014271,-0.117904839,0.047199248,-0.387653997,stable
236280622613100,236280.621700000,-0.111891747,-0.108756363,-0.083380371,0.913014252,-0.117905462,0.047197638,-0.387654049,stable
236280624630050,236280.623700000,-0.111891828,-0.108756684,-0.083379857,0.913013673,-0.117907834,0.047196227,-0.387654861,stable
236280626615900,236280.625700000,-0.111892179,-0.108756736,-0.083379313,0.913013013,-0.117909689,0.047196309,-0.387655842,stable
236280628624850,236280.627700000,-0.111891769,-0.108757123,-0.083379358,0.913013352,-0.117910141,0.047194814,-0.387655089,stable
236280630624850,236280.629700000,-0.111891992,-0.108756892,-0.083379358,0.913012640,-0.117910521,0.047193916,-0.387656760,stable
236280632634700,236280.631700000,-0.111892179,-0.108757086,-0.083378851,0.913012194,-0.117912366,0.047193690,-0.387657275,stable
236280634622350,236280.633700000,-0.111891814,-0.108757056,-0.083379380,0.913012529,-0.117911074,0.047192438,-0.387657031,stable
236280636621350,236280.635700000,-0.111892559,-0.108756311,-0.083379358,0.913011690,-0.117910343,0.047194367,-0.387658996,stable
236280638629250,236280.637700000,-0.111892127,-0.108756803,-0.083379298,0.913011894,-0.117911411,0.047192308,-0.387658441,stable
236280640627550,236280.639700000,-0.111892134,-0.108756304,-0.083379947,0.913011482,-0.117909743,0.047191000,-0.387660078,stable
236280642629200,236280.641700000,-0.111891881,-0.108756639,-0.083379835,0.913011858,-0.117910267,0.047190597,-0.387659081,stable
236280644140900,236280.643700000,-0.111892059,-0.108756550,-0.083379716,0.913011374,-0.117910869,0.047190160,-0.387660091,stable
236280646185500,236280.645700000,-0.111891955,-0.108756788,-0.083379544,0.913011223,-0.117911953,0.047189063,-0.387660252,stable
236280648142600,236280.647700000,-0.111892208,-0.108756647,-0.083379380,0.913010852,-0.117912369,0.047189371,-0.387660962,stable
236280650140100,236280.649700000,-0.111892186,-0.108756788,-0.083379231,0.913010714,-0.117913127,0.047188814,-0.387661124,stable
236280652162300,236280.651700000,-0.111892127,-0.108756699,-0.083379425,0.913010691,-0.117912632,0.047188366,-0.387661382,stable
236280654159850,236280.653700000,-0.111892201,-0.108756840,-0.083379142,0.913010584,-0.117913572,0.047188497,-0.387661332,stable
236280655653100,236280.654700000,-0.111892410,-0.108756311,-0.083379559,0.913010111,-0.117912231,0.047188215,-0.387662888,stable
236280657654050,236280.656700000,-0.111892529,-0.108756617,-0.083379000,0.913010151,-0.117913779,0.047189111,-0.387662215,stable
236280659661950,236280.658700000,-0.111892961,-0.108756676,-0.083378345,0.913009227,-0.117916167,0.047188853,-0.387663697,stable
236280661660900,236280.660700000,-0.111892566,-0.108756520,-0.083379067,0.913010089,-0.117913533,0.047189182,-0.387662427,stable
236280663167650,236280.662700000,-0.111892819,-0.108756445,-0.083378829,0.913009677,-0.117914256,0.047189450,-0.387663145,stable
236280665162900,236280.664700000,-0.111892760,-0.108756632,-0.083378665,0.913009804,-0.117914801,0.047189510,-0.387662671,stable
236280667170800,236280.666700000,-0.111892715,-0.108756930,-0.083378345,0.913009792,-0.117916021,0.047189204,-0.387662368,stable
236280669168200,236280.668700000,-0.111892357,-0.108757034,-0.083378688,0.913010649,-0.117914631,0.047189716,-0.387660709,stable
236280671174650,236280.670700000,-0.111892417,-0.108756833,-0.083378866,0.913010844,-0.117913567,0.047190712,-0.387660452,stable
236280673167350,236280.672700000,-0.111892380,-0.108756758,-0.083379015,0.913011034,-0.117912883,0.047191152,-0.387660159,stable
236280675175000,236280.674700000,-0.111892305,-0.108756498,-0.083379447,0.913011490,-0.117910959,0.047192153,-0.387659549,stable
236280677169300,236280.676700000,-0.111892410,-0.108756065,-0.083379872,0.913011711,-0.117908915,0.047193534,-0.387659482,stable
236280679182800,236280.678700000,-0.111892611,-0.108755909,-0.083379813,0.913011627,-0.117908711,0.047194523,-0.387659621,stable
236280681167700,236280.680700000,-0.111892514,-0.108755648,-0.083380282,0.913011780,-0.117907128,0.047194454,-0.387659750,stable
236280683177800,236280.682700000,-0.111892194,-0.108755723,-0.083380617,0.913012373,-0.117906025,0.047194316,-0.387658706,stable
236280685166800,236280.684700000,-0.111892194,-0.108755551,-0.083380833,0.913012683,-0.117904842,0.047195331,-0.387658213,stable
236280686673500,236280.685700000,-0.111891948,-0.108755618,-0.083381079,0.913013171,-0.117903994,0.047195302,-0.387657324,stable
236280688668600,236280.687700000,-0.111891948,-0.108755730,-0.083380923,0.913013133,-0.117904570,0.047195273,-0.387657243,stable
236280690667350,236280.689700000,-0.111891583,-0.108755879,-0.083381228,0.913013748,-0.117903656,0.047194912,-0.387656115,stable
236280692677500,236280.691700000,-0.111891635,-0.108755648,-0.083381459,0.913014099,-0.117902233,0.047196364,-0.387655545,stable
236280694182050,236280.693700000,-0.111891791,-0.108756028,-0.083380751,0.913013783,-0.117904674,0.047196413,-0.387655542,stable
236280696186250,236280.695700000,-0.111892141,-0.108755648,-0.083380781,0.913013477,-0.117904062,0.047197544,-0.387656309,stable
236280697852750,236280.697700000,-0.111892238,-0.108755149,-0.083381295,0.913013561,-0.117901882,0.047198563,-0.387656652,stable
236280700844400,236280.699700000,-0.111892261,-0.108755246,-0.083381146,0.913013271,-0.117902784,0.047197721,-0.387657162,stable
236280702832400,236280.701700000,-0.111892305,-0.108755313,-0.083380997,0.913013462,-0.117902898,0.047198630,-0.387656567,stable
236280704838700,236280.703700000,-0.111892350,-0.108754992,-0.083381355,0.913013439,-0.117901569,0.047198815,-0.387657004,stable
236280706831850,236280.705700000,-0.111892037,-0.108755298,-0.083381385,0.913013823,-0.117901803,0.047198057,-0.387656121,stable
236280707379850,236280.706700000,-0.111892089,-0.108755149,-0.083381511,0.913013677,-0.117901434,0.047197926,-0.387656591,stable
236280709374300,236280.708700000,-0.111892059,-0.108755007,-0.083381727,0.913013580,-0.117900878,0.047197410,-0.387657052,stable
236280711376350,236280.710700000,-0.111892179,-0.108755186,-0.083381325,0.913013306,-0.117902334,0.047197277,-0.387657271,stable
236280713377000,236280.712700000,-0.111892074,-0.108755119,-0.083381556,0.913013205,-0.117901935,0.047196283,-0.387657751,stable
236280715375450,236280.714700000,-0.111892305,-0.108754978,-0.083381437,0.913012538,-0.117902685,0.047195564,-0.387659181,stable
236280717376600,236280.716700000,-0.111892752,-0.108754344,-0.083381653,0.913011394,-0.117902304,0.047194691,-0.387662097,stable
236280719389400,236280.718700000,-0.111892752,-0.108754739,-0.083381154,0.913011031,-0.117904538,0.047193473,-0.387662422,stable
236280721387350,236280.720700000,-0.111892879,-0.108755022,-0.083380617,0.913010855,-0.117906312,0.047193659,-0.387662274,stable
236280723374150,236280.722700000,-0.111892864,-0.108755097,-0.083380535,0.913010868,-0.117906604,0.047193619,-0.387662161,stable
236280725385750,236280.724700000,-0.111892670,-0.108755380,-0.083380416,0.913010726,-0.117907696,0.047192001,-0.387662360,stable
236280727376600,236280.726700000,-0.111892685,-0.108755201,-0.083380640,0.913010348,-0.117907441,0.047190788,-0.387663475,stable
236280729337150,236280.728700000,-0.111892819,-0.108755268,-0.083380371,0.913010283,-0.117908088,0.047191432,-0.387663353,stable
236280731377000,236280.730700000,-0.111892655,-0.108755484,-0.083380312,0.913010433,-0.117908532,0.047190913,-0.387662928,stable
236280733378150,236280.732700000,-0.111892529,-0.108755648,-0.083380260,0.913010701,-0.117908655,0.047190981,-0.387662251,stable
236280735378200,236280.734700000,-0.111892901,-0.108755678,-0.083379723,0.913010314,-0.117910066,0.047192065,-0.387662600,stable
236280737378850,236280.736800000,-0.111893088,-0.108755633,-0.083379522,0.913009801,-0.117910949,0.047191637,-0.387663594,stable
236280739378200,236280.738800000,-0.111893274,-0.108755507,-0.083379447,0.913009651,-0.117910952,0.047192169,-0.387663879,stable
236280741386350,236280.740800000,-0.111893483,-0.108755328,-0.083379403,0.913009396,-0.117910883,0.047192759,-0.387664429,stable
236280744853150,236280.743800000,-0.111893617,-0.108755164,-0.083379433,0.913009470,-0.117910304,0.047193875,-0.387664295,stable
236280746835850,236280.745800000,-0.111893989,-0.108754940,-0.083379224,0.913008925,-0.117910787,0.047194481,-0.387665360,stable
236280748820950,236280.747800000,-0.111893982,-0.108754702,-0.083379544,0.913008832,-0.117909836,0.047194110,-0.387665912,stable
236280750838600,236280.749800000,-0.111894108,-0.108754680,-0.083379410,0.913008700,-0.117910125,0.047194527,-0.387666085,stable
236280752820750,236280.751800000,-0.111893982,-0.108754590,-0.083379686,0.913009180,-0.117908852,0.047195253,-0.387665252,stable
236280754397250,236280.753800000,-0.111894295,-0.108754277,-0.083379671,0.913008716,-0.117908704,0.047195746,-0.387666330,stable
236280756829300,236280.755800000,-0.111894384,-0.108754091,-0.083379798,0.913008672,-0.117908096,0.047196141,-0.387666571,stable
236280758008500,236280.757800000,-0.111893930,-0.108754359,-0.083380051,0.913009178,-0.117907727,0.047194922,-0.387665639,stable
236280760837200,236280.759800000,-0.111893706,-0.108754553,-0.083380111,0.913009573,-0.117907605,0.047194808,-0.387664760,stable
236280762837750,236280.761800000,-0.111893944,-0.108754806,-0.083379462,0.913009465,-0.117909349,0.047195882,-0.387664353,stable
236280764824250,236280.763800000,-0.111893967,-0.108754873,-0.083379343,0.913009378,-0.117909808,0.047195817,-0.387664426,stable
236280766839550,236280.765800000,-0.111893997,-0.108754426,-0.083379887,0.913009148,-0.117908170,0.047195281,-0.387665532,stable
236280768007250,236280.767800000,-0.111894079,-0.108754188,-0.083380096,0.913009131,-0.117907244,0.047195775,-0.387665793,stable
236280769422550,236280.768800000,-0.111894071,-0.108754121,-0.083380185,0.913009034,-0.117907098,0.047195284,-0.387666126,stable
236280771436500,236280.770800000,-0.111894079,-0.108754203,-0.083380066,0.913008978,-0.117907553,0.047195221,-0.387666127,stable
236280773433500,236280.772800000,-0.111894056,-0.108754322,-0.083379932,0.913008999,-0.117908062,0.047195104,-0.387665937,stable
236280775421550,236280.774800000,-0.111894064,-0.108754307,-0.083379954,0.913008700,-0.117908412,0.047194143,-0.387666652,stable
236280777434350,236280.776800000,-0.111893900,-0.108754441,-0.083379999,0.913008613,-0.117908796,0.047192829,-0.387666899,stable
236280779430150,236280.778800000,-0.111893989,-0.108754396,-0.083379939,0.913008591,-0.117908786,0.047193357,-0.387666890,stable
236280781440450,236280.780800000,-0.111893989,-0.108754568,-0.083379716,0.913008364,-0.117909853,0.047192605,-0.387667193,stable
236280783433950,236280.782800000,-0.111893840,-0.108754657,-0.083379798,0.913008266,-0.117910109,0.047191343,-0.387667499,stable
236280785429950,236280.784800000,-0.111894310,-0.108754538,-0.083379321,0.913007578,-0.117911460,0.047192035,-0.387668623,stable
236280787435250,236280.786800000,-0.111893982,-0.108754739,-0.083379500,0.913007947,-0.117911201,0.047191182,-0.387667938,stable
236280789437750,236280.788800000,-0.111893937,-0.108754501,-0.083379865,0.913007972,-0.117910049,0.047190972,-0.387668255,stable
236280791438100,236280.790800000,-0.111893691,-0.108754866,-0.083379723,0.913007856,-0.117911331,0.047189017,-0.387668376,stable
236280793020300,236280.792800000,-0.111893877,-0.108754873,-0.083379455,0.913007684,-0.117911995,0.047189684,-0.387668498,stable
236280794453900,236280.793800000,-0.111893833,-0.108754978,-0.083379388,0.913007533,-0.117912550,0.047188910,-0.387668778,stable
236280796455900,236280.795800000,-0.111894131,-0.108755022,-0.083378918,0.913007028,-0.117914059,0.047189202,-0.387669473,stable
236280798458100,236280.797800000,-0.111894257,-0.108754925,-0.083378889,0.913006863,-0.117914076,0.047189341,-0.387669840,stable
236280800460300,236280.799800000,-0.111894518,-0.108754694,-0.083378837,0.913006498,-0.117914060,0.047189822,-0.387670646,stable
236280802038450,236280.801800000,-0.111894488,-0.108754516,-0.083379105,0.913006247,-0.117913544,0.047188916,-0.387671505,stable
236280804028550,236280.803800000,-0.111894391,-0.108754665,-0.083379045,0.913006522,-0.117913646,0.047189115,-0.387670801,stable
236280806026700,236280.805800000,-0.111894630,-0.108754188,-0.083379343,0.913006169,-0.117912447,0.047189589,-0.387671940,stable
236280808045600,236280.807800000,-0.111895017,-0.108753949,-0.083379135,0.913005804,-0.117912669,0.047190739,-0.387672592,stable
236280810040000,236280.809800000,-0.111895457,-0.108753666,-0.083378918,0.913005128,-0.117913158,0.047191398,-0.387673955,stable
236280812037700,236280.811800000,-0.111895338,-0.108753584,-0.083379172,0.913005096,-0.117912626,0.047190554,-0.387674294,stable
236280814032500,236280.813800000,-0.111895546,-0.108753316,-0.083379254,0.913004931,-0.117912024,0.047191321,-0.387674773,stable
236280816054400,236280.815800000,-0.111895479,-0.108753189,-0.083379507,0.913005094,-0.117911105,0.047191459,-0.387674651,stable
236280818034100,236280.817800000,-0.111895561,-0.108752772,-0.083379947,0.913005273,-0.117909139,0.047192456,-0.387674706,stable
236280820032900,236280.819800000,-0.111895673,-0.108752377,-0.083380304,0.913005434,-0.117907385,0.047193753,-0.387674703,stable
236280822033200,236280.821800000,-0.111895777,-0.108752236,-0.083380356,0.913005487,-0.117906848,0.047194583,-0.387674641,stable
236280824068100,236280.823800000,-0.111895926,-0.108751886,-0.083380610,0.913005659,-0.117905298,0.047196202,-0.387674510,stable
236280826050200,236280.825800000,-0.111895911,-0.108751588,-0.083381027,0.913005999,-0.117903477,0.047197100,-0.387674154,stable
236280828029400,236280.827800000,-0.111896239,-0.108750924,-0.083381444,0.913005705,-0.117901548,0.047198281,-0.387675288,stable
236280830027900,236280.829800000,-0.111896299,-0.108750932,-0.083381355,0.913005887,-0.117901437,0.047199275,-0.387674774,stable
236280832894850,236280.831800000,-0.111896679,-0.108750649,-0.083381213,0.913005558,-0.117901344,0.047200595,-0.387675416,stable
236280834055000,236280.833800000,-0.111896679,-0.108750604,-0.083381273,0.913005786,-0.117900835,0.047201359,-0.387674939,stable
236280836033750,236280.835800000,-0.111896530,-0.108750574,-0.083381511,0.913005779,-0.117900425,0.047200349,-0.387675205,stable
236280838032900,236280.837800000,-0.111896507,-0.108750291,-0.083381906,0.913005745,-0.117899176,0.047200120,-0.387675692,stable
236280840042850,236280.839800000,-0.111896530,-0.108749986,-0.083382279,0.913005453,-0.117898239,0.047199307,-0.387676763,stable
236280842029300,236280.841800000,-0.111896642,-0.108749837,-0.083382323,0.913005424,-0.117897817,0.047200003,-0.387676875,stable
236280844035800,236280.843800000,-0.111896440,-0.108750023,-0.083382353,0.913005459,-0.117898210,0.047198760,-0.387676825,stable
236280845478850,236280.844800000,-0.111896411,-0.108750075,-0.083382316,0.913005420,-0.117898487,0.047198438,-0.387676873,stable
236280847482200,236280.846800000,-0.111896180,-0.108750261,-0.083382383,0.913005506,-0.117898752,0.047197236,-0.387676735,stable
236280849485200,236280.848800000,-0.111896150,-0.108750254,-0.083382435,0.913005315,-0.117898892,0.047196457,-0.387677237,stable
236280851483400,236280.850800000,-0.111895889,-0.108750463,-0.083382510,0.913005624,-0.117898900,0.047195806,-0.387676586,stable
236280853485450,236280.852800000,-0.111895934,-0.108750619,-0.083382249,0.913005432,-0.117899972,0.047195418,-0.387676759,stable
236280856043200,236280.855800000,-0.111895747,-0.108750984,-0.083382025,0.913005344,-0.117901354,0.047194015,-0.387676717,stable
236280858043400,236280.857800000,-0.111895584,-0.108751386,-0.083381712,0.913005554,-0.117902572,0.047193656,-0.387675896,stable
236280860043300,236280.859800000,-0.111895204,-0.108751908,-0.083381549,0.913005836,-0.117903792,0.047192101,-0.387675050,stable
236280862044550,236280.861800000,-0.111895025,-0.108751968,-0.083381712,0.913005536,-0.117904120,0.047189963,-0.387675918,stable
236280864051000,236280.863800000,-0.111894973,-0.108751759,-0.083382055,0.913005232,-0.117903516,0.047188635,-0.387676979,stable
236280865465700,236280.864800000,-0.111895040,-0.108751632,-0.083382130,0.913005275,-0.117903000,0.047189152,-0.387676972,stable
236280867502050,236280.866800000,-0.111894973,-0.108751945,-0.083381809,0.913004984,-0.117904706,0.047187734,-0.387677312,stable
236280869509450,236280.868800000,-0.111894906,-0.108752005,-0.083381832,0.913004999,-0.117904790,0.047187411,-0.387677289,stable
236280871507800,236280.870800000,-0.111894853,-0.108752154,-0.083381698,0.913005401,-0.117904833,0.047188390,-0.387676209,stable
236280873505000,236280.872800000,-0.111894377,-0.108752474,-0.083381914,0.913006044,-0.117904444,0.047187536,-0.387674918,stable
236280875508950,236280.874800000,-0.111894086,-0.108753011,-0.083381616,0.913006594,-0.117905526,0.047187402,-0.387673310,stable
236280877511800,236280.876800000,-0.111894079,-0.108752981,-0.083381660,0.913006664,-0.117905289,0.047187585,-0.387673195,stable
236280879504700,236280.878800000,-0.111893699,-0.108753100,-0.083382010,0.913006857,-0.117904821,0.047185866,-0.387673091,stable
236280881509100,236280.880800000,-0.111893617,-0.108753070,-0.083382167,0.913006862,-0.117904509,0.047185318,-0.387673242,stable
236280883507200,236280.882800000,-0.111893848,-0.108753100,-0.083381809,0.913006743,-0.117905276,0.047186429,-0.387673153,stable
236280885057800,236280.884800000,-0.111894071,-0.108753279,-0.083381280,0.913006406,-0.117906970,0.047186687,-0.387673400,stable
236280887051850,236280.886800000,-0.111893982,-0.108753026,-0.083381742,0.913006425,-0.117905617,0.047186170,-0.387673830,stable
236280889075850,236280.888800000,-0.111893594,-0.108753219,-0.083381996,0.913006982,-0.117904971,0.047185541,-0.387672791,stable
236280891055950,236280.890800000,-0.111893192,-0.108753562,-0.083382092,0.913007438,-0.117905110,0.047184490,-0.387671803,stable
236280893072000,236280.892800000,-0.111892939,-0.108753867,-0.083382040,0.913007859,-0.117905393,0.047184189,-0.387670762,stable
236280894514000,236280.893800000,-0.111892730,-0.108754009,-0.083382130,0.913008066,-0.117905337,0.047183661,-0.387670356,stable
236280896524050,236280.895800000,-0.111892663,-0.108754091,-0.083382115,0.913008105,-0.117905506,0.047183299,-0.387670258,stable
236280898520100,236280.897800000,-0.111892372,-0.108754382,-0.083382122,0.913008438,-0.117905831,0.047182522,-0.387669468,stable
236280900526650,236280.899800000,-0.111892678,-0.108754329,-0.083381779,0.913008126,-0.117906626,0.047183445,-0.387669850,stable
236280902526100,236280.901800000,-0.111892737,-0.108754158,-0.083381921,0.913007981,-0.117906176,0.047183299,-0.387670345,stable
236280904521550,236280.903800000,-0.111892968,-0.108754151,-0.083381638,0.913007868,-0.117906698,0.047184405,-0.387670318,stable
236280906520950,236280.905800000,-0.111892745,-0.108754419,-0.083381578,0.913008181,-0.117907058,0.047184011,-0.387669520,stable
236280908520150,236280.907800000,-0.111892767,-0.108754404,-0.083381556,0.913008289,-0.117906893,0.047184569,-0.387669247,stable
236280911071050,236280.910800000,-0.111892760,-0.108754478,-0.083381474,0.913008028,-0.117907561,0.047183688,-0.387669765,stable
236280913060900,236280.912800000,-0.111892872,-0.108754188,-0.083381705,0.913007764,-0.117906827,0.047183598,-0.387670623,stable
236280915931700,236280.914800000,-0.111893073,-0.108754069,-0.083381593,0.913007473,-0.117907096,0.047183866,-0.387671192,stable
236280917078500,236280.916800000,-0.111893058,-0.108753942,-0.083381772,0.913007455,-0.117906535,0.047183720,-0.387671423,stable
236280919072300,236280.918800000,-0.111892939,-0.108754084,-0.083381757,0.913007407,-0.117906984,0.047182756,-0.387671517,stable
236280921059000,236280.920800000,-0.111892901,-0.108754277,-0.083381556,0.913007067,-0.117908267,0.047181419,-0.387672091,stable
236280923064000,236280.922800000,-0.111893132,-0.108754329,-0.083381169,0.913006739,-0.117909418,0.047181802,-0.387672466,stable
236280925057900,236280.924800000,-0.111893676,-0.108753800,-0.083381124,0.913006056,-0.117909057,0.047183088,-0.387674029,stable
236280927060200,236280.926800000,-0.111893803,-0.108753577,-0.083381251,0.913005738,-0.117908712,0.047182823,-0.387674914,stable
236280929062700,236280.928800000,-0.111894250,-0.108753264,-0.083381064,0.913004896,-0.117909352,0.047182856,-0.387676699,stable
236280931088800,236280.930800000,-0.111894459,-0.108753070,-0.083381042,0.913004135,-0.117909913,0.047181720,-0.387678459,stable
236280933111400,236280.932800000,-0.111894250,-0.108753026,-0.083381370,0.913004140,-0.117909310,0.047180420,-0.387678789,stable
236280935087500,236280.934800000,-0.111894637,-0.108752713,-0.083381265,0.913003313,-0.117909817,0.047180112,-0.387680619,stable
236280937111300,236280.936800000,-0.111895181,-0.108752228,-0.083381169,0.913002330,-0.117910030,0.047180386,-0.387682837,stable
236280939067900,236280.938800000,-0.111895233,-0.108751982,-0.083381414,0.913002084,-0.117909373,0.047179950,-0.387683669,stable
236280941068800,236280.940800000,-0.111895576,-0.108751595,-0.083381467,0.913001477,-0.117909118,0.047180132,-0.387685154,stable
236280943069600,236280.942800000,-0.111895688,-0.108751409,-0.083381549,0.913000992,-0.117909207,0.047179322,-0.387686368,stable
236280944543200,236280.943800000,-0.111895934,-0.108751193,-0.083381496,0.913000750,-0.117909043,0.047180044,-0.387686899,stable
236280946538750,236280.945800000,-0.111896366,-0.108750954,-0.083381236,0.912999806,-0.117910132,0.047179646,-0.387688840,stable
236280948552750,236280.947800000,-0.111896671,-0.108750731,-0.083381109,0.912999308,-0.117910397,0.047180074,-0.387689878,stable
236280950541750,236280.949800000,-0.111896843,-0.108750559,-0.083381109,0.912998895,-0.117910509,0.047179735,-0.387690859,stable
236280952547700,236280.951800000,-0.111897044,-0.108750366,-0.083381094,0.912998865,-0.117910096,0.047180929,-0.387690910,stable
236280954543400,236280.953800000,-0.111897156,-0.108750291,-0.083381042,0.912998672,-0.117910228,0.047181028,-0.387691313,stable
236280956069500,236280.955800000,-0.111897074,-0.108750284,-0.083381161,0.912998975,-0.117909625,0.047181517,-0.387690723,stable
236280958078050,236280.957800000,-0.111897334,-0.108750023,-0.083381146,0.912998973,-0.117908977,0.047183175,-0.387690722,stable
236280959554500,236280.958800000,-0.111897491,-0.108749941,-0.083381042,0.912998918,-0.117908999,0.047183891,-0.387690759,stable
236280961550400,236280.960800000,-0.111897700,-0.108749844,-0.083380893,0.912998928,-0.117908934,0.047185296,-0.387690584,stable
236280963551800,236280.962800000,-0.111897521,-0.108749896,-0.083381072,0.912999309,-0.117908266,0.047185423,-0.387689874,stable
236280965563700,236280.964800000,-0.111897647,-0.108750090,-0.083380647,0.912999340,-0.117909335,0.047186372,-0.387689360,stable
236280967571500,236280.966800000,-0.111897655,-0.108749896,-0.083380893,0.912999536,-0.117908220,0.047187025,-0.387689159,stable
236280969556650,236280.968800000,-0.111897513,-0.108749978,-0.083380967,0.912999762,-0.117908017,0.047186883,-0.387688706,stable
236280971562300,236280.970800000,-0.111897454,-0.108749993,-0.083381027,0.912999972,-0.117907686,0.047187193,-0.387688273,stable
236280973560900,236280.972800000,-0.111897297,-0.108750276,-0.083380871,0.913000105,-0.117908440,0.047186661,-0.387687797,stable
236280975555600,236280.974800000,-0.111896984,-0.108750500,-0.083381005,0.913000748,-0.117907947,0.047186738,-0.387686421,stable
236280977558200,236280.976800000,-0.111897051,-0.108750567,-0.083380811,0.913000856,-0.117908251,0.047187573,-0.387685974,stable
236280979565450,236280.978800000,-0.111896992,-0.108750790,-0.083380610,0.913001289,-0.117908514,0.047188571,-0.387684754,stable
236280981573150,236280.980800000,-0.111896582,-0.108751081,-0.083380774,0.913001817,-0.117908327,0.047187655,-0.387683677,stable
236280983564300,236280.982800000,-0.111896172,-0.108751483,-0.083380796,0.913002256,-0.117908754,0.047186506,-0.387682653,stable
236280985563850,236280.984800000,-0.111896478,-0.108751424,-0.083380476,0.913002166,-0.117909160,0.047188146,-0.387682541,stable
236280987569800,236280.986800000,-0.111896470,-0.108751565,-0.083380304,0.913002176,-0.117909765,0.047188124,-0.387682337,stable
236280989563950,236280.988800000,-0.111896500,-0.108751513,-0.083380327,0.913002492,-0.117909141,0.047189384,-0.387681629,stable
236280991560850,236280.990800000,-0.111896120,-0.108751751,-0.083380520,0.913003125,-0.117908602,0.047189085,-0.387680338,stable
236280994090350,236280.993800000,-0.111895680,-0.108752102,-0.083380669,0.913004025,-0.117908066,0.047189163,-0.387678374,stable
236280996102900,236280.995800000,-0.111895218,-0.108752638,-0.083380580,0.913004700,-0.117908679,0.047188376,-0.387676692,stable
236280998099600,236280.997800000,-0.111895047,-0.108753100,-0.083380193,0.913005208,-0.117909741,0.047189022,-0.387675096,stable
236281000139400,236280.999800000,-0.111894824,-0.108753376,-0.083380140,0.913005678,-0.117909867,0.047189186,-0.387673931,stable
236281002087000,236281.001800000,-0.111894466,-0.108753942,-0.083379894,0.913006033,-0.117911230,0.047187967,-0.387672827,stable
236281004123200,236281.003800000,-0.111894563,-0.108753912,-0.083379790,0.913005925,-0.117911440,0.047188303,-0.387672976,stable
236281005586350,236281.004800000,-0.111894391,-0.108753882,-0.083380066,0.913006032,-0.117910813,0.047187565,-0.387673005,stable
236281007595450,236281.006800000,-0.111894287,-0.108753815,-0.083380297,0.913006086,-0.117910231,0.047187013,-0.387673122,stable
236281009592150,236281.008800000,-0.111894421,-0.108753756,-0.083380193,0.913005926,-0.117910435,0.047187382,-0.387673394,stable
236281011606800,236281.010800000,-0.111894377,-0.108753525,-0.083380558,0.913005923,-0.117909309,0.047187081,-0.387673780,stable
236281013594150,236281.012800000,-0.111894555,-0.108753093,-0.083380871,0.913005411,-0.117908441,0.047186579,-0.387675310,stable
236281015583850,236281.014800000,-0.111894205,-0.108753107,-0.083381325,0.913005489,-0.117907742,0.047184480,-0.387675595,stable
236281017591550,236281.016800000,-0.111894280,-0.108752817,-0.083381608,0.913005015,-0.117907221,0.047183422,-0.387676997,stable
236281019593600,236281.018800000,-0.111894757,-0.108752623,-0.083381221,0.913004008,-0.117908660,0.047183165,-0.387678962,stable
236281021600850,236281.020800000,-0.111894906,-0.108752199,-0.083381563,0.913003712,-0.117907475,0.047183233,-0.387680011,stable
236281023591100,236281.022800000,-0.111895256,-0.108751699,-0.083381750,0.913003137,-0.117906711,0.047183501,-0.387681565,stable
236281025595700,236281.024800000,-0.111895762,-0.108751290,-0.083381608,0.913002189,-0.117907122,0.047183662,-0.387683654,stable
236281027597450,236281.026800000,-0.111896127,-0.108750880,-0.083381653,0.913001322,-0.117907206,0.047183165,-0.387685730,stable
236281029595950,236281.028800000,-0.111896686,-0.108750269,-0.083381698,0.913000392,-0.117906845,0.047183643,-0.387687971,stable
236281031588700,236281.030800000,-0.111897118,-0.108749822,-0.083381705,0.912999682,-0.117906659,0.047184098,-0.387689647,stable
236281033598050,236281.032800000,-0.111897394,-0.108749323,-0.083381981,0.912999137,-0.117905711,0.047184024,-0.387691227,stable
236281035599150,236281.034800000,-0.111897916,-0.108748965,-0.083381742,0.912998057,-0.117906605,0.047183889,-0.387693514,stable
236281037602550,236281.036800000,-0.111898325,-0.108748712,-0.083381526,0.912997414,-0.117907150,0.047184396,-0.387694801,stable
236281039584750,236281.038800000,-0.111898720,-0.108747840,-0.083382137,0.912996628,-0.117905093,0.047184261,-0.387697295,stable
236281041598550,236281.040800000,-0.111898951,-0.108747393,-0.083382413,0.912995961,-0.117904443,0.047183598,-0.387699143,stable
236281044124700,236281.043800000,-0.111899808,-0.108746558,-0.083382353,0.912993901,-0.117905177,0.047182384,-0.387703918,stable
236281046127800,236281.045800000,-0.111900382,-0.108745866,-0.083382480,0.912992806,-0.117904734,0.047182432,-0.387706625,stable
236281048128650,236281.047800000,-0.111900844,-0.108745508,-0.083382323,0.912992151,-0.117904906,0.047183210,-0.387708022,stable
236281050120500,236281.049800000,-0.111901551,-0.108744726,-0.083382398,0.912991103,-0.117904231,0.047184273,-0.387710565,stable
236281052122400,236281.051800000,-0.111902118,-0.108744338,-0.083382145,0.912990017,-0.117905086,0.047184295,-0.387712859,stable
236281054134950,236281.053800000,-0.111902617,-0.108743638,-0.083382390,0.912989133,-0.117904133,0.047184620,-0.387715192,stable
236281056126400,236281.055800000,-0.111903042,-0.108742893,-0.083382785,0.912988330,-0.117902721,0.047184719,-0.387717500,stable
236281057631350,236281.056800000,-0.111903101,-0.108742736,-0.083382912,0.912988229,-0.117902292,0.047184746,-0.387717866,stable
236281059630700,236281.058800000,-0.111903518,-0.108742110,-0.083383180,0.912987407,-0.117901414,0.047184643,-0.387720081,stable
236281061631400,236281.060800000,-0.111903645,-0.108742036,-0.083383098,0.912987126,-0.117901714,0.047184610,-0.387720655,stable
236281063629850,236281.062800000,-0.111903310,-0.108741961,-0.083383650,0.912987188,-0.117900619,0.047182718,-0.387721073,stable
236281065632700,236281.064800000,-0.111903347,-0.108741872,-0.083383717,0.912986866,-0.117900735,0.047181882,-0.387721897,stable
236281068139200,236281.067800000,-0.111903608,-0.108741239,-0.083384186,0.912986100,-0.117899500,0.047180939,-0.387724191,stable
236281070155850,236281.069800000,-0.111903831,-0.108741052,-0.083384134,0.912985513,-0.117899896,0.047180471,-0.387725511,stable
236281072151800,236281.071800000,-0.111903846,-0.108740851,-0.083384372,0.912985224,-0.117899427,0.047179593,-0.387726439,stable
236281074153400,236281.073800000,-0.111904018,-0.108740740,-0.083384275,0.912984382,-0.117900440,0.047177997,-0.387728308,stable
236281076149600,236281.075800000,-0.111904353,-0.108740747,-0.083383828,0.912983727,-0.117902012,0.047177934,-0.387729381,stable
236281078145050,236281.077800000,-0.111904413,-0.108740754,-0.083383739,0.912983302,-0.117902734,0.047176991,-0.387730277,stable
236281080143250,236281.079800000,-0.111904465,-0.108741030,-0.083383314,0.912983062,-0.117904395,0.047176503,-0.387730395,stable
236281082145650,236281.081800000,-0.111904442,-0.108741008,-0.083383366,0.912983017,-0.117904322,0.047176273,-0.387730551,stable
236281084144750,236281.083800000,-0.111904591,-0.108741105,-0.083383046,0.912982640,-0.117905594,0.047175843,-0.387731104,stable
236281086143950,236281.085800000,-0.111904256,-0.108741336,-0.083383188,0.912983171,-0.117905251,0.047175515,-0.387729999,stable
236281088155650,236281.087800000,-0.111904040,-0.108741321,-0.083383501,0.912983380,-0.117904442,0.047174828,-0.387729837,stable
236281090155050,236281.089800000,-0.111903735,-0.108741529,-0.083383635,0.912983722,-0.117904336,0.047173940,-0.387729171,stable
236281092149800,236281.091800000,-0.111903541,-0.108741604,-0.083383799,0.912983946,-0.117903992,0.047173459,-0.387728807,stable
236281094148600,236281.093800000,-0.111903295,-0.108741596,-0.083384134,0.912984212,-0.117903123,0.047172805,-0.387728525,stable
236281095655400,236281.094800000,-0.111903325,-0.108741634,-0.083384059,0.912984215,-0.117903295,0.047173036,-0.387728437,stable
236281097655200,236281.096800000,-0.111903191,-0.108741999,-0.083383754,0.912984269,-0.117904650,0.047172298,-0.387727988,stable
236281099659950,236281.098800000,-0.111902803,-0.108742490,-0.083383642,0.912984646,-0.117905562,0.047170973,-0.387726983,stable
236281101656400,236281.100800000,-0.111902215,-0.108743414,-0.083383225,0.912985700,-0.117907094,0.047170834,-0.387724054,stable
236281103675200,236281.102800000,-0.111901723,-0.108743630,-0.083383605,0.912986246,-0.117906365,0.047169389,-0.387723164,stable
236281105665700,236281.104800000,-0.111901201,-0.108744234,-0.083383508,0.912986720,-0.117907445,0.047167579,-0.387721941,stable
236281107654850,236281.106800000,-0.111900784,-0.108744733,-0.083383426,0.912987313,-0.117908056,0.047166826,-0.387720449,stable
236281109655750,236281.108800000,-0.111900255,-0.108745366,-0.083383299,0.912988248,-0.117908560,0.047166643,-0.387718117,stable
236281111662650,236281.110800000,-0.111899927,-0.108745582,-0.083383463,0.912988306,-0.117908805,0.047164679,-0.387718146,stable
236281114158750,236281.113800000,-0.111899503,-0.108746476,-0.083382860,0.912988738,-0.117911415,0.047163440,-0.387716483,stable
236281116171900,236281.115800000,-0.111898802,-0.108747341,-0.083382674,0.912989555,-0.117912821,0.047161613,-0.387714355,stable
236281118164350,236281.117800000,-0.111898646,-0.108747773,-0.083382331,0.912989929,-0.117913933,0.047161785,-0.387713115,stable
236281120173650,236281.119800000,-0.111897998,-0.108748347,-0.083382450,0.912991093,-0.117913632,0.047161485,-0.387710502,stable
236281122168800,236281.121800000,-0.111897506,-0.108748637,-0.083382726,0.912992175,-0.117912530,0.047161811,-0.387708249,stable
236281124167000,236281.123800000,-0.111897238,-0.108748689,-0.083383024,0.912992589,-0.117911629,0.047161530,-0.387707583,stable
236281126160950,236281.125800000,-0.111896925,-0.108748965,-0.083383076,0.912993310,-0.117911264,0.047161947,-0.387705947,stable
236281128160300,236281.127800000,-0.111896805,-0.108749136,-0.083383016,0.912993590,-0.117911433,0.047162043,-0.387705224,stable
236281130167350,236281.129800000,-0.111896783,-0.108748831,-0.083383448,0.912993746,-0.117909784,0.047162449,-0.387705308,stable
236281132170550,236281.131800000,-0.111896545,-0.108748771,-0.083383843,0.912994185,-0.117908453,0.047162345,-0.387704691,stable
236281134168450,236281.133800000,-0.111896515,-0.108748794,-0.083383851,0.912994102,-0.117908614,0.047161920,-0.387704890,stable
236281136174900,236281.135800000,-0.111896515,-0.108748943,-0.083383657,0.912994021,-0.117909386,0.047161643,-0.387704881,stable
236281138213450,236281.137800000,-0.111896746,-0.108748846,-0.083383478,0.912993772,-0.117909742,0.047162248,-0.387705285,stable
236281140173800,236281.139800000,-0.111897089,-0.108748734,-0.083383158,0.912993160,-0.117910768,0.047162483,-0.387706385,stable
236281142179400,236281.141800000,-0.111897074,-0.108748607,-0.083383344,0.912993113,-0.117910234,0.047162234,-0.387706688,stable
236281144168600,236281.143800000,-0.111897372,-0.108748265,-0.083383396,0.912992694,-0.117909861,0.047162718,-0.387707731,stable
236281145682900,236281.144800000,-0.111897513,-0.108748287,-0.083383173,0.912992371,-0.117910685,0.047162568,-0.387708257,stable
236281147679150,236281.146800000,-0.111898005,-0.108747482,-0.083383568,0.912991561,-0.117909108,0.047163041,-0.387710587,stable
236281150183800,236281.149800000,-0.111899018,-0.108746715,-0.083383195,0.912989794,-0.117910102,0.047163752,-0.387714360,stable
236281152837550,236281.151800000,-0.111899503,-0.108746186,-0.083383247,0.912988639,-0.117910233,0.047163113,-0.387717118,stable
236281153860150,236281.152800000,-0.111899659,-0.108745597,-0.083383799,0.912987964,-0.117908837,0.047161849,-0.387719285,stable
236281156357600,236281.155800000,-0.111900397,-0.108744971,-0.083383635,0.912986410,-0.117909589,0.047161409,-0.387722770,stable
236281158359900,236281.157800000,-0.111900836,-0.108744808,-0.083383255,0.912985317,-0.117911256,0.047160606,-0.387724933,stable
236281160359650,236281.159800000,-0.111901350,-0.108744480,-0.083383001,0.912983999,-0.117912596,0.047159515,-0.387727761,stable
236281162840100,236281.161800000,-0.111901671,-0.108743973,-0.083383225,0.912982815,-0.117912560,0.047157753,-0.387730775,stable
236281164828800,236281.163800000,-0.111902110,-0.108743623,-0.083383091,0.912981541,-0.117913615,0.047156351,-0.387733626,stable
236281166843550,236281.165800000,-0.111902662,-0.108743690,-0.083382264,0.912980137,-0.117916949,0.047155235,-0.387736052,stable
236281168832350,236281.167800000,-0.111902885,-0.108743563,-0.083382122,0.912979306,-0.117917970,0.047154032,-0.387737845,stable
236281169859050,236281.168800000,-0.111902885,-0.108743392,-0.083382353,0.912978511,-0.117918303,0.047151304,-0.387739948,stable
236281172834100,236281.171800000,-0.111903124,-0.108743459,-0.083381943,0.912977676,-0.117920217,0.047150175,-0.387741468,stable
236281173852400,236281.172800000,-0.111903250,-0.108743288,-0.083381996,0.912976752,-0.117920966,0.047147912,-0.387743691,stable
236281175853300,236281.174800000,-0.111903533,-0.108742803,-0.083382256,0.912975885,-0.117920515,0.047146874,-0.387745997,stable
236281178831800,236281.177800000,-0.111903466,-0.108742833,-0.083382301,0.912975366,-0.117921255,0.047144722,-0.387747256,stable
236281179850500,236281.178800000,-0.111903556,-0.108742587,-0.083382495,0.912975014,-0.117920823,0.047144216,-0.387748276,stable
236281182860350,236281.181800000,-0.111903943,-0.108742394,-0.083382219,0.912974066,-0.117922046,0.047143565,-0.387750216,stable
236281184845900,236281.183800000,-0.111904435,-0.108742312,-0.083381675,0.912972981,-0.117924108,0.047143090,-0.387752203,stable
236281186839250,236281.185800000,-0.111904733,-0.108742043,-0.083381638,0.912972049,-0.117924752,0.047142000,-0.387754332,stable
236281188840350,236281.187800000,-0.111904889,-0.108741775,-0.083381765,0.912971205,-0.117925063,0.047140208,-0.387756444,stable
236281190837700,236281.189800000,-0.111904956,-0.108741753,-0.083381712,0.912970652,-0.117925836,0.047138765,-0.387757685,stable
236281192834550,236281.191800000,-0.111905299,-0.108741425,-0.083381675,0.912969788,-0.117926205,0.047138264,-0.387759669,stable
236281194838150,236281.193800000,-0.111905523,-0.108740956,-0.083381988,0.912969113,-0.117925458,0.047137383,-0.387761593,stable
236281195383750,236281.194800000,-0.111905545,-0.108740598,-0.083382428,0.912968926,-0.117924175,0.047136887,-0.387762484,stable
236281197393250,236281.196800000,-0.111905612,-0.108740382,-0.083382621,0.912968640,-0.117923707,0.047136426,-0.387763353,stable
236281199384250,236281.198800000,-0.111905940,-0.108739868,-0.083382845,0.912968149,-0.117922744,0.047136891,-0.387764748,stable
236281201390450,236281.200800000,-0.111905813,-0.108739443,-0.083383568,0.912968087,-0.117920680,0.047135860,-0.387765645,stable
236281203387150,236281.202800000,-0.111905828,-0.108739369,-0.083383642,0.912967988,-0.117920496,0.047135727,-0.387765952,stable
236281205384150,236281.204800000,-0.111906171,-0.108739115,-0.083383530,0.912967828,-0.117920231,0.047137210,-0.387766228,stable
236281207845650,236281.206800000,-0.111906178,-0.108738810,-0.083383910,0.912967737,-0.117919012,0.047136993,-0.387766840,stable
236281209833450,236281.208800000,-0.111906394,-0.108738795,-0.083383635,0.912967492,-0.117919719,0.047137576,-0.387767131,stable
236281211837350,236281.210800000,-0.111906581,-0.108738296,-0.083384037,0.912967200,-0.117918237,0.047137830,-0.387768237,stable
236281213870550,236281.212800000,-0.111906670,-0.108738035,-0.083384253,0.912967025,-0.117917508,0.047137842,-0.387768869,stable
236281215847400,236281.214800000,-0.111906901,-0.108737782,-0.083384283,0.912966619,-0.117917360,0.047137951,-0.387769857,stable
236281217837250,236281.216800000,-0.111907095,-0.108737409,-0.083384499,0.912966336,-0.117916438,0.047138339,-0.387770757,stable
236281219840250,236281.218800000,-0.111906923,-0.108737282,-0.083384894,0.912966446,-0.117915401,0.047137608,-0.387770902,stable
236281221782200,236281.220800000,-0.111907013,-0.108737543,-0.083384432,0.912966212,-0.117917086,0.047137422,-0.387770964,stable
236281223841750,236281.222800000,-0.111907117,-0.108737536,-0.083384305,0.912965652,-0.117918014,0.047136214,-0.387772146,stable
236281225850350,236281.224800000,-0.111906864,-0.108737513,-0.083384670,0.912965796,-0.117917220,0.047135094,-0.387772186,stable
236281227829350,236281.226800000,-0.111906968,-0.108737603,-0.083384417,0.912965515,-0.117918213,0.047134797,-0.387772581,stable
236281229857650,236281.228800000,-0.111906976,-0.108737640,-0.083384365,0.912965188,-0.117918828,0.047133808,-0.387773284,stable
236281231829950,236281.230800000,-0.111906804,-0.108737968,-0.083384164,0.912965005,-0.117920228,0.047132147,-0.387773491,stable
236281233832700,236281.232900000,-0.111906804,-0.108738005,-0.083384119,0.912964761,-0.117920734,0.047131248,-0.387774020,stable
236281235875550,236281.234900000,-0.111906864,-0.108737841,-0.083384253,0.912964443,-0.117920553,0.047130569,-0.387774906,stable
236281237837450,236281.236900000,-0.111907117,-0.108737729,-0.083384052,0.912963655,-0.117921639,0.047129689,-0.387776539,stable
236281239848350,236281.238700000,-0.111907214,-0.108737543,-0.083384164,0.912963100,-0.117921748,0.047128495,-0.387777958,stable
236281241883950,236281.240700000,-0.111907229,-0.108737588,-0.083384089,0.912962503,-0.117922821,0.047126595,-0.387779268,stable
236281243828700,236281.242700000,-0.111907586,-0.108737528,-0.083383679,0.912961482,-0.117924690,0.047125493,-0.387781237,stable
236281244412600,236281.243700000,-0.111907415,-0.108737625,-0.083383791,0.912961356,-0.117924928,0.047123961,-0.387781647,stable
236281246415900,236281.245700000,-0.111907274,-0.108737990,-0.083383501,0.912960698,-0.117927215,0.047120951,-0.387782867,stable
236281248409800,236281.247700000,-0.111907184,-0.108737923,-0.083383709,0.912960203,-0.117927436,0.047118755,-0.387784231,stable
236281250413000,236281.249700000,-0.111907318,-0.108737633,-0.083383918,0.912959230,-0.117927702,0.047116444,-0.387786721,stable
236281252411200,236281.251700000,-0.111907281,-0.108737648,-0.083383940,0.912958576,-0.117928648,0.047114000,-0.387788272,stable
236281254413700,236281.253700000,-0.111907423,-0.108737476,-0.083383977,0.912958023,-0.117928899,0.047113098,-0.387789606,stable
236281256417350,236281.255700000,-0.111907683,-0.108737163,-0.083384037,0.912957081,-0.117929303,0.047111635,-0.387791880,stable
236281258862850,236281.257700000,-0.111907989,-0.108736657,-0.083384290,0.912956494,-0.117928447,0.047111617,-0.387793523,stable
236281260839700,236281.259700000,-0.111908361,-0.108736202,-0.083384380,0.912955627,-0.117928309,0.047111246,-0.387795651,stable
236281262838500,236281.261700000,-0.111908309,-0.108736224,-0.083384424,0.912955357,-0.117928670,0.047110056,-0.387796323,stable
236281264837550,236281.263700000,-0.111908697,-0.108735941,-0.083384275,0.912954742,-0.117929011,0.047110423,-0.387797622,stable
236281266841350,236281.265700000,-0.111908719,-0.108735919,-0.083384268,0.912954465,-0.117929378,0.047109609,-0.387798261,stable
236281268430600,236281.267700000,-0.111908980,-0.108736061,-0.083383739,0.912954021,-0.117931119,0.047109827,-0.387798751,stable
236281270436650,236281.269700000,-0.111909010,-0.108735815,-0.083384015,0.912953840,-0.117930306,0.047109484,-0.387799466,stable
236281272437250,236281.271700000,-0.111909322,-0.108735524,-0.083383985,0.912953040,-0.117930705,0.047108861,-0.387801303,stable
236281274441200,236281.273700000,-0.111909159,-0.108735725,-0.083383933,0.912953286,-0.117930975,0.047108544,-0.387800680,stable
236281276436900,236281.275700000,-0.111909203,-0.108735599,-0.083384044,0.912953306,-0.117930441,0.047108925,-0.387800749,stable
236281278440300,236281.277700000,-0.111909039,-0.108735800,-0.083383992,0.912953323,-0.117931016,0.047108044,-0.387800641,stable
236281280443500,236281.279700000,-0.111909196,-0.108735427,-0.083384268,0.912953095,-0.117929967,0.047108190,-0.387801480,stable
236281282450900,236281.281700000,-0.111909628,-0.108734876,-0.083384417,0.912952692,-0.117928874,0.047109602,-0.387802589,stable
236281284444550,236281.283700000,-0.111909881,-0.108734578,-0.083384454,0.912952193,-0.117928707,0.047109742,-0.387803797,stable
236281286442000,236281.285700000,-0.111910455,-0.108733952,-0.083384499,0.912951587,-0.117927857,0.047111392,-0.387805282,stable
236281288443950,236281.287700000,-0.111910626,-0.108733624,-0.083384700,0.912951421,-0.117926956,0.047111881,-0.387805888,stable
236281291051650,236281.288700000,-0.111910492,-0.108733773,-0.083384685,0.912951432,-0.117927375,0.047111066,-0.387805833,stable
236281292441800,236281.290700000,-0.111910865,-0.108734079,-0.083383791,0.912951226,-0.117929726,0.047112729,-0.387805400,stable
236281294029500,236281.293700000,-0.111910954,-0.108733498,-0.083384432,0.912950739,-0.117927952,0.047111682,-0.387807214,stable
236281296028300,236281.295700000,-0.111911103,-0.108733349,-0.083384424,0.912950442,-0.117927996,0.047111689,-0.387807900,stable
236281298027350,236281.297700000,-0.111911431,-0.108732730,-0.083384782,0.912949790,-0.117926753,0.047111727,-0.387809808,stable
236281300034200,236281.299700000,-0.111911573,-0.108732544,-0.083384834,0.912949265,-0.117926940,0.047110844,-0.387811095,stable
236281301462500,236281.300700000,-0.111911580,-0.108732581,-0.083384782,0.912949159,-0.117927247,0.047110578,-0.387811284,stable
236281303459500,236281.302700000,-0.111911863,-0.108732268,-0.083384819,0.912948705,-0.117927027,0.047110750,-0.387812396,stable
236281305132150,236281.304700000,-0.111911803,-0.108732276,-0.083384879,0.912948556,-0.117927142,0.047110022,-0.387812801,stable
236281307142000,236281.306700000,-0.111911736,-0.108732283,-0.083384961,0.912948289,-0.117927414,0.047108765,-0.387813500,stable
236281309122550,236281.308700000,-0.111911781,-0.108732432,-0.083384700,0.912948279,-0.117928195,0.047109002,-0.387813257,stable
236281311117650,236281.310700000,-0.111911573,-0.108732231,-0.083385251,0.912948437,-0.117926680,0.047108085,-0.387813457,stable
236281313122300,236281.312700000,-0.111911707,-0.108732171,-0.083385140,0.912947925,-0.117927361,0.047107390,-0.387814540,stable
236281314620500,236281.313700000,-0.111911848,-0.108732074,-0.083385088,0.912947605,-0.117927634,0.047107098,-0.387815246,stable
236281316624650,236281.315700000,-0.111911647,-0.108732328,-0.083385020,0.912947999,-0.117927848,0.047107152,-0.387814248,stable
236281318625100,236281.317700000,-0.111912221,-0.108731359,-0.083385520,0.912946771,-0.117926271,0.047106807,-0.387817660,stable
236281320617400,236281.319700000,-0.111912727,-0.108731925,-0.083384097,0.912946510,-0.117930165,0.047109295,-0.387816786,stable
236281322640450,236281.321700000,-0.111912869,-0.108731456,-0.083384521,0.912945692,-0.117929496,0.047107425,-0.387819143,stable
236281324628700,236281.323700000,-0.111913227,-0.108730763,-0.083384939,0.912945791,-0.117926946,0.047110005,-0.387819373,stable
236281326621350,236281.325700000,-0.111913480,-0.108730890,-0.083384432,0.912944965,-0.117929160,0.047108896,-0.387820777,stable
236281328627700,236281.327700000,-0.111913644,-0.108730860,-0.083384261,0.912944957,-0.117929315,0.047109935,-0.387820625,stable
236281330634000,236281.329700000,-0.111913472,-0.108730398,-0.083385095,0.912944673,-0.117927305,0.047107901,-0.387822151,stable
236281332620600,236281.331700000,-0.111913837,-0.108730547,-0.083384402,0.912944154,-0.117929431,0.047108603,-0.387822639,stable
236281334628300,236281.333700000,-0.111913912,-0.108730666,-0.083384149,0.912944158,-0.117930072,0.047109129,-0.387822373,stable
236281336637150,236281.335700000,-0.111913569,-0.108730726,-0.083384529,0.912944378,-0.117929406,0.047107563,-0.387822246,stable
236281338630400,236281.337700000,-0.111913584,-0.108730555,-0.083384745,0.912943954,-0.117929227,0.047106232,-0.387823460,stable
236281340626900,236281.339700000,-0.111913480,-0.108730599,-0.083384827,0.912944226,-0.117928866,0.047106391,-0.387822913,stable
236281342625850,236281.341700000,-0.111913770,-0.108729929,-0.083385304,0.912943586,-0.117927303,0.047106198,-0.387824916,stable
236281344138300,236281.343700000,-0.111914001,-0.108730048,-0.083384834,0.912943391,-0.117928546,0.047107181,-0.387824879,stable
236281346150350,236281.345700000,-0.111914113,-0.108730115,-0.083384588,0.912943428,-0.117929019,0.047108044,-0.387824542,stable
236281348158200,236281.347700000,-0.111913905,-0.108730510,-0.083384357,0.912943827,-0.117929837,0.047107934,-0.387823368,stable
236281350139200,236281.349700000,-0.111913942,-0.108730517,-0.083384298,0.912943783,-0.117930010,0.047108029,-0.387823408,stable
236281352151450,236281.351700000,-0.111913666,-0.108730957,-0.083384097,0.912943999,-0.117931162,0.047106965,-0.387822679,stable
236281354139650,236281.353700000,-0.111913741,-0.108730763,-0.083384253,0.912944140,-0.117930196,0.047108006,-0.387822514,stable
236281356639050,236281.355700000,-0.111913584,-0.108731084,-0.083384037,0.912944894,-0.117930328,0.047109364,-0.387820534,stable
236281358646050,236281.357700000,-0.111913204,-0.108730942,-0.083384737,0.912945743,-0.117927796,0.047109701,-0.387819263,stable
236281360642600,236281.359700000,-0.111913234,-0.108731009,-0.083384618,0.912945809,-0.117928013,0.047110114,-0.387818993,stable
236281363080500,236281.362700000,-0.111912832,-0.108731017,-0.083385140,0.912946836,-0.117925847,0.047111006,-0.387817126,stable
236281365074650,236281.364700000,-0.111912780,-0.108730659,-0.083385676,0.912947352,-0.117923453,0.047112256,-0.387816487,stable
236281367068000,236281.366700000,-0.111912757,-0.108730517,-0.083385892,0.912947566,-0.117922451,0.047112899,-0.387816208,stable
236281369051900,236281.368700000,-0.111912742,-0.108730003,-0.083386585,0.912947752,-0.117919859,0.047113321,-0.387816509,stable
236281371054500,236281.370700000,-0.111912891,-0.108729929,-0.083386473,0.912947890,-0.117919631,0.047114830,-0.387816070,stable
236281373052300,236281.372700000,-0.111912772,-0.108729996,-0.083386540,0.912948420,-0.117918989,0.047115739,-0.387814905,stable
236281375088550,236281.374700000,-0.111912601,-0.108729988,-0.083386794,0.912948792,-0.117918082,0.047115911,-0.387814285,stable
236281377066600,236281.376700000,-0.111912675,-0.108729839,-0.083386876,0.912948732,-0.117917665,0.047116161,-0.387814524,stable
236281379056700,236281.378700000,-0.111912876,-0.108729579,-0.083386958,0.912948743,-0.117916832,0.047117473,-0.387814592,stable
236281381061800,236281.380700000,-0.111912705,-0.108729832,-0.083386861,0.912949134,-0.117917104,0.047117647,-0.387813568,stable
236281383069300,236281.382700000,-0.111912720,-0.108729646,-0.083387077,0.912949131,-0.117916314,0.047117747,-0.387813801,stable
236281385054100,236281.384700000,-0.111913025,-0.108729549,-0.083386794,0.912948893,-0.117916791,0.047118965,-0.387814069,stable
236281386361200,236281.385700000,-0.111913025,-0.108729333,-0.083387069,0.912948847,-0.117915906,0.047118795,-0.387814467,stable
236281388365600,236281.387700000,-0.111913130,-0.108729444,-0.083386801,0.912948109,-0.117917602,0.047116956,-0.387815913,stable
236281390358100,236281.389700000,-0.111913018,-0.108729370,-0.083387047,0.912948187,-0.117916919,0.047116596,-0.387815980,stable
236281392359050,236281.391700000,-0.111912906,-0.108729556,-0.083386943,0.912948093,-0.117917711,0.047115581,-0.387816085,stable
236281394833650,236281.393700000,-0.111912929,-0.108729616,-0.083386846,0.912948192,-0.117917858,0.047116057,-0.387815749,stable
236281395853150,236281.394700000,-0.111912452,-0.108730190,-0.083386727,0.912948659,-0.117918900,0.047114503,-0.387814522,stable
236281398838800,236281.397700000,-0.111912780,-0.108729921,-0.083386645,0.912948190,-0.117918960,0.047115066,-0.387815539,stable
236281400831400,236281.399700000,-0.111912780,-0.108729899,-0.083386675,0.912947906,-0.117919238,0.047114180,-0.387816230,stable
236281402840400,236281.401700000,-0.111912683,-0.108730108,-0.083386518,0.912947910,-0.117920006,0.047113629,-0.387816053,stable
236281404829850,236281.403700000,-0.111913137,-0.108729884,-0.083386205,0.912947180,-0.117920891,0.047114082,-0.387817448,stable
236281406832000,236281.405700000,-0.111913152,-0.108729884,-0.083386190,0.912946759,-0.117921486,0.047112714,-0.387818425,stable
236281407371150,236281.406700000,-0.111913189,-0.108729638,-0.083386458,0.912946559,-0.117920731,0.047112415,-0.387819161,stable
236281409371700,236281.408700000,-0.111913443,-0.108729884,-0.083385795,0.912945919,-0.117923236,0.047111876,-0.387819972,stable
236281411374100,236281.410700000,-0.111913472,-0.108729981,-0.083385639,0.912945863,-0.117923781,0.047111813,-0.387819944,stable
236281413429550,236281.412700000,-0.111913547,-0.108730026,-0.083385468,0.912945514,-0.117924631,0.047111240,-0.387820578,stable
236281415383450,236281.414700000,-0.111913711,-0.108729973,-0.083385319,0.912945021,-0.117925412,0.047110591,-0.387821580,stable
236281417375650,236281.416700000,-0.111913867,-0.108729936,-0.083385162,0.912944682,-0.117925988,0.047110491,-0.387822214,stable
236281419377200,236281.418700000,-0.111914158,-0.108729899,-0.083384812,0.912944596,-0.117926536,0.047112125,-0.387822054,stable
236281421377400,236281.420700000,-0.111914173,-0.108730070,-0.083384581,0.912944384,-0.117927589,0.047111497,-0.387822308,stable
236281423377300,236281.422700000,-0.111914344,-0.108729944,-0.083384506,0.912944211,-0.117927612,0.047112071,-0.387822638,stable
236281425372250,236281.424700000,-0.111914903,-0.108729571,-0.083384246,0.912943506,-0.117927994,0.047113212,-0.387824043,stable
236281427373200,236281.426700000,-0.111915112,-0.108729295,-0.083384335,0.912943518,-0.117927124,0.047114613,-0.387824108,stable
236281429395250,236281.428700000,-0.111915283,-0.108729176,-0.083384246,0.912943676,-0.117926741,0.047116274,-0.387823652,stable
236281431395000,236281.430700000,-0.111915559,-0.108728975,-0.083384149,0.912943444,-0.117926652,0.047117298,-0.387824102,stable
236281433381150,236281.432700000,-0.111915909,-0.108728804,-0.083383895,0.912943349,-0.117926715,0.047119129,-0.387824082,stable
236281435377300,236281.434700000,-0.111915439,-0.108728819,-0.083384514,0.912944284,-0.117924582,0.047119169,-0.387822525,stable
236281437372350,236281.436700000,-0.111915916,-0.108728617,-0.083384126,0.912943951,-0.117925062,0.047121159,-0.387822922,stable
236281439379700,236281.438700000,-0.111915931,-0.108728513,-0.083384246,0.912944390,-0.117924014,0.047122752,-0.387822013,stable
236281441381650,236281.440700000,-0.111916192,-0.108728252,-0.083384238,0.912944415,-0.117923294,0.047124470,-0.387821964,stable
236281443832700,236281.442700000,-0.111916699,-0.108727798,-0.083384156,0.912944369,-0.117922290,0.047127545,-0.387822004,stable
236281445850900,236281.444700000,-0.111916654,-0.108727314,-0.083384834,0.912945157,-0.117918961,0.047129882,-0.387820877,stable
236281448828850,236281.447700000,-0.111916609,-0.108727023,-0.083385274,0.912945401,-0.117917219,0.047130482,-0.387820760,stable
236281450852850,236281.449700000,-0.111916766,-0.108726576,-0.083385646,0.912945861,-0.117914892,0.047132879,-0.387820093,stable
236281452845750,236281.451700000,-0.111916818,-0.108726360,-0.083385870,0.912945751,-0.117914148,0.047132877,-0.387820578,stable
236281454405850,236281.453700000,-0.111916907,-0.108726010,-0.083386205,0.912945806,-0.117912657,0.047133651,-0.387820809,stable
236281457842300,236281.456700000,-0.111917339,-0.108725637,-0.083386108,0.912945457,-0.117912308,0.047135321,-0.387821533,stable
236281459838100,236281.458700000,-0.111917265,-0.108725332,-0.083386607,0.912945800,-0.117910309,0.047135935,-0.387821259,stable
236281461869150,236281.460700000,-0.111917093,-0.108725354,-0.083386801,0.912946336,-0.117909363,0.047136552,-0.387820211,stable
236281463892450,236281.462700000,-0.111916967,-0.108725227,-0.083387151,0.912946825,-0.117907830,0.047137448,-0.387819416,stable
236281465858800,236281.464700000,-0.111916795,-0.108725533,-0.083386980,0.912947218,-0.117908349,0.047137494,-0.387818328,stable
236281467013100,236281.466700000,-0.111916840,-0.108725592,-0.083386838,0.912947397,-0.117908438,0.047138459,-0.387817762,stable
236281469013800,236281.468700000,-0.111916825,-0.108725309,-0.083387226,0.912947361,-0.117907197,0.047138248,-0.387818249,stable
236281471837450,236281.470700000,-0.111916944,-0.108724982,-0.083387494,0.912947303,-0.117906057,0.047138796,-0.387818667,stable
236281473859050,236281.472700000,-0.111917153,-0.108725041,-0.083387129,0.912947201,-0.117906871,0.047139851,-0.387818530,stable
236281475016600,236281.474700000,-0.111917153,-0.108725056,-0.083387114,0.912947452,-0.117906590,0.047140567,-0.387817939,stable
236281477855450,236281.476700000,-0.111917168,-0.108724922,-0.083387271,0.912947371,-0.117906110,0.047140458,-0.387818287,stable
236281479841300,236281.478700000,-0.111917242,-0.108725019,-0.083387047,0.912947154,-0.117906970,0.047140228,-0.387818565,stable
236281481028300,236281.480700000,-0.111917123,-0.108725198,-0.083386965,0.912947246,-0.117907458,0.047139765,-0.387818255,stable
236281483028700,236281.482700000,-0.111917242,-0.108725205,-0.083386809,0.912946980,-0.117908058,0.047139636,-0.387818716,stable
236281485023350,236281.484700000,-0.111917242,-0.108725332,-0.083386637,0.912946769,-0.117908926,0.047138957,-0.387819030,stable
236281487022300,236281.486700000,-0.111917697,-0.108725257,-0.083386123,0.912946090,-0.117910420,0.047139630,-0.387820093,stable
236281489020900,236281.488700000,-0.111917533,-0.108725674,-0.083385795,0.912946022,-0.117912096,0.047138306,-0.387819906,stable
236281491019000,236281.490700000,-0.111917309,-0.108725764,-0.083385982,0.912946331,-0.117911613,0.047137904,-0.387819374,stable
236281492410300,236281.491700000,-0.111917064,-0.108726054,-0.083385929,0.912946534,-0.117912152,0.047137157,-0.387818823,stable
236281493454700,236281.492700000,-0.111916788,-0.108726032,-0.083386339,0.912946827,-0.117911116,0.047136285,-0.387818553,stable
236281494537550,236281.493700000,-0.111916780,-0.108725972,-0.083386421,0.912946808,-0.117910846,0.047136206,-0.387818689,stable
236281495590000,236281.494700000,-0.111916862,-0.108725823,-0.083386496,0.912946784,-0.117910418,0.047136610,-0.387818828,stable
236281496650100,236281.495700000,-0.111917287,-0.108725250,-0.083386682,0.912946630,-0.117908849,0.047138769,-0.387819405,stable
236281497711850,236281.496700000,-0.111916766,-0.108726025,-0.083386369,0.912947064,-0.117910721,0.047136907,-0.387818041,stable
236281498763250,236281.497700000,-0.111916915,-0.108726285,-0.083385833,0.912947048,-0.117912194,0.047137755,-0.387817527,stable
236281500333000,236281.499700000,-0.111917034,-0.108726159,-0.083385833,0.912946774,-0.117912257,0.047137634,-0.387818168,stable
236281502331000,236281.501700000,-0.111917302,-0.108726032,-0.083385639,0.912946811,-0.117912150,0.047139499,-0.387817886,stable
236281504330950,236281.503700000,-0.111917250,-0.108725965,-0.083385795,0.912946887,-0.117911652,0.047139437,-0.387817867,stable
236281506328900,236281.505700000,-0.111917146,-0.108725928,-0.083385982,0.912947124,-0.117910944,0.047139545,-0.387817509,stable
236281507801300,236281.506700000,-0.111916907,-0.108726181,-0.083385974,0.912947878,-0.117910555,0.047140501,-0.387815737,stable
236281509039550,236281.508700000,-0.111917205,-0.108725980,-0.083385840,0.912947317,-0.117911028,0.047140455,-0.387816919,stable
236281510076500,236281.509700000,-0.111917108,-0.108725958,-0.083386004,0.912947354,-0.117910668,0.047140024,-0.387816994,stable
236281511108450,236281.510700000,-0.111917071,-0.108725891,-0.083386138,0.912947286,-0.117910384,0.047139625,-0.387817289,stable
236281512658100,236281.511700000,-0.111917384,-0.108725630,-0.083386049,0.912947552,-0.117909471,0.047142507,-0.387816590,stable
236281519533700,236281.518700000,-0.111916356,-0.108725637,-0.083387427,0.912948891,-0.117905645,0.047140277,-0.387814873,stable
236281521423150,236281.520700000,-0.111916117,-0.108725838,-0.083387479,0.912949464,-0.117905314,0.047140641,-0.387813581,stable
236281523442050,236281.522700000,-0.111915939,-0.108725898,-0.083387651,0.912949842,-0.117904698,0.047140664,-0.387812875,stable
236281524553150,236281.523700000,-0.111915827,-0.108726196,-0.083387412,0.912950001,-0.117905590,0.047140570,-0.387812241,stable
236281525604200,236281.524700000,-0.111915939,-0.108726032,-0.083387472,0.912950081,-0.117904944,0.047141540,-0.387812130,stable
236281526669000,236281.525700000,-0.111916214,-0.108726062,-0.083387062,0.912949858,-0.117905937,0.047142566,-0.387812230,stable
236281528656450,236281.527700000,-0.111915968,-0.108726196,-0.083387226,0.912949872,-0.117906050,0.047140983,-0.387812356,stable
236281530326050,236281.529700000,-0.111916520,-0.108725749,-0.083387055,0.912949301,-0.117905919,0.047142702,-0.387813529,stable
236281532170400,236281.531700000,-0.111916594,-0.108725645,-0.083387092,0.912949425,-0.117905406,0.047143533,-0.387813292,stable
236281534189900,236281.533700000,-0.111916691,-0.108725756,-0.083386824,0.912949137,-0.117906480,0.047143213,-0.387813684,stable
236281536180400,236281.535700000,-0.111916818,-0.108725600,-0.083386853,0.912949095,-0.117906095,0.047143937,-0.387813811,stable
236281538178100,236281.537700000,-0.111916721,-0.108725943,-0.083386540,0.912949039,-0.117907526,0.047143103,-0.387813608,stable
236281540174400,236281.539700000,-0.111916855,-0.108725913,-0.083386399,0.912948758,-0.117908049,0.047143018,-0.387814122,stable
236281542172900,236281.541700000,-0.111917004,-0.108726107,-0.083385952,0.912948247,-0.117909885,0.047142309,-0.387814853,stable
236281544171700,236281.543700000,-0.111916751,-0.108726449,-0.083385833,0.912948284,-0.117910926,0.047140835,-0.387814630,stable
236281545677350,236281.544700000,-0.111916445,-0.108727083,-0.083385423,0.912948560,-0.117912778,0.047139758,-0.387813547,stable
236281547675050,236281.546700000,-0.111916199,-0.108727001,-0.083385862,0.912949268,-0.117910915,0.047140558,-0.387812348,stable
236281549672700,236281.548700000,-0.111915939,-0.108727336,-0.083385773,0.912948577,-0.117912899,0.047136596,-0.387813853,stable
236281551677600,236281.550700000,-0.111916207,-0.108726747,-0.083386175,0.912948383,-0.117911072,0.047137634,-0.387814740,stable
236281553659000,236281.552700000,-0.111916631,-0.108727671,-0.083384410,0.912948062,-0.117916478,0.047139257,-0.387813653,stable
236281555677550,236281.554700000,-0.111915983,-0.108727187,-0.083385907,0.912948419,-0.117912559,0.047136273,-0.387814368,stable
236281557184200,236281.556700000,-0.111916021,-0.108726993,-0.083386101,0.912948354,-0.117911881,0.047136302,-0.387814724,stable
236281559182350,236281.558700000,-0.111916043,-0.108726747,-0.083386391,0.912948479,-0.117910637,0.047136940,-0.387814731,stable
236281561191450,236281.560700000,-0.111915991,-0.108726978,-0.083386168,0.912948682,-0.117911251,0.047137269,-0.387814026,stable
236281563185350,236281.562700000,-0.111915670,-0.108726948,-0.083386630,0.912949162,-0.117909880,0.047136781,-0.387813371,stable
236281564687950,236281.563700000,-0.111915670,-0.108726755,-0.083386891,0.912948733,-0.117909573,0.047135358,-0.387814648,stable
236281566687400,236281.565700000,-0.111915447,-0.108727209,-0.083386600,0.912948898,-0.117910935,0.047134496,-0.387813952,stable
236281568715850,236281.567700000,-0.111915283,-0.108726442,-0.083387822,0.912949453,-0.117906408,0.047135198,-0.387813935,stable
236281570692700,236281.569700000,-0.111915648,-0.108726256,-0.083387569,0.912948640,-0.117907401,0.047134893,-0.387815583,stable
236281572692550,236281.571700000,-0.111915886,-0.108725995,-0.083387598,0.912948768,-0.117906508,0.047136838,-0.387815318,stable
236281574694000,236281.573700000,-0.111915514,-0.108726501,-0.083387427,0.912948802,-0.117908040,0.047134639,-0.387815039,stable
236281576694250,236281.575700000,-0.111915909,-0.108725734,-0.083387904,0.912948385,-0.117905916,0.047135779,-0.387816529,stable
236281578693550,236281.577700000,-0.111915849,-0.108725116,-0.083388790,0.912948490,-0.117902882,0.047135726,-0.387817209,stable
236281580695450,236281.579700000,-0.111915722,-0.108724937,-0.083389193,0.912948448,-0.117901909,0.047134751,-0.387817723,stable
236281582695250,236281.581700000,-0.111915961,-0.108725436,-0.083388217,0.912948154,-0.117905023,0.047135336,-0.387817397,stable
236281584698950,236281.583700000,-0.111916177,-0.108724400,-0.083389275,0.912947363,-0.117901870,0.047134128,-0.387820366,stable
236281586696900,236281.585700000,-0.111916572,-0.108724579,-0.083388522,0.912947106,-0.117903797,0.047135778,-0.387820184,stable
236281588697100,236281.587700000,-0.111916833,-0.108723737,-0.083389267,0.912946221,-0.117901735,0.047134552,-0.387823044,stable
236281590702400,236281.589700000,-0.111916974,-0.108723491,-0.083389394,0.912945615,-0.117901763,0.047133493,-0.387824589,stable
236281592697750,236281.591700000,-0.111917347,-0.108723499,-0.083388887,0.912945310,-0.117902910,0.047134842,-0.387824795,stable
236281594196750,236281.593700000,-0.111917324,-0.108723193,-0.083389312,0.912944738,-0.117902302,0.047132851,-0.387826568,stable
236281596209750,236281.595700000,-0.111917451,-0.108723104,-0.083389252,0.912944453,-0.117902564,0.047132769,-0.387827170,stable
236281598207450,236281.597700000,-0.111917660,-0.108723208,-0.083388835,0.912944166,-0.117903825,0.047133176,-0.387827413,stable
236281600212350,236281.599700000,-0.111917697,-0.108723097,-0.083388947,0.912944082,-0.117903509,0.047133006,-0.387827726,stable
236281602223100,236281.601700000,-0.111917652,-0.108722895,-0.083389252,0.912944036,-0.117902586,0.047132691,-0.387828153,stable
236281604207550,236281.603700000,-0.111917995,-0.108722575,-0.083389215,0.912943544,-0.117902480,0.047133230,-0.387829279,stable
236281606203400,236281.605700000,-0.111918204,-0.108722150,-0.083389491,0.912943166,-0.117901502,0.047133288,-0.387830458,stable
236281608203200,236281.607700000,-0.111918442,-0.108721979,-0.083389394,0.912942514,-0.117902091,0.047132670,-0.387831890,stable
236281610712500,236281.609700000,-0.111918375,-0.108721763,-0.083389767,0.912942577,-0.117900921,0.047132406,-0.387832130,stable
236281612721050,236281.611700000,-0.111918457,-0.108721167,-0.083390430,0.912942622,-0.117898349,0.047133113,-0.387832720,stable
236281614709050,236281.613700000,-0.111918248,-0.108721547,-0.083390221,0.912942858,-0.117899317,0.047132491,-0.387831944,stable
236281616691850,236281.615700000,-0.111917846,-0.108721554,-0.083390750,0.912943077,-0.117898257,0.047130720,-0.387831966,stable
236281618720200,236281.617700000,-0.111917831,-0.108721472,-0.083390877,0.912943439,-0.117897356,0.047131834,-0.387831252,stable
236281620719200,236281.619700000,-0.111917734,-0.108722180,-0.083390087,0.912943073,-0.117900864,0.047129938,-0.387831279,stable
236281622710600,236281.621700000,-0.111917369,-0.108722076,-0.083390705,0.912943878,-0.117898581,0.047130245,-0.387830040,stable
236281624713800,236281.623700000,-0.111917630,-0.108721726,-0.083390810,0.912943297,-0.117898337,0.047130037,-0.387831507,stable
236281626713200,236281.625700000,-0.111917473,-0.108722083,-0.083390556,0.912944379,-0.117898136,0.047132571,-0.387828713,stable
236281628711400,236281.627700000,-0.111917786,-0.108721107,-0.083391421,0.912943674,-0.117895307,0.047132228,-0.387831276,stable
236281630717700,236281.629700000,-0.111916371,-0.108722135,-0.083391979,0.912945467,-0.117894704,0.047129096,-0.387827617,stable
236281632723600,236281.631700000,-0.111916453,-0.108723067,-0.083390653,0.912945346,-0.117899189,0.047129301,-0.387826514,stable
236281634720200,236281.633700000,-0.111915998,-0.108722977,-0.083391376,0.912946578,-0.117896214,0.047130402,-0.387824385,stable
236281636701450,236281.635700000,-0.111915559,-0.108723804,-0.083390884,0.912946905,-0.117898616,0.047128709,-0.387823090,stable
236281638722450,236281.637700000,-0.111915261,-0.108724311,-0.083390623,0.912946976,-0.117900234,0.047126936,-0.387822648,stable
236281640713000,236281.639700000,-0.111915149,-0.108724214,-0.083390899,0.912947324,-0.117899093,0.047127491,-0.387822107,stable
236281642712750,236281.641700000,-0.111915134,-0.108724296,-0.083390810,0.912947053,-0.117899834,0.047126382,-0.387822655,stable
236281644224250,236281.643700000,-0.111915000,-0.108724549,-0.083390668,0.912947063,-0.117900648,0.047125589,-0.387822481,stable
236281646226300,236281.645700000,-0.111914732,-0.108724721,-0.083390802,0.912947421,-0.117900439,0.047125060,-0.387821766,stable
236281648230600,236281.646700000,-0.111914098,-0.108725347,-0.083390839,0.912947782,-0.117901520,0.047122185,-0.387820937,stable
236281650236150,236281.649700000,-0.111913793,-0.108725399,-0.083391182,0.912948423,-0.117900281,0.047122270,-0.387819794,stable
236281652238900,236281.651700000,-0.111913309,-0.108725734,-0.083391391,0.912948912,-0.117900141,0.047120911,-0.387818850,stable
236281654236900,236281.653700000,-0.111913398,-0.108725481,-0.083391592,0.912948559,-0.117899717,0.047120248,-0.387819891,stable
236281656741750,236281.655700000,-0.111913167,-0.108726509,-0.083390564,0.912948764,-0.117903587,0.047119475,-0.387818326,stable
236281658287500,236281.657700000,-0.111913517,-0.108726159,-0.083390556,0.912948020,-0.117903710,0.047119245,-0.387820068,stable
236281660351400,236281.659700000,-0.111913636,-0.108725965,-0.083390638,0.912947704,-0.117903552,0.047118954,-0.387820895,stable
236281662278250,236281.661700000,-0.111913666,-0.108726025,-0.083390526,0.912947483,-0.117904157,0.047118434,-0.387821294,stable
236281664279400,236281.663700000,-0.111913785,-0.108725607,-0.083390914,0.912947006,-0.117903166,0.047117655,-0.387822814,stable
236281666282500,236281.665700000,-0.111913860,-0.108725615,-0.083390802,0.912946685,-0.117903774,0.047117054,-0.387823456,stable
236281668277150,236281.667700000,-0.111913748,-0.108725719,-0.083390824,0.912946670,-0.117904048,0.047116230,-0.387823509,stable
236281670297850,236281.669700000,-0.111913636,-0.108725950,-0.083390668,0.912946504,-0.117905123,0.047114993,-0.387823723,stable
236281672288450,236281.671700000,-0.111913688,-0.108726010,-0.083390519,0.912945977,-0.117906212,0.047113627,-0.387824800,stable
236281674301000,236281.673700000,-0.111913458,-0.108726107,-0.083390698,0.912946101,-0.117906048,0.047112558,-0.387824687,stable
236281676290900,236281.675700000,-0.111913621,-0.108725935,-0.083390705,0.912945972,-0.117905749,0.047113165,-0.387825006,stable
236281678292000,236281.677700000,-0.111914143,-0.108725525,-0.083390549,0.912944867,-0.117906453,0.047112820,-0.387827436,stable
236281680287850,236281.679700000,-0.111914523,-0.108725257,-0.083390385,0.912944193,-0.117906913,0.047113046,-0.387828855,stable
236281682288050,236281.681700000,-0.111915067,-0.108724609,-0.083390512,0.912943331,-0.117906216,0.047113685,-0.387831019,stable
236281684298750,236281.683700000,-0.111915402,-0.108724557,-0.083390117,0.912942598,-0.117907674,0.047113509,-0.387832322,stable
236281685806600,236281.684700000,-0.111915730,-0.108724378,-0.083389916,0.912942412,-0.117907748,0.047114999,-0.387832558,stable
236281687800250,236281.686700000,-0.111916088,-0.108724453,-0.083389334,0.912941286,-0.117910401,0.047113472,-0.387834587,stable
236281689796250,236281.688700000,-0.111915953,-0.108724259,-0.083389767,0.912941975,-0.117908267,0.047114908,-0.387833439,stable
236281691789200,236281.690700000,-0.111916736,-0.108724073,-0.083388954,0.912940692,-0.117910744,0.047115774,-0.387835601,stable
236281694030300,236281.693700000,-0.111916848,-0.108723804,-0.083389163,0.912940339,-0.117910223,0.047115305,-0.387836646,stable
236281696031850,236281.695700000,-0.111917242,-0.108723290,-0.083389297,0.912939818,-0.117909413,0.047116099,-0.387838024,stable
236281698030700,236281.697700000,-0.111917339,-0.108722821,-0.083389781,0.912939628,-0.117907750,0.047116117,-0.387838973,stable
236281700863750,236281.699700000,-0.111917354,-0.108722799,-0.083389789,0.912939527,-0.117907819,0.047115887,-0.387839219,stable
236281702038100,236281.701700000,-0.111917600,-0.108722277,-0.083390139,0.912939123,-0.117906532,0.047116089,-0.387840536,stable
236281704040500,236281.703700000,-0.111917257,-0.108722374,-0.083390474,0.912939476,-0.117905809,0.047115005,-0.387840057,stable
236281706031900,236281.705700000,-0.111917123,-0.108722501,-0.083390489,0.912939331,-0.117906297,0.047113733,-0.387840404,stable
236281708821750,236281.707700000,-0.111917049,-0.108722270,-0.083390884,0.912939222,-0.117905285,0.047112955,-0.387841063,stable
236281710040000,236281.709700000,-0.111916892,-0.108722292,-0.083391070,0.912939225,-0.117905070,0.047111938,-0.387841244,stable
236281712036600,236281.711700000,-0.111916840,-0.108722337,-0.083391085,0.912939401,-0.117904920,0.047112117,-0.387840855,stable
236281714030600,236281.713700000,-0.111916706,-0.108722463,-0.083391085,0.912939716,-0.117904811,0.047112360,-0.387840117,stable
236281716031000,236281.715700000,-0.111916617,-0.108722806,-0.083390765,0.912939939,-0.117905881,0.047112534,-0.387839246,stable
236281717465300,236281.716700000,-0.111916654,-0.108722851,-0.083390661,0.912939935,-0.117906105,0.047112787,-0.387839155,stable
236281718497200,236281.717700000,-0.111916505,-0.108723044,-0.083390608,0.912940153,-0.117906407,0.047112541,-0.387838580,stable
236281720479100,236281.719700000,-0.111916550,-0.108722948,-0.083390668,0.912939987,-0.117906297,0.047112318,-0.387839033,stable
236281722469700,236281.721700000,-0.111916676,-0.108722992,-0.083390445,0.912939665,-0.117907159,0.047112100,-0.387839555,stable
236281724473400,236281.723700000,-0.111916751,-0.108722858,-0.083390526,0.912939211,-0.117907363,0.047110947,-0.387840701,stable
236281726466150,236281.725700000,-0.111916721,-0.108722962,-0.083390430,0.912938942,-0.117908111,0.047109980,-0.387841225,stable
236281728477400,236281.727700000,-0.111917019,-0.108722739,-0.083390318,0.912938381,-0.117908503,0.047109922,-0.387842432,stable
236281730467750,236281.729700000,-0.111917228,-0.108722597,-0.083390221,0.912938138,-0.117908584,0.047110518,-0.387842907,stable
236281732479150,236281.731700000,-0.111917235,-0.108722694,-0.083390087,0.912937991,-0.117909259,0.047110066,-0.387843103,stable
236281734476300,236281.733700000,-0.111917026,-0.108723059,-0.083389893,0.912937750,-0.117910808,0.047107964,-0.387843455,stable
236281736482000,236281.735700000,-0.111916788,-0.108723208,-0.083390005,0.912938052,-0.117910638,0.047107439,-0.387842861,stable
236281738473600,236281.737700000,-0.111917064,-0.108723260,-0.083389588,0.912937323,-0.117912357,0.047106753,-0.387844137,stable
236281740475250,236281.739700000,-0.111916937,-0.108723551,-0.083389372,0.912937030,-0.117913863,0.047104961,-0.387844586,stable
236281742488350,236281.741700000,-0.111916833,-0.108723670,-0.083389349,0.912936775,-0.117914568,0.047103523,-0.387845145,stable
236281744058600,236281.743700000,-0.111916453,-0.108723804,-0.083389685,0.912937025,-0.117914063,0.047101869,-0.387844912,stable
236281746852750,236281.745700000,-0.111916751,-0.108724162,-0.083388828,0.912936636,-0.117916786,0.047102467,-0.387844928,stable
236281748068400,236281.747700000,-0.111916736,-0.108724214,-0.083388776,0.912936553,-0.117917111,0.047102145,-0.387845063,stable
236281750867300,236281.749700000,-0.111916773,-0.108724013,-0.083388984,0.912936358,-0.117916550,0.047101734,-0.387845741,stable
236281752066400,236281.751700000,-0.111916557,-0.108724341,-0.083388850,0.912936842,-0.117916924,0.047101951,-0.387844463,stable
236281754341850,236281.753700000,-0.111916460,-0.108724438,-0.083388850,0.912936830,-0.117917220,0.047101235,-0.387844488,stable
236281756333200,236281.755700000,-0.111916371,-0.108724512,-0.083388880,0.912936903,-0.117917237,0.047100960,-0.387844344,stable
236281758644650,236281.757700000,-0.111916319,-0.108724728,-0.083388664,0.912936695,-0.117918403,0.047100000,-0.387844596,stable
236281760634750,236281.759700000,-0.111916490,-0.108724542,-0.083388679,0.912936239,-0.117918554,0.047099533,-0.387845682,stable
236281762640050,236281.761700000,-0.111915946,-0.108724833,-0.083389029,0.912937121,-0.117917569,0.047098914,-0.387843978,stable
236281764607850,236281.763700000,-0.111916199,-0.108724639,-0.083388939,0.912936659,-0.117917847,0.047099034,-0.387844968,stable
236281766154600,236281.765700000,-0.111915909,-0.108724996,-0.083388858,0.912936939,-0.117918523,0.047098105,-0.387844215,stable
236281768162400,236281.767700000,-0.111915834,-0.108725078,-0.083388858,0.912936846,-0.117918854,0.047097276,-0.387844435,stable
236281770155150,236281.769700000,-0.111916140,-0.108724609,-0.083389051,0.912936309,-0.117918086,0.047097596,-0.387845895,stable
236281772157800,236281.771700000,-0.111916207,-0.108724639,-0.083388932,0.912936015,-0.117918743,0.047096959,-0.387846463,stable
236281774157000,236281.773700000,-0.111916244,-0.108724825,-0.083388641,0.912935810,-0.117919916,0.047096619,-0.387846630,stable
236281776157500,236281.775700000,-0.111916073,-0.108724982,-0.083388664,0.912935584,-0.117920611,0.047094791,-0.387847172,stable
236281778164100,236281.777700000,-0.111916117,-0.108724929,-0.083388671,0.912935435,-0.117920674,0.047094479,-0.387847542,stable
236281780163900,236281.779700000,-0.111915976,-0.108724803,-0.083389021,0.912935487,-0.117919749,0.047093845,-0.387847778,stable
236281782163500,236281.781700000,-0.111916244,-0.108724765,-0.083388701,0.912934844,-0.117921032,0.047093444,-0.387848950,stable
236281784159600,236281.783700000,-0.111916624,-0.108724482,-0.083388574,0.912934080,-0.117921518,0.047093295,-0.387850619,stable
236281786162750,236281.785700000,-0.111916609,-0.108724579,-0.083388463,0.912933826,-0.117922313,0.047092327,-0.387851093,stable
236281788161200,236281.787700000,-0.111916758,-0.108724520,-0.083388343,0.912933352,-0.117922977,0.047091764,-0.387852074,stable
236281790160900,236281.789700000,-0.111917131,-0.108724229,-0.083388224,0.912932736,-0.117923250,0.047092057,-0.387853406,stable
236281791668700,236281.790700000,-0.111916915,-0.108723968,-0.083388850,0.912932922,-0.117921411,0.047091305,-0.387853618,stable
236281794171550,236281.793700000,-0.111917719,-0.108723707,-0.083388112,0.912931861,-0.117923230,0.047093023,-0.387855356,stable
236281796195900,236281.795700000,-0.111917488,-0.108723663,-0.083388478,0.912931928,-0.117922516,0.047091801,-0.387855563,stable
236281798180450,236281.797700000,-0.111917712,-0.108723693,-0.083388142,0.912931658,-0.117923443,0.047092337,-0.387855852,stable
236281800174550,236281.799700000,-0.111917555,-0.108723722,-0.083388314,0.912931807,-0.117923037,0.047091861,-0.387855682,stable
236281802187950,236281.801700000,-0.111917473,-0.108723916,-0.083388172,0.912932026,-0.117923504,0.047091904,-0.387855018,stable
236281804187000,236281.803700000,-0.111917429,-0.108724192,-0.083387874,0.912931978,-0.117924668,0.047091600,-0.387854814,stable
236281806176000,236281.805700000,-0.111917309,-0.108724438,-0.083387710,0.912931756,-0.117925892,0.047090059,-0.387855153,stable
236281808172750,236281.807700000,-0.111917280,-0.108724333,-0.083387889,0.912931360,-0.117925909,0.047088536,-0.387856265,stable
236281810174350,236281.809700000,-0.111917444,-0.108724155,-0.083387896,0.912930956,-0.117925978,0.047088287,-0.387857224,stable
236281811684150,236281.810700000,-0.111917719,-0.108724020,-0.083387703,0.912930551,-0.117926486,0.047088694,-0.387857975,stable
236281813661500,236281.812700000,-0.111917384,-0.108724304,-0.083387785,0.912930394,-0.117927308,0.047086125,-0.387858406,stable
236281815652450,236281.814700000,-0.111916922,-0.108724922,-0.083387598,0.912930837,-0.117928578,0.047084569,-0.387857165,stable
236281817695850,236281.816700000,-0.111917183,-0.108725056,-0.083387077,0.912930372,-0.117930338,0.047084682,-0.387857711,stable
236281819684200,236281.818700000,-0.111916721,-0.108725749,-0.083386794,0.912930811,-0.117931935,0.047083141,-0.387856379,stable
236281821681250,236281.820700000,-0.111916170,-0.108725533,-0.083387807,0.912931503,-0.117928974,0.047081925,-0.387855798,stable
236281823682250,236281.822700000,-0.111916229,-0.108726069,-0.083387040,0.912930883,-0.117932332,0.047080229,-0.387856444,stable
236281825681100,236281.824700000,-0.111916631,-0.108725622,-0.083387077,0.912930081,-0.117932186,0.047080280,-0.387858369,stable
236281827680800,236281.826700000,-0.111916989,-0.108725354,-0.083386935,0.912929509,-0.117932510,0.047080646,-0.387859572,stable
236281829685850,236281.828700000,-0.111916766,-0.108725242,-0.083387390,0.912929534,-0.117931522,0.047079347,-0.387859970,stable
236281831689900,236281.830700000,-0.111916706,-0.108725466,-0.083387174,0.912928857,-0.117933360,0.047076653,-0.387861332,stable
236281833691350,236281.832700000,-0.111916684,-0.108725563,-0.083387092,0.912928930,-0.117933622,0.047076743,-0.387861069,stable
236281835675750,236281.834700000,-0.111916788,-0.108725503,-0.083387010,0.912928289,-0.117934496,0.047075358,-0.387862481,stable
236281837684300,236281.836700000,-0.111916676,-0.108725548,-0.083387122,0.912928308,-0.117934416,0.047074633,-0.387862548,stable
236281839686100,236281.838700000,-0.111916937,-0.108725116,-0.083387330,0.912927780,-0.117933732,0.047074533,-0.387864012,stable
236281841690550,236281.840700000,-0.111916445,-0.108725816,-0.083387084,0.912927861,-0.117935783,0.047071647,-0.387863549,stable
236281843686050,236281.842700000,-0.111916989,-0.108725615,-0.083386607,0.912927558,-0.117936349,0.047074180,-0.387863781,stable
236281844851450,236281.843700000,-0.111917198,-0.108725496,-0.083386481,0.912927071,-0.117936921,0.047073892,-0.387864790,stable
236281847836750,236281.846700000,-0.111917272,-0.108725935,-0.083385810,0.912926602,-0.117939664,0.047072898,-0.387865180,stable
236281849833600,236281.848700000,-0.111917585,-0.108725674,-0.083385736,0.912926094,-0.117939787,0.047073206,-0.387866300,stable
236281850858900,236281.849700000,-0.111917660,-0.108725801,-0.083385468,0.912925593,-0.117941222,0.047072057,-0.387867183,stable
236281852871450,236281.851700000,-0.111918010,-0.108725235,-0.083385728,0.912924906,-0.117940331,0.047072036,-0.387869073,stable
236281855860400,236281.854700000,-0.111917920,-0.108725250,-0.083385833,0.912924953,-0.117940181,0.047071577,-0.387869063,stable
236281857371850,236281.856700000,-0.111918271,-0.108725324,-0.083385274,0.912924322,-0.117942017,0.047071724,-0.387869972,stable
236281859370550,236281.858700000,-0.111918099,-0.108725235,-0.083385617,0.912924289,-0.117941357,0.047070485,-0.387870401,stable
236281861377150,236281.860700000,-0.111918345,-0.108724706,-0.083385967,0.912923527,-0.117940524,0.047069617,-0.387872552,stable
236281863355150,236281.862700000,-0.111918382,-0.108724281,-0.083386473,0.912923022,-0.117939388,0.047068133,-0.387874268,stable
236281865344150,236281.864700000,-0.111918859,-0.108724155,-0.083385989,0.912922110,-0.117941010,0.047068351,-0.387875895,stable
236281867392200,236281.866700000,-0.111919381,-0.108723521,-0.083386131,0.912921032,-0.117940637,0.047068057,-0.387878580,stable
236281869378700,236281.868700000,-0.111919679,-0.108723223,-0.083386116,0.912920337,-0.117940863,0.047067634,-0.387880198,stable
236281871382500,236281.870700000,-0.111919895,-0.108722717,-0.083386481,0.912919823,-0.117939741,0.047067322,-0.387881787,stable
236281873386600,236281.872700000,-0.111920372,-0.108722314,-0.083386369,0.912919111,-0.117939816,0.047068139,-0.387883343,stable
236281875380400,236281.874700000,-0.111920595,-0.108721927,-0.083386570,0.912918645,-0.117939162,0.047068004,-0.387884654,stable
236281877375900,236281.876700000,-0.111920834,-0.108721659,-0.083386600,0.912918057,-0.117939237,0.047067614,-0.387886063,stable
236281879385250,236281.878700000,-0.111920998,-0.108721465,-0.083386637,0.912917633,-0.117939229,0.047067323,-0.387887098,stable
236281881389300,236281.880700000,-0.111921020,-0.108721294,-0.083386824,0.912917290,-0.117939014,0.047066315,-0.387888093,stable
236281883378250,236281.882700000,-0.111921504,-0.108721048,-0.083386496,0.912916493,-0.117939935,0.047066783,-0.387889633,stable
236281885377400,236281.884700000,-0.111921594,-0.108720981,-0.083386473,0.912916255,-0.117940152,0.047066458,-0.387890165,stable
236281887859050,236281.886700000,-0.111921817,-0.108720638,-0.083386615,0.912915627,-0.117939931,0.047065808,-0.387891790,stable
236281889860400,236281.888700000,-0.111921944,-0.108720496,-0.083386622,0.912915049,-0.117940328,0.047064867,-0.387893144,stable
236281891855400,236281.890700000,-0.111922272,-0.108720429,-0.083386287,0.912914478,-0.117941449,0.047064936,-0.387894138,stable
236281893854600,236281.892700000,-0.111922622,-0.108720422,-0.083385818,0.912913699,-0.117943162,0.047064708,-0.387895478,stable
236281894400250,236281.893700000,-0.111922614,-0.108720332,-0.083385944,0.912913715,-0.117942725,0.047064713,-0.387895573,stable
236281896402650,236281.895700000,-0.111922748,-0.108720161,-0.083385989,0.912913555,-0.117942459,0.047064975,-0.387895999,stable
236281898398350,236281.897700000,-0.111922652,-0.108720101,-0.083386198,0.912913461,-0.117942134,0.047064053,-0.387896431,stable
236281900403350,236281.899700000,-0.111922294,-0.108720057,-0.083386734,0.912913727,-0.117940849,0.047062747,-0.387896354,stable
236281902399050,236281.901700000,-0.111921869,-0.108720236,-0.083387069,0.912914108,-0.117940338,0.047061213,-0.387895797,stable
236281904395200,236281.903700000,-0.111922301,-0.108719759,-0.083387114,0.912913448,-0.117939920,0.047061827,-0.387897405,stable
236281906394350,236281.905700000,-0.111922324,-0.108719572,-0.083387330,0.912913612,-0.117938883,0.047062520,-0.387897249,stable
236281908402350,236281.907700000,-0.111922480,-0.108719252,-0.083387539,0.912913309,-0.117938144,0.047062613,-0.387898176,stable
236281910415400,236281.909700000,-0.111922391,-0.108719453,-0.083387390,0.912913212,-0.117939048,0.047061664,-0.387898245,stable
236281912415100,236281.911700000,-0.111922517,-0.108719341,-0.083387360,0.912912857,-0.117939280,0.047061358,-0.387899046,stable
236281914397650,236281.913700000,-0.111922748,-0.108719513,-0.083386831,0.912912373,-0.117941157,0.047061164,-0.387899639,stable
236281916410550,236281.915700000,-0.111922704,-0.108719453,-0.083386973,0.912912305,-0.117940887,0.047060699,-0.387899938,stable
236281919856250,236281.918700000,-0.111923128,-0.108719245,-0.083386667,0.912911486,-0.117941932,0.047060677,-0.387901549,stable
236281921857250,236281.920700000,-0.111923136,-0.108719245,-0.083386660,0.912911238,-0.117942319,0.047059879,-0.387902112,stable
236281922886650,236281.921700000,-0.111923195,-0.108718917,-0.083387017,0.912911308,-0.117940815,0.047060513,-0.387902329,stable
236281924882450,236281.923700000,-0.111923084,-0.108719073,-0.083386950,0.912911326,-0.117941309,0.047059840,-0.387902217,stable
236281926736050,236281.925700000,-0.111922860,-0.108718902,-0.083387479,0.912911895,-0.117939293,0.047060341,-0.387901431,stable
236281929702700,236281.928700000,-0.111923195,-0.108718529,-0.083387516,0.912911463,-0.117938875,0.047061007,-0.387902493,stable
236281931691450,236281.930700000,-0.111922935,-0.108718753,-0.083387569,0.912911773,-0.117938951,0.047060411,-0.387901813,stable
236281933685950,236281.932700000,-0.111922652,-0.108718775,-0.083387926,0.912911959,-0.117938214,0.047059317,-0.387901731,stable
236281935855700,236281.934700000,-0.111922845,-0.108718671,-0.083387800,0.912911593,-0.117938667,0.047059201,-0.387902468,stable
236281937872000,236281.936700000,-0.111922704,-0.108718783,-0.083387837,0.912911679,-0.117938805,0.047058536,-0.387902305,stable
236281939847700,236281.938700000,-0.111922868,-0.108718708,-0.083387718,0.912911614,-0.117938819,0.047059541,-0.387902332,stable
236281940918700,236281.939700000,-0.111922614,-0.108718775,-0.083387978,0.912911961,-0.117938155,0.047058978,-0.387901787,stable
236281943879300,236281.942700000,-0.111922614,-0.108718768,-0.083387986,0.912911961,-0.117938095,0.047059090,-0.387901791,stable
236281944435650,236281.943700000,-0.111922562,-0.108718738,-0.083388098,0.912911951,-0.117937893,0.047058631,-0.387901932,stable
236281946432450,236281.945700000,-0.111922741,-0.108719029,-0.083387479,0.912911820,-0.117939746,0.047059263,-0.387901599,stable
236281948440700,236281.947700000,-0.111922830,-0.108719170,-0.083387174,0.912911886,-0.117940462,0.047060073,-0.387901129,stable
236281950440900,236281.949700000,-0.111922666,-0.108719163,-0.083387397,0.912912085,-0.117939847,0.047059686,-0.387900895,stable
236281952451700,236281.951700000,-0.111922577,-0.108719237,-0.083387427,0.912912053,-0.117940051,0.047058909,-0.387901001,stable
236281954484550,236281.953700000,-0.111922503,-0.108719565,-0.083387099,0.912912233,-0.117941124,0.047059114,-0.387900226,stable
236281956463700,236281.955700000,-0.111922085,-0.108719632,-0.083387569,0.912912782,-0.117939859,0.047058236,-0.387899427,stable
236281958855650,236281.957700000,-0.111922063,-0.108719692,-0.083387524,0.912912521,-0.117940437,0.047057244,-0.387899984,stable
236281960042900,236281.959700000,-0.111921899,-0.108720168,-0.083387122,0.912912719,-0.117941982,0.047056850,-0.387899097,stable
236281962039300,236281.961700000,-0.111921705,-0.108720146,-0.083387412,0.912913022,-0.117941081,0.047056652,-0.387898682,stable
236281964036900,236281.963700000,-0.111921638,-0.108720347,-0.083387233,0.912913155,-0.117941687,0.047056668,-0.387898182,stable
236281966859200,236281.965700000,-0.111921884,-0.108720072,-0.083387263,0.912913088,-0.117941022,0.047057945,-0.387898387,stable
236281967458750,236281.966700000,-0.111922130,-0.108719878,-0.083387189,0.912912674,-0.117941194,0.047058121,-0.387899287,stable
236281969457200,236281.968700000,-0.111922234,-0.108719639,-0.083387367,0.912912477,-0.117940588,0.047058153,-0.387899931,stable
236281971473750,236281.970700000,-0.111922190,-0.108719796,-0.083387211,0.912912409,-0.117941332,0.047057654,-0.387899927,stable
236281973460950,236281.972700000,-0.111922368,-0.108719744,-0.083387055,0.912912058,-0.117941892,0.047057617,-0.387900586,stable
236281975459700,236281.974700000,-0.111922242,-0.108719692,-0.083387278,0.912912147,-0.117941307,0.047057232,-0.387900602,stable
236281977464450,236281.976700000,-0.111921959,-0.108719818,-0.083387494,0.912912623,-0.117940644,0.047057019,-0.387899708,stable
236281979472600,236281.978700000,-0.111921921,-0.108719826,-0.083387539,0.912912684,-0.117940540,0.047056848,-0.387899619,stable
236281981466450,236281.980700000,-0.111921743,-0.108720101,-0.083387412,0.912913077,-0.117940902,0.047057021,-0.387898561,stable
236281983467000,236281.982700000,-0.111921720,-0.108719982,-0.083387613,0.912913172,-0.117940161,0.047057124,-0.387898551,stable
236281985471950,236281.984700000,-0.111921936,-0.108719349,-0.083388142,0.912913067,-0.117937883,0.047058194,-0.387899362,stable
236281987483500,236281.986700000,-0.111921839,-0.108719453,-0.083388135,0.912913187,-0.117938002,0.047058023,-0.387899064,stable
236281989468000,236281.988700000,-0.111921623,-0.108719580,-0.083388254,0.912913269,-0.117938020,0.047056993,-0.387898989,stable
236281991469300,236281.990700000,-0.111921690,-0.108719304,-0.083388515,0.912913191,-0.117937057,0.047057103,-0.387899453,stable
236281994045700,236281.993700000,-0.111921415,-0.108719327,-0.083388872,0.912913672,-0.117935932,0.047056921,-0.387898685,stable
236281996060350,236281.995700000,-0.111921430,-0.108719185,-0.083389021,0.912913805,-0.117935196,0.047057398,-0.387898537,stable
236281998043000,236281.997700000,-0.111921541,-0.108718961,-0.083389170,0.912913513,-0.117934772,0.047057223,-0.387899374,stable
236282000058200,236281.999700000,-0.111921757,-0.108718783,-0.083389118,0.912912950,-0.117935156,0.047056708,-0.387900644,stable
236282002062950,236282.001700000,-0.111921743,-0.108718567,-0.083389416,0.912912903,-0.117934256,0.047056410,-0.387901067,stable
236282004870600,236282.003700000,-0.111921765,-0.108718432,-0.083389565,0.912913168,-0.117933314,0.047057414,-0.387900606,stable
236282006049400,236282.005700000,-0.111921899,-0.108718574,-0.083389200,0.912913202,-0.117934107,0.047058553,-0.387900148,stable
236282008041700,236282.007700000,-0.111921825,-0.108718678,-0.083389163,0.912913275,-0.117934355,0.047058233,-0.387899940,stable
236282010043200,236282.009700000,-0.111921780,-0.108718477,-0.083389476,0.912913261,-0.117933407,0.047057927,-0.387900297,stable
236282012485600,236282.011700000,-0.111921586,-0.108718716,-0.083389431,0.912913727,-0.117933451,0.047058191,-0.387899155,stable
236282014489900,236282.013700000,-0.111921683,-0.108718671,-0.083389357,0.912913699,-0.117933477,0.047058763,-0.387899143,stable
236282016491550,236282.015700000,-0.111921638,-0.108718395,-0.083389774,0.912913791,-0.117932050,0.047058738,-0.387899365,stable
236282018493550,236282.017700000,-0.111921549,-0.108718403,-0.083389893,0.912914161,-0.117931374,0.047059335,-0.387898626,stable
236282020487350,236282.019700000,-0.111921757,-0.108718045,-0.083390079,0.912913907,-0.117930508,0.047059867,-0.387899424,stable
236282022489150,236282.021700000,-0.111921653,-0.108718358,-0.083389811,0.912914405,-0.117931047,0.047060825,-0.387897972,stable
236282024482900,236282.023700000,-0.111921906,-0.108717926,-0.083390035,0.912914230,-0.117929818,0.047061880,-0.387898630,stable
236282026490800,236282.025700000,-0.111922041,-0.108717732,-0.083390102,0.912914077,-0.117929463,0.047062165,-0.387899062,stable
236282028324900,236282.027700000,-0.111922093,-0.108717643,-0.083390146,0.912914041,-0.117929183,0.047062498,-0.387899192,stable
236282030404300,236282.029700000,-0.111922190,-0.108717419,-0.083390318,0.912914054,-0.117928343,0.047063047,-0.387899350,stable
236282033448850,236282.032700000,-0.111922339,-0.108717151,-0.083390459,0.912913792,-0.117927789,0.047063250,-0.387900111,stable
236282049847100,236282.048700000,-0.111921638,-0.108717032,-0.083391562,0.912914967,-0.117924270,0.047062586,-0.387898495,stable
236282065808500,236282.064700000,-0.111921363,-0.108717076,-0.083391875,0.912915712,-0.117922895,0.047063269,-0.387897077,stable
236282081766900,236282.080700000,-0.111921147,-0.108717337,-0.083391815,0.912915855,-0.117923472,0.047062373,-0.387896674,stable
236282096520900,236282.095700000,-0.111920126,-0.108717695,-0.083392724,0.912918440,-0.117919488,0.047064346,-0.387891562,stable
236282112209400,236282.111700000,-0.111920364,-0.108716920,-0.083393410,0.912919299,-0.117915305,0.047068679,-0.387890286,stable
236282127540900,236282.126700000,-0.111921243,-0.108715191,-0.083394483,0.912918686,-0.117910102,0.047072284,-0.387892872,stable
236282144172150,236282.143700000,-0.111922376,-0.108714156,-0.083394326,0.912916213,-0.117911044,0.047071336,-0.387898522,stable
236282160205600,236282.159700000,-0.111922361,-0.108713865,-0.083394714,0.912914397,-0.117912248,0.047065359,-0.387903155,stable
236282175216500,236282.174700000,-0.111923173,-0.108712934,-0.083394840,0.912913622,-0.117910683,0.047068064,-0.387905126,stable
236282191166400,236282.190700000,-0.111923382,-0.108712099,-0.083395645,0.912913081,-0.117908090,0.047067643,-0.387907240,stable
236282206645000,236282.205700000,-0.111922085,-0.108712949,-0.083396278,0.912914510,-0.117907442,0.047063939,-0.387904523,stable
236282222313350,236282.221700000,-0.111922301,-0.108712703,-0.083396316,0.912912970,-0.117908866,0.047060244,-0.387908163,stable
236282237205600,236282.236700000,-0.111921951,-0.108712465,-0.083397090,0.912913289,-0.117906685,0.047059151,-0.387908206,stable
236282253310100,236282.252900000,-0.111921944,-0.108711503,-0.083398357,0.912913550,-0.117902002,0.047059856,-0.387908931,stable
236282269776350,236282.268900000,-0.111922562,-0.108711384,-0.083397679,0.912912201,-0.117904515,0.047059459,-0.387911389,stable
236282284810600,236282.283900000,-0.111922480,-0.108711995,-0.083397001,0.912911654,-0.117907852,0.047057129,-0.387911946,stable
236282299337800,236282.298900000,-0.111924112,-0.108711205,-0.083395839,0.912910417,-0.117909210,0.047063422,-0.387913680,stable
236282315805100,236282.314900000,-0.111924216,-0.108710870,-0.083396129,0.912910788,-0.117907379,0.047065387,-0.387913125,stable
236282330792650,236282.329900000,-0.111923397,-0.108711027,-0.083397023,0.912911066,-0.117906102,0.047061101,-0.387913380,stable
236282345403550,236282.344900000,-0.111923546,-0.108711936,-0.083395638,0.912909850,-0.117912171,0.047058008,-0.387914770,stable
236282361222400,236282.360900000,-0.111923829,-0.108711630,-0.083395660,0.912907946,-0.117913990,0.047053538,-0.387919242,stable
236282376354450,236282.375900000,-0.111923166,-0.108711720,-0.083396427,0.912910136,-0.117910076,0.047056536,-0.387914914,stable
236282392152700,236282.391900000,-0.111924425,-0.108710594,-0.083396211,0.912909328,-0.117908552,0.047061935,-0.387916624,stable
236282407157300,236282.406900000,-0.111924782,-0.108710043,-0.083396450,0.912907829,-0.117908819,0.047059372,-0.387920380,stable
236282422547300,236282.421900000,-0.111926161,-0.108708814,-0.083396204,0.912903494,-0.117912018,0.047053870,-0.387930277,stable
236282437511150,236282.436900000,-0.111926444,-0.108709492,-0.083394945,0.912900275,-0.117920049,0.047045104,-0.387936475,stable
236282453182400,236282.452900000,-0.111926243,-0.108708553,-0.083396435,0.912898957,-0.117917269,0.047039528,-0.387941097,stable
236282468784800,236282.467900000,-0.111926541,-0.108708344,-0.083396316,0.912898160,-0.117918004,0.047038763,-0.387942841,stable
236282483410100,236282.482900000,-0.111927815,-0.108707502,-0.083395690,0.912894905,-0.117921240,0.047036201,-0.387949829,stable
236282498925600,236282.497900000,-0.111928388,-0.108707651,-0.083394729,0.912889998,-0.117929821,0.047023750,-0.387960277,stable
236282514373050,236282.513900000,-0.111930162,-0.108707368,-0.083392709,0.912883893,-0.117940450,0.047015125,-0.387972455,stable
236282533158800,236282.532900000,-0.111929879,-0.108707681,-0.083392687,0.912882007,-0.117943910,0.047007083,-0.387976816,stable
236282546819350,236282.545900000,-0.111930124,-0.108707197,-0.083392985,0.912882289,-0.117941851,0.047009526,-0.387976481,stable
236282562807450,236282.561900000,-0.111929700,-0.108707413,-0.083393283,0.912882698,-0.117941403,0.047008202,-0.387975817,stable
236282578775900,236282.577900000,-0.111929759,-0.108707510,-0.083393067,0.912880956,-0.117944375,0.047002889,-0.387979656,stable
236282593148300,236282.593000000,-0.111930192,-0.108707324,-0.083392732,0.912877510,-0.117949159,0.046994295,-0.387987350,stable
236282608453200,236282.608000000,-0.111931697,-0.108705483,-0.083393112,0.912874924,-0.117947405,0.046995386,-0.387993837,stable
236282623933050,236282.623000000,-0.111932516,-0.108705021,-0.083392613,0.912872760,-0.117949899,0.046993582,-0.387998389,stable
236282639584000,236282.639000000,-0.111931406,-0.108705230,-0.083393835,0.912873954,-0.117947031,0.046990371,-0.387996840,stable
236282655194550,236282.655000000,-0.111931533,-0.108705401,-0.083393440,0.912873177,-0.117949117,0.046988676,-0.387998240,stable
236282669558350,236282.669000000,-0.111931175,-0.108705483,-0.083393820,0.912873774,-0.117947962,0.046988318,-0.387997227,stable
236282685821600,236282.685000000,-0.111931361,-0.108705975,-0.083392926,0.912872647,-0.117952083,0.046985822,-0.387998928,stable
236282700791150,236282.700000000,-0.111931399,-0.108706906,-0.083391659,0.912870482,-0.117959360,0.046978970,-0.388002641,stable
236282716801900,236282.716000000,-0.111931622,-0.108707748,-0.083390258,0.912870881,-0.117963008,0.046981771,-0.388000253,stable
236282732803900,236282.732000000,-0.111929148,-0.108709805,-0.083390899,0.912877226,-0.117958675,0.046986679,-0.387986049,stable
236282747445950,236282.747000000,-0.111929350,-0.108709060,-0.083391607,0.912877817,-0.117954905,0.046989837,-0.387985421,stable
236282763142900,236282.762700000,-0.111928031,-0.108709715,-0.083392523,0.912878191,-0.117954758,0.046982648,-0.387985457,stable
236282779156150,236282.778700000,-0.111927092,-0.108711153,-0.083391905,0.912878997,-0.117958293,0.046979369,-0.387982882,stable
236282795186050,236282.794700000,-0.111927502,-0.108711421,-0.083391003,0.912879924,-0.117959020,0.046984999,-0.387979797,stable
236282810533300,236282.809700000,-0.111927770,-0.108710773,-0.083391495,0.912882273,-0.117953338,0.046994392,-0.387974860,stable
236282826535500,236282.825700000,-0.111927457,-0.108710371,-0.083392434,0.912884890,-0.117947295,0.047001056,-0.387969732,stable
236282841485550,236282.840700000,-0.111928985,-0.108708225,-0.083393171,0.912883404,-0.117942706,0.047006007,-0.387974025,stable
236282857165000,236282.856700000,-0.111931726,-0.108705752,-0.083392724,0.912877920,-0.117944502,0.047005434,-0.387986452,stable
236282873144250,236282.872700000,-0.111933716,-0.108704314,-0.083391927,0.912872555,-0.117949322,0.047000613,-0.387998194,stable
236282888536200,236282.887700000,-0.111933902,-0.108704723,-0.083391145,0.912872118,-0.117952143,0.047000333,-0.387998399,stable
236282904161700,236282.903700000,-0.111931510,-0.108706772,-0.083391689,0.912878027,-0.117948501,0.047004420,-0.387985106,stable
236282919535300,236282.918700000,-0.111929849,-0.108708151,-0.083392113,0.912880931,-0.117947448,0.047003376,-0.387978721,stable
236282934560750,236282.933700000,-0.111929059,-0.108708985,-0.083392091,0.912881225,-0.117949266,0.046999274,-0.387977975,stable
236282950148000,236282.949700000,-0.111931309,-0.108708605,-0.083389565,0.912876006,-0.117959178,0.046996455,-0.387987582,stable
236282965131850,236282.964700000,-0.111934453,-0.108705103,-0.083389908,0.912870345,-0.117957346,0.046998069,-0.388001262,stable
236282981143300,236282.980700000,-0.111937620,-0.108700506,-0.083391652,0.912865696,-0.117949277,0.047003075,-0.388014047,stable
236282996544750,236282.995700000,-0.111938663,-0.108699284,-0.083391853,0.912863321,-0.117949069,0.047001962,-0.388019833,stable
236283012151250,236283.011700000,-0.111936472,-0.108701758,-0.083391555,0.912865106,-0.117953517,0.046993770,-0.388015272,stable
236283028186200,236283.027700000,-0.111933716,-0.108705945,-0.083389804,0.912869105,-0.117961445,0.046989148,-0.388004013,stable
236283043195000,236283.042700000,-0.111932509,-0.108707711,-0.083389126,0.912870158,-0.117965540,0.046985064,-0.388000786,stable
236283059178200,236283.058700000,-0.111934587,-0.108705327,-0.083389431,0.912865048,-0.117965982,0.046981577,-0.388013097,stable
236283074616100,236283.073700000,-0.111937054,-0.108702026,-0.083390430,0.912858334,-0.117965225,0.046975246,-0.388029889,stable
236283089664550,236283.088700000,-0.111938842,-0.108700782,-0.083389655,0.912853090,-0.117970366,0.046969449,-0.388041364,stable
236283105240450,236283.104700000,-0.111940131,-0.108700007,-0.083388932,0.912849576,-0.117974255,0.046966156,-0.388048845,stable
236283121209500,236283.120700000,-0.111941218,-0.108699411,-0.083388247,0.912848380,-0.117975342,0.046969211,-0.388050959,stable
236283137204850,236283.136700000,-0.111938469,-0.108701803,-0.083388813,0.912852215,-0.117975435,0.046964298,-0.388042504,stable
236283152763250,236283.151700000,-0.111937508,-0.108703673,-0.083387688,0.912853499,-0.117980162,0.046962285,-0.388038290,stable
236283168690700,236283.167700000,-0.111938588,-0.108703367,-0.083386630,0.912850089,-0.117985637,0.046957982,-0.388045169,stable
236283183764350,236283.182700000,-0.111941256,-0.108702123,-0.083384655,0.912843342,-0.117994598,0.046952903,-0.388058929,stable
236283199835600,236283.198700000,-0.111942299,-0.108700901,-0.083384864,0.912840832,-0.117994568,0.046951319,-0.388065035,stable
236283215832500,236283.214700000,-0.111942910,-0.108700603,-0.083384432,0.912841114,-0.117994037,0.046956087,-0.388063956,stable
236283231795100,236283.230700000,-0.111942098,-0.108701222,-0.083384722,0.912843642,-0.117991723,0.046959232,-0.388058333,stable
236283246804400,236283.245700000,-0.111941084,-0.108703502,-0.083383098,0.912845301,-0.117997712,0.046958252,-0.388052727,stable
236283261397250,236283.260700000,-0.111940928,-0.108704478,-0.083382040,0.912846633,-0.117999942,0.046961629,-0.388048508,stable
236283277141600,236283.276700000,-0.111940347,-0.108704694,-0.083382539,0.912848706,-0.117996930,0.046964642,-0.388044181,stable
236283293219100,236283.292700000,-0.111941263,-0.108702973,-0.083383553,0.912847022,-0.117993263,0.046965073,-0.388049206,stable
236283308635800,236283.307700000,-0.111942254,-0.108701721,-0.083383858,0.912844715,-0.117992781,0.046963777,-0.388054936,stable
236283324195700,236283.323700000,-0.111941822,-0.108700804,-0.083385624,0.912843739,-0.117989202,0.046957838,-0.388059039,stable
236283340223700,236283.339700000,-0.111940682,-0.108702213,-0.083385319,0.912844061,-0.117992870,0.046951625,-0.388057917,stable
236283355684150,236283.354700000,-0.111939199,-0.108704478,-0.083384357,0.912846646,-0.117996561,0.046950599,-0.388050838,stable
236283371726700,236283.370700000,-0.111938380,-0.108705387,-0.083384275,0.912849234,-0.117995454,0.046953935,-0.388044684,stable
236283387313500,236283.386700000,-0.111938342,-0.108704574,-0.083385378,0.912851275,-0.117988959,0.046960328,-0.388041084,stable
236283402826600,236283.401700000,-0.111938953,-0.108702898,-0.083386749,0.912849412,-0.117985150,0.046958174,-0.388046885,stable
236283418382700,236283.417700000,-0.111940324,-0.108701646,-0.083386548,0.912846724,-0.117985917,0.046958039,-0.388052992,stable
236283434351600,236283.433700000,-0.111941323,-0.108701341,-0.083385587,0.912843646,-0.117990784,0.046954352,-0.388059199,stable
236283449808250,236283.448700000,-0.111941352,-0.108700261,-0.083386973,0.912844696,-0.117984501,0.046957924,-0.388058206,stable
236283465357000,236283.464700000,-0.111940235,-0.108701028,-0.083387457,0.912847895,-0.117981361,0.046961339,-0.388051224,stable
236283481340100,236283.480700000,-0.111939192,-0.108700842,-0.083389111,0.912848753,-0.117977289,0.046957503,-0.388050906,stable
236283497851700,236283.496700000,-0.111939065,-0.108701035,-0.083389029,0.912849015,-0.117977560,0.046957527,-0.388050206,stable
236283512450800,236283.511700000,-0.111940622,-0.108699232,-0.083389282,0.912847110,-0.117975139,0.046961252,-0.388054971,stable
236283528707300,236283.527700000,-0.111941546,-0.108698145,-0.083389454,0.912846305,-0.117973161,0.046964506,-0.388057074,stable
236283544839850,236283.543700000,-0.111941472,-0.108698577,-0.083388999,0.912846692,-0.117974409,0.046965269,-0.388055690,stable
236283560726800,236283.559700000,-0.111941397,-0.108699076,-0.083388448,0.912847889,-0.117974856,0.046968696,-0.388052324,stable
236283575745150,236283.574700000,-0.111941427,-0.108698770,-0.083388813,0.912848288,-0.117972969,0.046970218,-0.388051776,stable
236283590157100,236283.589700000,-0.111941531,-0.108698964,-0.083388411,0.912847548,-0.117975075,0.046968559,-0.388053076,stable
236283605430550,236283.604700000,-0.111940607,-0.108699419,-0.083389059,0.912847321,-0.117975635,0.046961914,-0.388054244,stable
236283621134400,236283.620700000,-0.111940362,-0.108700410,-0.083388105,0.912846047,-0.117981369,0.046956112,-0.388056201,stable
236283637790700,236283.636700000,-0.111941271,-0.108699448,-0.083388150,0.912844519,-0.117980917,0.046956814,-0.388059846,stable
236283652443150,236283.651700000,-0.111941002,-0.108699933,-0.083387859,0.912845600,-0.117981097,0.046958692,-0.388057023,stable
236283667691850,236283.666700000,-0.111940585,-0.108700372,-0.083387852,0.912846487,-0.117981022,0.046958941,-0.388054929,stable
236283682622150,236283.681700000,-0.111940138,-0.108701214,-0.083387360,0.912846506,-0.117983915,0.046956163,-0.388054341,stable
236283698625050,236283.697700000,-0.111940578,-0.108703047,-0.083384372,0.912843963,-0.117996539,0.046950606,-0.388057156,stable
236283714715650,236283.713700000,-0.111941375,-0.108702339,-0.083384223,0.912841727,-0.117998032,0.046948354,-0.388062234,stable
236283730788400,236283.729700000,-0.111943424,-0.108701527,-0.083382532,0.912837403,-0.118004316,0.046947291,-0.388070625,stable
236283746287150,236283.745700000,-0.111944452,-0.108700700,-0.083382241,0.912833484,-0.118008021,0.046940940,-0.388079483,stable
236283762310650,236283.761700000,-0.111945957,-0.108699851,-0.083381318,0.912828309,-0.118014289,0.046933643,-0.388090633,stable
236283777309800,236283.776900000,-0.111947685,-0.108699113,-0.083379954,0.912823065,-0.118021605,0.046927529,-0.388101481,stable
236283792819950,236283.791900000,-0.111948453,-0.108699568,-0.083378337,0.912820064,-0.118029292,0.046922518,-0.388106807,stable
236283808359750,236283.807900000,-0.111949839,-0.108698964,-0.083377264,0.912817284,-0.118033117,0.046922288,-0.388112211,stable
236283824319550,236283.823900000,-0.111950725,-0.108697951,-0.083377391,0.912815744,-0.118032432,0.046922881,-0.388115970,stable
236283839391250,236283.838900000,-0.111951821,-0.108697593,-0.083376393,0.912813852,-0.118035526,0.046923709,-0.388119378,stable
236283854880500,236283.853900000,-0.111952208,-0.108697407,-0.083376117,0.912812512,-0.118037326,0.046921729,-0.388122223,stable
236283870727150,236283.869900000,-0.111952707,-0.108697824,-0.083374903,0.912811983,-0.118040866,0.046923316,-0.388122196,stable
236283886443600,236283.885900000,-0.111951515,-0.108697996,-0.083376266,0.912814369,-0.118036030,0.046923585,-0.388118024,stable
236283901866350,236283.901900000,-0.111951090,-0.108697899,-0.083376974,0.912816310,-0.118032101,0.046927108,-0.388114228,stable
236283917354400,236283.916900000,-0.111950591,-0.108698428,-0.083376952,0.912819047,-0.118029716,0.046932881,-0.388107819,stable
236283933339150,236283.932900000,-0.111950390,-0.108698748,-0.083376803,0.912820735,-0.118028422,0.046937230,-0.388103715,stable
236283949833000,236283.948900000,-0.111949876,-0.108697876,-0.083378628,0.912821512,-0.118022410,0.046936507,-0.388103805,stable
236283964396100,236283.964000000,-0.111950748,-0.108696938,-0.083378695,0.912820558,-0.118021217,0.046938817,-0.388106129,stable
236283979406300,236283.979000000,-0.111951776,-0.108695567,-0.083379090,0.912819413,-0.118018631,0.046941759,-0.388109253,stable
236283995116300,236283.995000000,-0.111952469,-0.108694911,-0.083379023,0.912819316,-0.118017173,0.046945717,-0.388109446,stable
236284011164450,236284.011000000,-0.111951947,-0.108695075,-0.083379500,0.912821171,-0.118014343,0.046948574,-0.388105600,stable
236284026138550,236284.026000000,-0.111951411,-0.108695202,-0.083380058,0.912822887,-0.118011488,0.046950760,-0.388102167,stable
236284041800050,236284.041000000,-0.111951321,-0.108694993,-0.083380446,0.912822521,-0.118010853,0.046949107,-0.388103420,stable
236284057403800,236284.057000000,-0.111952215,-0.108694114,-0.083380386,0.912820797,-0.118011070,0.046949095,-0.388107411,stable
236284073508100,236284.073000000,-0.111952633,-0.108692594,-0.083381824,0.912819279,-0.118007125,0.046946736,-0.388112466,stable
236284088680800,236284.088000000,-0.111954257,-0.108690724,-0.083382078,0.912816080,-0.118006300,0.046946632,-0.388120252,stable
236284104833000,236284.104000000,-0.111955255,-0.108689964,-0.083381720,0.912814664,-0.118006779,0.046948500,-0.388123213,stable
236284119483050,236284.119000000,-0.111955605,-0.108689189,-0.083382264,0.912814525,-0.118004176,0.046950204,-0.388124124,stable
236284135398650,236284.135000000,-0.111956067,-0.108689420,-0.083381340,0.912814412,-0.118006278,0.046952753,-0.388123442,stable
236284151129000,236284.151000000,-0.111954547,-0.108690053,-0.083382554,0.912817536,-0.118001863,0.046953283,-0.388117372,stable
236284166683400,236284.166000000,-0.111954823,-0.108689457,-0.083382957,0.912818280,-0.117998693,0.046957487,-0.388116078,stable
236284181686050,236284.181000000,-0.111954652,-0.108689301,-0.083383404,0.912818191,-0.117997743,0.046956099,-0.388116746,stable
236284197232600,236284.197000000,-0.111955389,-0.108689219,-0.083382517,0.912817387,-0.117999937,0.046958173,-0.388117717,stable
236284212778800,236284.212000000,-0.111955658,-0.108689502,-0.083381787,0.912815488,-0.118004356,0.046953651,-0.388121387,stable
236284228583100,236284.228000000,-0.111955255,-0.108689539,-0.083382279,0.912816137,-0.118002858,0.046953211,-0.388120370,stable
236284244332800,236284.244000000,-0.111953944,-0.108691178,-0.083381906,0.912819048,-0.118003654,0.046954276,-0.388113154,stable
236284259725400,236284.259000000,-0.111953229,-0.108691894,-0.083381936,0.912821312,-0.118002320,0.046957211,-0.388107879,stable
236284275850500,236284.275000000,-0.111952625,-0.108692609,-0.083381817,0.912821775,-0.118003711,0.046954867,-0.388106651,stable
236284290813200,236284.289800000,-0.111952700,-0.108692765,-0.083381504,0.912821883,-0.118004433,0.046955701,-0.388106075,stable
236284305413500,236284.304800000,-0.111953229,-0.108693160,-0.083380282,0.912821016,-0.118008422,0.046956235,-0.388106837,stable
236284320838100,236284.320800000,-0.111953683,-0.108692378,-0.083380692,0.912820152,-0.118006966,0.046956393,-0.388109293,stable
236284337169500,236284.336800000,-0.111952439,-0.108693950,-0.083380312,0.912820564,-0.118011071,0.046949665,-0.388107890,stable
236284352483000,236284.351800000,-0.111952655,-0.108694278,-0.083379596,0.912819501,-0.118014395,0.046947662,-0.388109623,stable
236284368479500,236284.367800000,-0.111953184,-0.108693831,-0.083379455,0.912818200,-0.118015253,0.046946813,-0.388112523,stable
236284384552200,236284.383800000,-0.111953795,-0.108693041,-0.083379671,0.912818122,-0.118012986,0.046950429,-0.388112957,stable
236284399553250,236284.398800000,-0.111953676,-0.108693667,-0.083379015,0.912818826,-0.118014601,0.046951952,-0.388110628,stable
236284415163950,236284.414800000,-0.111954130,-0.108692423,-0.083380029,0.912816679,-0.118012872,0.046947783,-0.388116707,stable
236284431169250,236284.430800000,-0.111956067,-0.108691238,-0.083378971,0.912811858,-0.118017992,0.046944360,-0.388126902,stable
236284446625150,236284.445800000,-0.111957274,-0.108690590,-0.083378188,0.912808732,-0.118021743,0.046941841,-0.388133418,stable
236284462586100,236284.461800000,-0.111957729,-0.108690351,-0.083377898,0.912806795,-0.118024228,0.046938415,-0.388137633,stable
236284477576300,236284.476800000,-0.111958034,-0.108690687,-0.083377056,0.912805190,-0.118028520,0.046935123,-0.388140500,stable
236284494216800,236284.493800000,-0.111957870,-0.108690582,-0.083377413,0.912804624,-0.118028539,0.046932166,-0.388142182,stable
236284509630900,236284.508800000,-0.111958064,-0.108690389,-0.083377399,0.912804464,-0.118028295,0.046932868,-0.388142547,stable
236284525541200,236284.524800000,-0.111957997,-0.108690731,-0.083377033,0.912803622,-0.118030865,0.046929753,-0.388144124,stable
236284541222000,236284.540800000,-0.111958936,-0.108690247,-0.083376415,0.912802387,-0.118032186,0.046931665,-0.388146396,stable
236284556643100,236284.555800000,-0.111958973,-0.108688653,-0.083378442,0.912803053,-0.118024178,0.046934131,-0.388146966,stable
236284572207000,236284.571800000,-0.111959651,-0.108687669,-0.083378814,0.912801779,-0.118022864,0.046934194,-0.388150354,stable
236284588220900,236284.587800000,-0.111959107,-0.108687498,-0.083379768,0.912802175,-0.118020499,0.046932010,-0.388150405,stable
236284603652800,236284.602800000,-0.111959517,-0.108687080,-0.083379768,0.912801401,-0.118020447,0.046932162,-0.388152223,stable
236284619225700,236284.618800000,-0.111960165,-0.108686328,-0.083379872,0.912801303,-0.118018498,0.046935937,-0.388152590,stable
236284635248500,236284.634800000,-0.111960575,-0.108685814,-0.083379984,0.912799834,-0.118019029,0.046933737,-0.388156150,stable
236284650683150,236284.649800000,-0.111961402,-0.108686104,-0.083378501,0.912798327,-0.118024004,0.046934119,-0.388158135,stable
236284666753650,236284.665800000,-0.111962199,-0.108684547,-0.083379462,0.912796554,-0.118021003,0.046933420,-0.388163301,stable
236284681781000,236284.680800000,-0.111962169,-0.108684927,-0.083379015,0.912797115,-0.118021871,0.046935024,-0.388161524,stable
236284697712500,236284.696800000,-0.111962289,-0.108683728,-0.083380416,0.912797995,-0.118015499,0.046938655,-0.388160952,stable
236284713832950,236284.712800000,-0.111962646,-0.108683087,-0.083380759,0.912798794,-0.118012216,0.046943618,-0.388159472,stable
236284729823350,236284.728800000,-0.111962833,-0.108683132,-0.083380461,0.912798906,-0.118012617,0.046945145,-0.388158902,stable
236284744878550,236284.743800000,-0.111963034,-0.108683057,-0.083380274,0.912798630,-0.118013067,0.046945597,-0.388159359,stable
236284760258500,236284.759800000,-0.111962840,-0.108683519,-0.083379947,0.912798083,-0.118015495,0.046942538,-0.388160278,stable
236284776263400,236284.775800000,-0.111961998,-0.108683899,-0.083380572,0.912798778,-0.118014643,0.046939356,-0.388159286,stable
236284791538000,236284.790700000,-0.111961864,-0.108683750,-0.083380967,0.912799869,-0.118012156,0.046942040,-0.388157153,stable
236284807656500,236284.806700000,-0.111961208,-0.108684629,-0.083380684,0.912802190,-0.118011627,0.046945596,-0.388151425,stable
236284823260200,236284.822700000,-0.111961588,-0.108683862,-0.083381183,0.912801895,-0.118009318,0.046947002,-0.388152652,stable
236284838237100,236284.837700000,-0.111961611,-0.108683512,-0.083381601,0.912802009,-0.118007648,0.046947560,-0.388152824,stable
236284853710150,236284.852700000,-0.111962333,-0.108683527,-0.083380617,0.912800884,-0.118010674,0.046948436,-0.388154441,stable
236284869714900,236284.868700000,-0.111962222,-0.108682543,-0.083382048,0.912801359,-0.118005362,0.046949404,-0.388154823,stable
236284884851050,236284.883700000,-0.111963570,-0.108681791,-0.083381213,0.912799788,-0.118006819,0.046952711,-0.388157675,stable
236284900647800,236284.899700000,-0.111963242,-0.108681977,-0.083381407,0.912799568,-0.118007321,0.046949981,-0.388158369,stable
236284916254400,236284.915700000,-0.111962900,-0.108681917,-0.083381951,0.912799092,-0.118007030,0.046946178,-0.388160038,stable
236284931363000,236284.930700000,-0.111963354,-0.108682767,-0.083380237,0.912796574,-0.118015194,0.046940906,-0.388164115,stable
236284946814800,236284.945700000,-0.111964189,-0.108681515,-0.083380744,0.912794097,-0.118014639,0.046938135,-0.388170444,stable
236284962890200,236284.961700000,-0.111965351,-0.108679727,-0.083381511,0.912793568,-0.118009589,0.046943828,-0.388172533,stable
236284977882650,236284.976700000,-0.111965977,-0.108679168,-0.083381400,0.912792797,-0.118009358,0.046945337,-0.388174234,stable
236284992849850,236284.991700000,-0.111966096,-0.108679019,-0.083381437,0.912790853,-0.118011633,0.046939565,-0.388178812,stable
236285008376550,236285.007700000,-0.111966290,-0.108679406,-0.083380669,0.912788505,-0.118017010,0.046933178,-0.388183472,stable
236285023866050,236285.022700000,-0.111965813,-0.108679637,-0.083381005,0.912787357,-0.118018684,0.046926438,-0.388186476,stable
236285039860550,236285.038700000,-0.111966036,-0.108680420,-0.083379701,0.912786538,-0.118023790,0.046924998,-0.388187023,stable
236285055378650,236285.054700000,-0.111965910,-0.108680442,-0.083379827,0.912786025,-0.118024344,0.046922659,-0.388188344,stable
236285071370000,236285.070700000,-0.111965619,-0.108680315,-0.083380394,0.912787063,-0.118021739,0.046924225,-0.388186507,stable
236285087409400,236285.086700000,-0.111966439,-0.108680196,-0.083379447,0.912785849,-0.118024478,0.046925479,-0.388188376,stable
236285103853150,236285.102700000,-0.111966439,-0.108680874,-0.083378553,0.912785847,-0.118027570,0.046925401,-0.388187451,stable
236285118444350,236285.117700000,-0.111966304,-0.108680964,-0.083378628,0.912785682,-0.118027929,0.046923960,-0.388187904,stable
236285134416500,236285.133700000,-0.111965656,-0.108681649,-0.083378606,0.912786973,-0.118027934,0.046924056,-0.388184855,stable
236285150846150,236285.149700000,-0.111966185,-0.108680896,-0.083378874,0.912785718,-0.118027330,0.046923381,-0.388188072,stable
236285165454400,236285.164700000,-0.111966580,-0.108680986,-0.083378226,0.912784514,-0.118030175,0.046921924,-0.388190213,stable
236285181486250,236285.180700000,-0.111966416,-0.108681992,-0.083377130,0.912783833,-0.118035305,0.046918685,-0.388190645,stable
236285197208500,236285.196700000,-0.111966245,-0.108681694,-0.083377756,0.912784789,-0.118032318,0.046920671,-0.388189066,stable
236285212515600,236285.211700000,-0.111967325,-0.108680807,-0.083377458,0.912782398,-0.118033748,0.046919717,-0.388194368,stable
236285228486200,236285.227700000,-0.111967787,-0.108679876,-0.083378047,0.912781527,-0.118031664,0.046919849,-0.388197035,stable
236285244829250,236285.243700000,-0.111967005,-0.108679593,-0.083379470,0.912782146,-0.118028009,0.046916911,-0.388197045,stable
236285259646150,236285.258700000,-0.111967258,-0.108679660,-0.083379038,0.912781897,-0.118029162,0.046917659,-0.388197189,stable
236285275769200,236285.274700000,-0.111968219,-0.108678773,-0.083378904,0.912780934,-0.118028379,0.046920687,-0.388199327,stable
236285291173100,236285.290700000,-0.111969419,-0.108678244,-0.083377972,0.912780217,-0.118029318,0.046926122,-0.388200071,stable
236285306580950,236285.305900000,-0.111968957,-0.108679838,-0.083376527,0.912781510,-0.118033801,0.046927238,-0.388195533,stable
236285322150400,236285.322000000,-0.111969084,-0.108679697,-0.083376549,0.912782255,-0.118032359,0.046930519,-0.388193822,stable
236285338166000,236285.338000000,-0.111968994,-0.108679220,-0.083377287,0.912782718,-0.118029399,0.046931468,-0.388193518,stable
236285353572750,236285.353000000,-0.111968838,-0.108679347,-0.083377324,0.912783308,-0.118028877,0.046932469,-0.388192170,stable
236285369293800,236285.369000000,-0.111968361,-0.108679339,-0.083377972,0.912783133,-0.118028147,0.046928822,-0.388193244,stable
236285384320150,236285.384000000,-0.111968763,-0.108679689,-0.083376989,0.912781002,-0.118033439,0.046924320,-0.388197189,stable
236285400398050,236285.400000000,-0.111967869,-0.108680308,-0.083377384,0.912781828,-0.118033341,0.046921354,-0.388195636,stable
236285415884300,236285.415000000,-0.111967981,-0.108680762,-0.083376624,0.912781772,-0.118035696,0.046921968,-0.388194977,stable
236285432901800,236285.432000000,-0.111966774,-0.108680375,-0.083378769,0.912784032,-0.118028461,0.046921607,-0.388191905,stable
236285447391850,236285.447000000,-0.111966640,-0.108679898,-0.083379567,0.912784348,-0.118025624,0.046921768,-0.388192007,stable
236285463369650,236285.463000000,-0.111967787,-0.108678937,-0.083379276,0.912783711,-0.118024412,0.046927041,-0.388193236,stable
236285478411450,236285.478000000,-0.111968808,-0.108677596,-0.083379649,0.912781609,-0.118023300,0.046926645,-0.388198564,stable
236285494858250,236285.494000000,-0.111968964,-0.108676687,-0.083380625,0.912778713,-0.118023519,0.046918231,-0.388206323,stable
236285509519650,236285.509000000,-0.111969657,-0.108675420,-0.083381340,0.912775607,-0.118023474,0.046912467,-0.388214337,stable
236285525818800,236285.525000000,-0.111969709,-0.108674824,-0.083382055,0.912773910,-0.118023232,0.046907225,-0.388219034,stable
236285540403900,236285.540000000,-0.111970298,-0.108673304,-0.083383240,0.912771859,-0.118020420,0.046904265,-0.388225069,stable
236285556817300,236285.556000000,-0.111972161,-0.108671963,-0.083382487,0.912767815,-0.118023595,0.046902894,-0.388233776,stable
236285572881900,236285.572000000,-0.111972123,-0.108672172,-0.083382271,0.912767554,-0.118024799,0.046901824,-0.388234153,stable
236285588879100,236285.588000000,-0.111971058,-0.108672485,-0.083383299,0.912768448,-0.118022906,0.046897798,-0.388233115,stable
236285603447900,236285.603000000,-0.111971386,-0.108672827,-0.083382405,0.912766906,-0.118027251,0.046894910,-0.388235766,stable
236285619865400,236285.619000000,-0.111971334,-0.108672626,-0.083382733,0.912766711,-0.118026512,0.046893978,-0.388236564,stable
236285635879300,236285.635000000,-0.111971438,-0.108671837,-0.083383627,0.912766516,-0.118023432,0.046893985,-0.388237957,stable
236285650455550,236285.650000000,-0.111972630,-0.108671106,-0.083382979,0.912764869,-0.118024747,0.046896243,-0.388241156,stable
236285666193700,236285.666000000,-0.111972883,-0.108671717,-0.083381839,0.912763737,-0.118029537,0.046894135,-0.388242616,stable
236285682885300,236285.682000000,-0.111973487,-0.108671106,-0.083381817,0.912763083,-0.118028897,0.046895890,-0.388244137,stable
236285697219500,236285.697000000,-0.111973166,-0.108670905,-0.083382510,0.912764295,-0.118025688,0.046897828,-0.388242029,stable
236285712288500,236285.712000000,-0.111972675,-0.108671680,-0.083382174,0.912765879,-0.118025983,0.046899879,-0.388237966,stable
236285727272750,236285.727000000,-0.111972161,-0.108672425,-0.083381891,0.912766970,-0.118026842,0.046900067,-0.388235117,stable
236285743264800,236285.743000000,-0.111971885,-0.108673148,-0.083381318,0.912767704,-0.118028558,0.046900660,-0.388232800,stable
236285758604850,236285.758000000,-0.111971498,-0.108674906,-0.083379552,0.912766460,-0.118037403,0.046894175,-0.388233817,stable
236285774649650,236285.774000000,-0.111971125,-0.108675696,-0.083379015,0.912765731,-0.118041246,0.046889372,-0.388234943,stable
236285789651700,236285.789000000,-0.111971110,-0.108675733,-0.083378986,0.912765984,-0.118041031,0.046890126,-0.388234323,stable
236285805690650,236285.805000000,-0.111970887,-0.108676374,-0.083378449,0.912766846,-0.118042272,0.046891584,-0.388231743,stable
236285821230500,236285.820800000,-0.111971155,-0.108676381,-0.083378084,0.912765481,-0.118044716,0.046888801,-0.388234546,stable
236285837294750,236285.836800000,-0.111969031,-0.108678341,-0.083378375,0.912766737,-0.118047675,0.046879328,-0.388231836,stable
236285852259700,236285.851800000,-0.111967877,-0.108679026,-0.083379045,0.912767850,-0.118046972,0.046875542,-0.388229891,stable
236285867652600,236285.866800000,-0.111967199,-0.108679175,-0.083379760,0.912768432,-0.118045502,0.046873135,-0.388229259,stable
236285883674600,236285.882800000,-0.111965641,-0.108679712,-0.083381139,0.912769752,-0.118043104,0.046867525,-0.388227564,stable
236285899660350,236285.898800000,-0.111965753,-0.108679712,-0.083380997,0.912769763,-0.118043299,0.046868248,-0.388227390,stable
236285915271750,236285.914800000,-0.111966021,-0.108679548,-0.083380848,0.912770009,-0.118042764,0.046870715,-0.388226678,stable
236285931284050,236285.930800000,-0.111966185,-0.108678274,-0.083382286,0.912769765,-0.118037667,0.046871031,-0.388228762,stable
236285946712400,236285.945800000,-0.111965090,-0.108678780,-0.083383091,0.912771322,-0.118035671,0.046869176,-0.388225933,stable
236285962666750,236285.961800000,-0.111966588,-0.108678237,-0.083381802,0.912769158,-0.118039104,0.046871630,-0.388229681,stable
236285977751900,236285.976800000,-0.111967221,-0.108678222,-0.083380975,0.912769189,-0.118040217,0.046875719,-0.388228775,stable
236285993315000,236285.992800000,-0.111966543,-0.108677432,-0.083382897,0.912773392,-0.118029575,0.046885246,-0.388220979,stable
236286008684250,236286.007800000,-0.111965939,-0.108677238,-0.083383977,0.912775754,-0.118024222,0.046889082,-0.388216589,stable
236286024826400,236286.023800000,-0.111967154,-0.108676299,-0.083383560,0.912775526,-0.118022689,0.046896097,-0.388216743,stable
236286039749750,236286.038800000,-0.111966535,-0.108674474,-0.083386771,0.912775606,-0.118013192,0.046892485,-0.388219880,stable
236286055315300,236286.054800000,-0.111967497,-0.108673781,-0.083386377,0.912772123,-0.118016787,0.046887168,-0.388227618,stable
236286071317950,236286.070800000,-0.111966759,-0.108674295,-0.083386704,0.912772601,-0.118016966,0.046884057,-0.388226814,stable
236286087314100,236286.086800000,-0.111966535,-0.108674981,-0.083386116,0.912774955,-0.118016344,0.046890295,-0.388220717,stable
236286102828050,236286.101800000,-0.111966170,-0.108674936,-0.083386652,0.912776928,-0.118012716,0.046894538,-0.388216666,stable
236286133339550,236286.132800000,-0.111969404,-0.108671732,-0.083386488,0.912769147,-0.118015365,0.046889690,-0.388234742,stable
236286148868550,236286.147800000,-0.111971490,-0.108670458,-0.083385356,0.912763320,-0.118021766,0.046883812,-0.388247206,stable
236286164444150,236286.163800000,-0.111971192,-0.108670644,-0.083385505,0.912761873,-0.118024037,0.046877195,-0.388250716,stable
236286180192000,236286.179800000,-0.111970268,-0.108672231,-0.083384685,0.912762736,-0.118028153,0.046874131,-0.388247807,stable
236286195618900,236286.194800000,-0.111969478,-0.108673319,-0.083384320,0.912762746,-0.118031530,0.046869102,-0.388247364,stable
236286211161950,236286.210800000,-0.111970440,-0.108673044,-0.083383396,0.912760277,-0.118035565,0.046867111,-0.388252181,stable
236286226074150,236286.224800000,-0.111971661,-0.108671285,-0.083384044,0.912758469,-0.118032522,0.046869059,-0.388257120,stable
236286242198400,236286.241800000,-0.111973219,-0.108670041,-0.083383575,0.912756676,-0.118032440,0.046873115,-0.388260873,stable
236286257544300,236286.256800000,-0.111972675,-0.108669408,-0.083385132,0.912757403,-0.118027509,0.046872073,-0.388260789,stable
236286273612400,236286.272800000,-0.111971274,-0.108671285,-0.083384573,0.912759482,-0.118030362,0.046869834,-0.388255302,stable
236286288605900,236286.287800000,-0.111969858,-0.108673647,-0.083383381,0.912762003,-0.118034760,0.046869104,-0.388248127,stable
236286304674100,236286.303800000,-0.111969240,-0.108674511,-0.083383091,0.912765471,-0.118032608,0.046876570,-0.388239728,stable
236286319826350,236286.318800000,-0.111968808,-0.108674251,-0.083384015,0.912766272,-0.118029526,0.046876248,-0.388238819,stable
236286335763000,236286.334800000,-0.111969031,-0.108675145,-0.083382547,0.912766181,-0.118034082,0.046877550,-0.388237490,stable
236286351380850,236286.350800000,-0.111970298,-0.108673781,-0.083382621,0.912763637,-0.118033950,0.046877213,-0.388243553,stable
236286366885100,236286.365800000,-0.111970119,-0.108673491,-0.083383240,0.912763452,-0.118032571,0.046875472,-0.388244618,stable
236286382894200,236286.381800000,-0.111969821,-0.108672954,-0.083384342,0.912763455,-0.118029532,0.046873673,-0.388245752,stable
236286399855350,236286.398800000,-0.111969493,-0.108672991,-0.083384737,0.912763743,-0.118028689,0.046872439,-0.388245480,stable
236286414254500,236286.413800000,-0.111970477,-0.108672142,-0.083384521,0.912761371,-0.118030039,0.046871002,-0.388250820,stable
236286430319950,236286.429800000,-0.111971326,-0.108670734,-0.083385214,0.912758255,-0.118029694,0.046866199,-0.388258829,stable
236286445589450,236286.444800000,-0.111972742,-0.108669296,-0.083385184,0.912755042,-0.118030440,0.046864705,-0.388266337,stable
236286461243500,236286.460800000,-0.111972690,-0.108669020,-0.083385617,0.912755629,-0.118028293,0.046866311,-0.388265414,stable
236286476603900,236286.475800000,-0.111972682,-0.108669020,-0.083385617,0.912754387,-0.118030015,0.046862180,-0.388268309,stable
236286492676850,236286.491800000,-0.111972719,-0.108668350,-0.083386451,0.912752987,-0.118028998,0.046857801,-0.388272439,stable
236286508169300,236286.507800000,-0.111971885,-0.108668506,-0.083387367,0.912752123,-0.118029263,0.046849652,-0.388275373,stable
236286527052550,236286.525800000,-0.111973435,-0.108667478,-0.083386622,0.912748443,-0.118032759,0.046847529,-0.388283217,stable
236286539608850,236286.538800000,-0.111973368,-0.108667165,-0.083387114,0.912748245,-0.118031498,0.046846481,-0.388284193,stable
236286555234000,236286.554800000,-0.111973785,-0.108667351,-0.083386324,0.912747830,-0.118033710,0.046847711,-0.388284347,stable
236286571240000,236286.570800000,-0.111973614,-0.108667962,-0.083385758,0.912746848,-0.118037484,0.046843392,-0.388286029,stable
236286587252100,236286.586800000,-0.111975379,-0.108667269,-0.083384290,0.912743548,-0.118042354,0.046843875,-0.388292249,stable
236286602691600,236286.601800000,-0.111976199,-0.108667284,-0.083383173,0.912743074,-0.118044664,0.046847518,-0.388292220,stable
236286618260900,236286.617800000,-0.111976661,-0.108667225,-0.083382621,0.912743709,-0.118044431,0.046852646,-0.388290180,stable
236286634236950,236286.633800000,-0.111975968,-0.108666852,-0.083384044,0.912745249,-0.118039259,0.046853234,-0.388288060,stable
236286649781000,236286.648800000,-0.111975968,-0.108667448,-0.083383255,0.912745484,-0.118041635,0.046854057,-0.388286688,stable
236286665688900,236286.664800000,-0.111975096,-0.108668178,-0.083383486,0.912746431,-0.118041910,0.046851476,-0.388284688,stable
236286681718650,236286.680800000,-0.111975685,-0.108667366,-0.083383761,0.912746036,-0.118039916,0.046853999,-0.388285920,stable
236286696803700,236286.695900000,-0.111974329,-0.108667485,-0.083385415,0.912748432,-0.118034524,0.046853224,-0.388282020,stable
236286712848250,236286.711900000,-0.111974575,-0.108668439,-0.083383843,0.912749076,-0.118038382,0.046856919,-0.388278886,stable
236286727883200,236286.726900000,-0.111974567,-0.108668782,-0.083383404,0.912749049,-0.118039943,0.046856814,-0.388278488,stable
236286742873050,236286.742900000,-0.111974090,-0.108670287,-0.083382092,0.912749889,-0.118044608,0.046856389,-0.388275147,stable
236286758875300,236286.757900000,-0.111972980,-0.108671226,-0.083382346,0.912751776,-0.118044091,0.046855568,-0.388270967,stable
236286773900900,236286.772900000,-0.111973450,-0.108670525,-0.083382629,0.912751420,-0.118042370,0.046857405,-0.388272104,stable
236286789878050,236286.788900000,-0.111973085,-0.108669966,-0.083383851,0.912752283,-0.118037940,0.046857831,-0.388271371,stable
236286804521200,236286.803900000,-0.111973509,-0.108669482,-0.083383918,0.912751586,-0.118037562,0.046858198,-0.388273082,stable
236286820180650,236286.819900000,-0.111973852,-0.108668759,-0.083384395,0.912748763,-0.118038856,0.046851256,-0.388280162,stable
236286836207200,236286.836000000,-0.111974277,-0.108667664,-0.083385259,0.912746348,-0.118038093,0.046846042,-0.388286700,stable
236286851630450,236286.851000000,-0.111975305,-0.108667634,-0.083383903,0.912743803,-0.118043541,0.046844244,-0.388291243,stable
236286867619950,236286.867000000,-0.111976676,-0.108666912,-0.083383009,0.912741797,-0.118045704,0.046846436,-0.388295036,stable
236286882568400,236286.882000000,-0.111976832,-0.108666927,-0.083382778,0.912741630,-0.118046280,0.046846973,-0.388295190,stable
236286898744800,236286.898000000,-0.111978166,-0.108665951,-0.083382264,0.912741893,-0.118044129,0.046856270,-0.388294103,stable
236286914237450,236286.914000000,-0.111978769,-0.108665377,-0.083382204,0.912741688,-0.118043023,0.046859438,-0.388294538,stable
236286930253800,236286.930000000,-0.111978948,-0.108665600,-0.083381668,0.912741526,-0.118044568,0.046860161,-0.388294362,stable
236286945714000,236286.945000000,-0.111978710,-0.108665489,-0.083382137,0.912740894,-0.118044489,0.046856505,-0.388296314,stable
236286961276100,236286.961000000,-0.111978702,-0.108665109,-0.083382636,0.912739001,-0.118045429,0.046850210,-0.388301237,stable
236286976780900,236286.976000000,-0.111978285,-0.108665563,-0.083382607,0.912738170,-0.118047762,0.046844950,-0.388303116,stable
236286992316150,236286.992000000,-0.111977577,-0.108666219,-0.083382703,0.912738648,-0.118048708,0.046841895,-0.388302074,stable
236287007665800,236287.007000000,-0.111977711,-0.108665511,-0.083383448,0.912738672,-0.118045738,0.046842844,-0.388302804,stable
236287023287250,236287.023000000,-0.111977912,-0.108664438,-0.083384573,0.912739380,-0.118040321,0.046846438,-0.388302354,stable
236287039283800,236287.039000000,-0.111977890,-0.108664550,-0.083384454,0.912740486,-0.118039275,0.046849901,-0.388299655,stable
236287070759250,236287.070000000,-0.111977346,-0.108665407,-0.083384067,0.912741017,-0.118041315,0.046848254,-0.388297984,stable
236287086773300,236287.086000000,-0.111977249,-0.108665757,-0.083383746,0.912740960,-0.118042813,0.046847315,-0.388297777,stable
236287102305550,236287.102000000,-0.111977115,-0.108666077,-0.083383501,0.912740118,-0.118045130,0.046843820,-0.388299473,stable
236287117871450,236287.117000000,-0.111977875,-0.108665973,-0.083382621,0.912738137,-0.118048883,0.046842147,-0.388303192,stable
236287133867550,236287.133000000,-0.111977860,-0.108665638,-0.083383091,0.912737974,-0.118047544,0.046841473,-0.388304063,stable
236287149403850,236287.149000000,-0.111978799,-0.108663566,-0.083384521,0.912738087,-0.118039936,0.046847843,-0.388305341,stable
236287165389300,236287.165000000,-0.111978516,-0.108662680,-0.083386056,0.912739528,-0.118033388,0.046850787,-0.388303588,stable
236287181385700,236287.181000000,-0.111978516,-0.108662039,-0.083386891,0.912739162,-0.118031018,0.046849591,-0.388305313,stable
236287196888050,236287.196000000,-0.111977734,-0.108663119,-0.083386540,0.912740125,-0.118033023,0.046847732,-0.388302664,stable
236287212368000,236287.212000000,-0.111978389,-0.108662151,-0.083386913,0.912740181,-0.118029871,0.046852120,-0.388302961,stable
236287227588800,236287.227000000,-0.111978434,-0.108662255,-0.083386727,0.912741482,-0.118028611,0.046856676,-0.388299738,stable
236287242543500,236287.242000000,-0.111977965,-0.108662769,-0.083386675,0.912742192,-0.118029042,0.046856087,-0.388298007,stable
236287258215700,236287.258000000,-0.111978315,-0.108662270,-0.083386861,0.912739897,-0.118030641,0.046850776,-0.388303558,stable
236287273776100,236287.273000000,-0.111979157,-0.108661480,-0.083386756,0.912736263,-0.118033762,0.046844242,-0.388311938,stable
236287288830700,236287.288000000,-0.111980334,-0.108660392,-0.083386593,0.912733143,-0.118035466,0.046841540,-0.388319082,stable
236287304344350,236287.304000000,-0.111980766,-0.108659744,-0.083386861,0.912731253,-0.118036034,0.046838080,-0.388323768,stable
236287319821150,236287.319000000,-0.111980975,-0.108660378,-0.083385758,0.912729636,-0.118041495,0.046834101,-0.388326388,stable
236287334846200,236287.334000000,-0.111980937,-0.108660191,-0.083386049,0.912728370,-0.118042372,0.046829683,-0.388329630,stable
236287350424600,236287.349900000,-0.111980796,-0.108660482,-0.083385862,0.912728247,-0.118043541,0.046828397,-0.388329718,stable
236287366446850,236287.365900000,-0.111981615,-0.108659230,-0.083386391,0.912727064,-0.118041166,0.046829754,-0.388333059,stable
236287381449100,236287.380900000,-0.111981966,-0.108657733,-0.083387874,0.912725647,-0.118037077,0.046827369,-0.388337919,stable
236287397487500,236287.396900000,-0.111982249,-0.108657591,-0.083387673,0.912723942,-0.118039375,0.046823520,-0.388341692,stable
236287412927000,236287.411900000,-0.111982748,-0.108658552,-0.083385751,0.912723670,-0.118045048,0.046825790,-0.388340333,stable
236287428839900,236287.427900000,-0.111982964,-0.108659178,-0.083384648,0.912724857,-0.118046612,0.046831121,-0.388336426,stable
236287444893550,236287.443900000,-0.111982912,-0.108658820,-0.083385177,0.912726993,-0.118041961,0.046837818,-0.388332011,stable
236287459805500,236287.458900000,-0.111982450,-0.108658329,-0.083386444,0.912729638,-0.118035199,0.046843508,-0.388327163,stable
236287475322050,236287.474900000,-0.111983791,-0.108657628,-0.083385549,0.912728444,-0.118036294,0.046848205,-0.388329070,stable
236287490232700,236287.489900000,-0.111983843,-0.108656794,-0.083386570,0.912727059,-0.118034556,0.046844055,-0.388333355,stable
236287505680900,236287.504900000,-0.111984089,-0.108656414,-0.083386734,0.912726271,-0.118034413,0.046843015,-0.388335376,stable
236287521657550,236287.520900000,-0.111984245,-0.108656839,-0.083385974,0.912726287,-0.118036598,0.046844055,-0.388334549,stable
236287537248450,236287.536900000,-0.111983128,-0.108657293,-0.083386891,0.912729381,-0.118032187,0.046847035,-0.388328258,stable
236287552695000,236287.551900000,-0.111981988,-0.108658239,-0.083387181,0.912732468,-0.118029943,0.046849899,-0.388321338,stable
236287567711200,236287.566900000,-0.111981474,-0.108658589,-0.083387412,0.912735140,-0.118026842,0.046855366,-0.388315340,stable
236287583719950,236287.582900000,-0.111982130,-0.108658560,-0.083386578,0.912735128,-0.118027965,0.046859497,-0.388314530,stable
236287599323900,236287.598900000,-0.111981802,-0.108658381,-0.083387248,0.912736056,-0.118025243,0.046860464,-0.388313058,stable
236287614968550,236287.613900000,-0.111982346,-0.108657271,-0.083387956,0.912736241,-0.118021116,0.046864503,-0.388313389,stable
236287630431850,236287.629900000,-0.111982249,-0.108657397,-0.083387919,0.912735933,-0.118021890,0.046862945,-0.388314066,stable
236287645733950,236287.644900000,-0.111981474,-0.108658455,-0.083387583,0.912737165,-0.118023437,0.046862050,-0.388310809,stable
236287661306700,236287.660900000,-0.111981370,-0.108658433,-0.083387755,0.912737596,-0.118022544,0.046862722,-0.388309985,stable
236287676775500,236287.675900000,-0.111982152,-0.108656906,-0.083388694,0.912736206,-0.118019100,0.046863231,-0.388314238,stable
236287692367000,236287.691900000,-0.111982457,-0.108656362,-0.083388999,0.912735364,-0.118018406,0.046862433,-0.388316525,stable
236287707863850,236287.706900000,-0.111982949,-0.108655989,-0.083388828,0.912735234,-0.118017876,0.046865107,-0.388316670,stable
236287722510750,236287.721900000,-0.111982889,-0.108656846,-0.083387785,0.912735301,-0.118021535,0.046864932,-0.388315421,stable
236287738562800,236287.737900000,-0.111983381,-0.108656392,-0.083387718,0.912734312,-0.118021828,0.046864811,-0.388317671,stable
236287754903350,236287.753900000,-0.111984313,-0.108655594,-0.083387509,0.912733152,-0.118021646,0.046866992,-0.388320188,stable
236287769534950,236287.768900000,-0.111985326,-0.108654730,-0.083387278,0.912730584,-0.118023247,0.046865099,-0.388325968,stable
236287785642000,236287.784900000,-0.111986615,-0.108654194,-0.083386242,0.912727003,-0.118028321,0.046861582,-0.388333267,stable
236287801428000,236287.800900000,-0.111987025,-0.108653948,-0.083386011,0.912724972,-0.118030816,0.046857559,-0.388337766,stable
236287816784250,236287.815900000,-0.111986428,-0.108653769,-0.083387047,0.912725696,-0.118027859,0.046856065,-0.388337144,stable
236287832988200,236287.831900000,-0.111986220,-0.108654216,-0.083386742,0.912723955,-0.118031881,0.046849031,-0.388340863,stable
236287848909350,236287.847900000,-0.111986347,-0.108654574,-0.083386108,0.912722889,-0.118035197,0.046846342,-0.388342684,stable
236287864923800,236287.863800000,-0.111986630,-0.108653747,-0.083386809,0.912722879,-0.118032037,0.046848107,-0.388343455,stable
236287879906200,236287.878800000,-0.111987032,-0.108653471,-0.083386615,0.912723204,-0.118031161,0.046851760,-0.388342517,stable
236287894906950,236287.893800000,-0.111986198,-0.108654141,-0.083386868,0.912722862,-0.118033018,0.046845279,-0.388343537,stable
236287909586750,236287.908800000,-0.111985832,-0.108654328,-0.083387114,0.912722747,-0.118033295,0.046842652,-0.388344041,stable
236287925460600,236287.924800000,-0.111985080,-0.108654171,-0.083388321,0.912724206,-0.118029148,0.046842576,-0.388341882,stable
236287940483500,236287.939800000,-0.111986041,-0.108653799,-0.083387516,0.912723111,-0.118030837,0.046845164,-0.388343631,stable
236287956914600,236287.955800000,-0.111985803,-0.108654663,-0.083386719,0.912722662,-0.118034841,0.046842234,-0.388343822,stable
236287972922150,236287.971800000,-0.111986183,-0.108655065,-0.083385684,0.912721864,-0.118038534,0.046841890,-0.388344617,stable
236287987926550,236287.986800000,-0.111985654,-0.108655810,-0.083385423,0.912722824,-0.118039496,0.046841737,-0.388342086,stable
236288002572000,236288.001800000,-0.111985460,-0.108655900,-0.083385572,0.912723974,-0.118037941,0.046844186,-0.388339560,stable
236288018887300,236288.017800000,-0.111985289,-0.108655915,-0.083385780,0.912724059,-0.118037549,0.046843391,-0.388339576,stable
236288033269100,236288.032800000,-0.111985266,-0.108656645,-0.083384857,0.912722323,-0.118043211,0.046837574,-0.388342637,stable
236288048540550,236288.047800000,-0.111985937,-0.108655713,-0.083385177,0.912721037,-0.118042074,0.046837684,-0.388345991,stable
236288064265100,236288.063900000,-0.111987196,-0.108654290,-0.083385333,0.912719671,-0.118040011,0.046841328,-0.388349390,stable
236288079505650,236288.078900000,-0.111987263,-0.108654343,-0.083385177,0.912718232,-0.118042394,0.046836939,-0.388352576,stable
236288095911350,236288.094900000,-0.111986265,-0.108655468,-0.083385058,0.912717083,-0.118047100,0.046826783,-0.388355072,stable
236288110579800,236288.109900000,-0.111986063,-0.108656086,-0.083384506,0.912716150,-0.118050821,0.046822403,-0.388356660,stable
236288126509050,236288.125900000,-0.111986257,-0.108654588,-0.083386205,0.912717657,-0.118042359,0.046828629,-0.388354939,stable
236288142533550,236288.141900000,-0.111986399,-0.108654425,-0.083386235,0.912718716,-0.118040383,0.046833054,-0.388352519,stable
236288158273900,236288.157900000,-0.111986637,-0.108654171,-0.083386235,0.912717295,-0.118041681,0.046830004,-0.388355831,stable
236288174286400,236288.173900000,-0.111987635,-0.108653575,-0.083385669,0.912715676,-0.118043222,0.046831009,-0.388359046,stable
236288189923100,236288.188900000,-0.111988232,-0.108653829,-0.083384544,0.912715618,-0.118045576,0.046834600,-0.388358033,stable
236288204577650,236288.203900000,-0.111988366,-0.108653076,-0.083385341,0.912716961,-0.118040611,0.046839869,-0.388355752,stable
236288220268700,236288.219900000,-0.111987762,-0.108653069,-0.083386168,0.912719735,-0.118035563,0.046845087,-0.388350137,stable
236288236233750,236288.235900000,-0.111987546,-0.108653404,-0.083386019,0.912719910,-0.118036427,0.046844215,-0.388349569,stable
236288251608200,236288.250900000,-0.111988291,-0.108652592,-0.083386071,0.912718011,-0.118036853,0.046842789,-0.388354073,stable
236288267325100,236288.266900000,-0.111987315,-0.108654261,-0.083385207,0.912718971,-0.118041115,0.046839757,-0.388350887,stable
236288283269250,236288.282900000,-0.111986354,-0.108654603,-0.083386064,0.912721004,-0.118037949,0.046840190,-0.388347020,stable
236288298701800,236288.297900000,-0.111986555,-0.108654223,-0.083386280,0.912722078,-0.118035163,0.046845103,-0.388344751,stable
236288314355550,236288.313900000,-0.111986332,-0.108653717,-0.083387248,0.912723373,-0.118030654,0.046847836,-0.388342747,stable
236288330350750,236288.329900000,-0.111985639,-0.108654179,-0.083387561,0.912724102,-0.118030409,0.046845814,-0.388341352,stable
236288345775450,236288.344900000,-0.111986086,-0.108652867,-0.083388671,0.912725238,-0.118023771,0.046852501,-0.388339893,stable
236288361323800,236288.360900000,-0.111986481,-0.108651705,-0.083389662,0.912724451,-0.118020395,0.046852422,-0.388342779,stable
236288376792400,236288.375900000,-0.111986428,-0.108651549,-0.083389930,0.912721657,-0.118023510,0.046842905,-0.388349547,stable
236288392315800,236288.391900000,-0.111987017,-0.108651787,-0.083388843,0.912718646,-0.118029861,0.046836745,-0.388355435,stable
236288407801350,236288.406900000,-0.111987554,-0.108651869,-0.083388001,0.912717618,-0.118032691,0.046836897,-0.388356974,stable
236288423360950,236288.422900000,-0.111988552,-0.108651228,-0.083387494,0.912718047,-0.118031188,0.046844627,-0.388355489,stable
236288439413050,236288.438900000,-0.111988552,-0.108650573,-0.083388358,0.912719717,-0.118025890,0.046850115,-0.388352514,stable
236288454848700,236288.453900000,-0.111988321,-0.108650297,-0.083389021,0.912719959,-0.118023909,0.046849378,-0.388352635,stable
236288470709050,236288.469900000,-0.111987777,-0.108650766,-0.083389148,0.912719481,-0.118025592,0.046844337,-0.388353856,stable
236288486684050,236288.485900000,-0.111988544,-0.108650863,-0.083387978,0.912716085,-0.118032238,0.046838157,-0.388360562,stable
236288502290000,236288.501900000,-0.111989617,-0.108650602,-0.083386883,0.912713944,-0.118036106,0.046837982,-0.388364438,stable
236288517674100,236288.516900000,-0.111988746,-0.108650975,-0.083387576,0.912715590,-0.118033763,0.046837847,-0.388361299,stable
236288533958150,236288.532900000,-0.111987583,-0.108653083,-0.083386391,0.912716967,-0.118039099,0.046834900,-0.388356797,stable
236288548803850,236288.547900000,-0.111987300,-0.108654566,-0.083384827,0.912717470,-0.118044541,0.046834731,-0.388353981,stable
236288564357150,236288.563900000,-0.111987107,-0.108655386,-0.083384022,0.912717581,-0.118047669,0.046833847,-0.388352875,stable
236288579584250,236288.578900000,-0.111987777,-0.108654059,-0.083384849,0.912718204,-0.118042144,0.046840230,-0.388352321,stable
236288595231650,236288.594900000,-0.111986846,-0.108653948,-0.083386242,0.912720953,-0.118036058,0.046843248,-0.388347347,stable
236288610580950,236288.609900000,-0.111985944,-0.108655035,-0.083386041,0.912721927,-0.118037834,0.046840687,-0.388344827,stable
236288626615950,236288.625900000,-0.111985385,-0.108656384,-0.083385028,0.912721884,-0.118042895,0.046836869,-0.388343850,stable
236288641608300,236288.640900000,-0.111984879,-0.108657271,-0.083384566,0.912722905,-0.118044453,0.046836989,-0.388340962,stable
236288657337900,236288.656900000,-0.111984469,-0.108656712,-0.083385848,0.912724195,-0.118039339,0.046838634,-0.388339285,stable
236288672259850,236288.671900000,-0.111984834,-0.108656123,-0.083386123,0.912723472,-0.118038400,0.046838563,-0.388341278,stable
236288687372950,236288.686900000,-0.111985795,-0.108654991,-0.083386302,0.912720841,-0.118038838,0.046836134,-0.388347622,stable
236288702541800,236288.701900000,-0.111986853,-0.108653136,-0.083387300,0.912717556,-0.118037131,0.046832117,-0.388356347,stable
236288718256450,236288.717900000,-0.111987360,-0.108652420,-0.083387554,0.912714684,-0.118038866,0.046825950,-0.388363312,stable
236288734936100,236288.733900000,-0.111986883,-0.108654715,-0.083385207,0.912711229,-0.118053007,0.046811624,-0.388368860,stable
236288749646350,236288.748900000,-0.111986920,-0.108655177,-0.083384551,0.912708646,-0.118058742,0.046803341,-0.388374186,stable
236288765689950,236288.764900000,-0.111986749,-0.108655140,-0.083384827,0.912708218,-0.118058845,0.046800826,-0.388375463,stable
236288780562300,236288.779900000,-0.111987174,-0.108654559,-0.083385013,0.912707564,-0.118057958,0.046801478,-0.388377193,stable
236288796574600,236288.795900000,-0.111987725,-0.108653732,-0.083385348,0.912706674,-0.118056543,0.046802089,-0.388379638,stable
236288812250200,236288.811900000,-0.111987025,-0.108655147,-0.083384439,0.912706389,-0.118061946,0.046796696,-0.388379316,stable
236288828244100,236288.827900000,-0.111986533,-0.108655639,-0.083384454,0.912708067,-0.118060904,0.046798976,-0.388375416,stable
236288843640750,236288.842900000,-0.111984946,-0.108657263,-0.083384484,0.912712102,-0.118059479,0.046802101,-0.388365990,stable
236288859246200,236288.858900000,-0.111983500,-0.108658560,-0.083384730,0.912718069,-0.118054265,0.046812361,-0.388352314,stable
236288874673000,236288.873900000,-0.111985445,-0.108656436,-0.083384894,0.912715270,-0.118052365,0.046815605,-0.388359080,stable
236288890251350,236288.890000000,-0.111988164,-0.108654596,-0.083383635,0.912708697,-0.118058480,0.046811451,-0.388373169,stable
236288905745700,236288.905000000,-0.111990213,-0.108652510,-0.083383605,0.912706503,-0.118056134,0.046817308,-0.388378330,stable
236288921264500,236288.921000000,-0.111990638,-0.108651593,-0.083384223,0.912708353,-0.118050286,0.046826144,-0.388374695,stable
236288937301150,236288.937000000,-0.111988835,-0.108652771,-0.083385110,0.912713580,-0.118044830,0.046831776,-0.388363392,stable
236288952696500,236288.952000000,-0.111986369,-0.108655371,-0.083385035,0.912718712,-0.118044629,0.046832808,-0.388351266,stable
236288968791700,236288.968000000,-0.111985281,-0.108656608,-0.083384886,0.912719968,-0.118046321,0.046829999,-0.388348138,stable
236288984764650,236288.984000000,-0.111986592,-0.108655840,-0.083384126,0.912718011,-0.118048133,0.046831922,-0.388351957,stable
236289000295300,236289.000000000,-0.111988910,-0.108652785,-0.083384998,0.912713232,-0.118045509,0.046831113,-0.388364082,stable
236289015843650,236289.015000000,-0.111990154,-0.108650915,-0.083385766,0.912711786,-0.118041528,0.046834283,-0.388368308,stable
236289031820200,236289.031000000,-0.111990318,-0.108651467,-0.083384819,0.912709489,-0.118047500,0.046827853,-0.388372666,stable
236289047352500,236289.047000000,-0.111988954,-0.108652525,-0.083385266,0.912710844,-0.118047736,0.046823625,-0.388369922,stable
236289062769300,236289.062000000,-0.111987062,-0.108654119,-0.083385736,0.912714140,-0.118046673,0.046822311,-0.388362657,stable
236289078341400,236289.078000000,-0.111986913,-0.108653814,-0.083386324,0.912716088,-0.118042327,0.046827727,-0.388358745,stable
236289093798650,236289.093000000,-0.111986525,-0.108653069,-0.083387822,0.912717555,-0.118036185,0.046830039,-0.388356888,stable
236289109332450,236289.109000000,-0.111988150,-0.108651794,-0.083387308,0.912715596,-0.118036297,0.046834029,-0.388360974,stable
236289125342100,236289.125000000,-0.111989737,-0.108648822,-0.083389051,0.912712407,-0.118030438,0.046833740,-0.388370285,stable
236289140340500,236289.140000000,-0.111991405,-0.108647853,-0.083388075,0.912707744,-0.118035778,0.046829150,-0.388380174,stable
236289155863000,236289.155000000,-0.111991584,-0.108647451,-0.083388358,0.912705976,-0.118036771,0.046824461,-0.388384593,stable
236289171408000,236289.171000000,-0.111992367,-0.108647034,-0.083387852,0.912705400,-0.118037236,0.046827495,-0.388385440,stable
236289187430650,236289.187000000,-0.111992516,-0.108645231,-0.083389997,0.912705352,-0.118029474,0.046828419,-0.388387800,stable
236289202908850,236289.202000000,-0.111993589,-0.108644031,-0.083390117,0.912704528,-0.118027314,0.046832577,-0.388389890,stable
236289218426900,236289.218000000,-0.111994244,-0.108643852,-0.083389476,0.912703025,-0.118029876,0.046831749,-0.388392745,stable
236289234383800,236289.234000000,-0.111993238,-0.108644769,-0.083389625,0.912704583,-0.118029884,0.046830498,-0.388389232,stable
236289249863850,236289.249000000,-0.111992560,-0.108644716,-0.083390601,0.912705451,-0.118027147,0.046829006,-0.388388204,stable
236289264967900,236289.264000000,-0.111992195,-0.108644813,-0.083390966,0.912705390,-0.118026945,0.046826506,-0.388388710,stable
236289280932500,236289.280000000,-0.111993179,-0.108643442,-0.083391428,0.912702181,-0.118027148,0.046822227,-0.388396705,stable
236289296486150,236289.296000000,-0.111994617,-0.108643696,-0.083389178,0.912698458,-0.118036197,0.046819211,-0.388403067,stable
236289312929900,236289.312000000,-0.111995444,-0.108644329,-0.083387233,0.912697000,-0.118042705,0.046819713,-0.388404456,stable
236289327919400,236289.327000000,-0.111991480,-0.108647540,-0.083388381,0.912705159,-0.118038122,0.046821101,-0.388386507,stable
236289342952400,236289.342000000,-0.111988239,-0.108651884,-0.083387077,0.912711850,-0.118042073,0.046822261,-0.388369442,stable
236289358461800,236289.358000000,-0.111985877,-0.108655624,-0.083385363,0.912712781,-0.118053030,0.046810227,-0.388365375,stable
236289374366200,236289.374000000,-0.111985840,-0.108655952,-0.083384991,0.912710868,-0.118057060,0.046803756,-0.388369425,stable
236289390332050,236289.390000000,-0.111989766,-0.108650312,-0.083387062,0.912702087,-0.118051499,0.046800145,-0.388392186,stable
236289405801650,236289.404800000,-0.111997038,-0.108642563,-0.083387397,0.912687107,-0.118051587,0.046797386,-0.388427693,stable
236289421371000,236289.420900000,-0.112000875,-0.108638935,-0.083386973,0.912678132,-0.118055121,0.046792654,-0.388448277,stable
236289437420850,236289.436900000,-0.112000853,-0.108640596,-0.083384834,0.912679143,-0.118061133,0.046795880,-0.388443686,stable
236289452899700,236289.451900000,-0.111998715,-0.108643748,-0.083383612,0.912686655,-0.118060739,0.046806687,-0.388424852,stable
236289468874150,236289.467900000,-0.111993998,-0.108647838,-0.083384603,0.912699157,-0.118052668,0.046817515,-0.388396623,stable
236289484917700,236289.483900000,-0.111990362,-0.108651355,-0.083384916,0.912706556,-0.118051127,0.046818551,-0.388379579,stable
236289500413300,236289.499900000,-0.111992098,-0.108648643,-0.083386116,0.912703489,-0.118046571,0.046819528,-0.388388053,stable
236289515607700,236289.514900000,-0.111994863,-0.108645685,-0.083386257,0.912696558,-0.118048245,0.046814513,-0.388404436,stable
236289533896600,236289.533900000,-0.111995347,-0.108645014,-0.083386473,0.912693383,-0.118050575,0.046807253,-0.388412064,stable
236289547365000,236289.546900000,-0.111995831,-0.108645007,-0.083385833,0.912692656,-0.118052496,0.046807982,-0.388413101,stable
236289562895250,236289.561900000,-0.111995041,-0.108646423,-0.083385043,0.912696214,-0.118052382,0.046814653,-0.388403970,stable
236289578441350,236289.577900000,-0.111992672,-0.108648591,-0.083385400,0.912702068,-0.118049433,0.046818659,-0.388390628,stable
236289593913000,236289.592900000,-0.111991689,-0.108648300,-0.083387107,0.912705608,-0.118041330,0.046823890,-0.388384141,stable
236289609449900,236289.608900000,-0.111993000,-0.108648002,-0.083385736,0.912702124,-0.118047346,0.046820864,-0.388390865,stable
236289625428350,236289.624900000,-0.111993536,-0.108646631,-0.083386801,0.912699330,-0.118046111,0.046815116,-0.388398498,stable
236289641435550,236289.640900000,-0.111994088,-0.108646855,-0.083385773,0.912697217,-0.118051084,0.046811772,-0.388402356,stable
236289657944500,236289.656900000,-0.111993395,-0.108645424,-0.083388567,0.912699466,-0.118040189,0.046814741,-0.388400025,stable
236289672027950,236289.670900000,-0.111991093,-0.108647928,-0.083388403,0.912702638,-0.118042575,0.046810346,-0.388392375,stable
236289687540750,236289.686900000,-0.111988999,-0.108650111,-0.083388358,0.912703327,-0.118047385,0.046799235,-0.388390632,stable
236289702760100,236289.701900000,-0.111989707,-0.108650960,-0.083386302,0.912700602,-0.118056365,0.046794799,-0.388394841,stable
236289718287350,236289.717900000,-0.111990131,-0.108649090,-0.083388165,0.912699148,-0.118050797,0.046792779,-0.388400195,stable
236289734295000,236289.733900000,-0.111992113,-0.108648024,-0.083386905,0.912697361,-0.118052302,0.046799574,-0.388403116,stable
236289749779950,236289.748900000,-0.111992732,-0.108646289,-0.083388329,0.912695917,-0.118047703,0.046798836,-0.388407998,stable
236289765341700,236289.764900000,-0.111992702,-0.108647190,-0.083387196,0.912695476,-0.118052312,0.046797150,-0.388407835,stable
236289780461550,236289.779900000,-0.111992314,-0.108648129,-0.083386496,0.912696125,-0.118054889,0.046796822,-0.388405567,stable
236289796469450,236289.795900000,-0.111991175,-0.108648919,-0.083386995,0.912698372,-0.118053114,0.046796873,-0.388400820,stable
236289811916200,236289.810900000,-0.111990690,-0.108648963,-0.083387576,0.912700362,-0.118049637,0.046800376,-0.388396777,stable
236289827891450,236289.826900000,-0.111991093,-0.108648270,-0.083387941,0.912700346,-0.118047348,0.046802823,-0.388397217,stable
236289842915800,236289.841900000,-0.111992031,-0.108647861,-0.083387218,0.912699535,-0.118048409,0.046806236,-0.388398389,stable
236289858441000,236289.857900000,-0.111991897,-0.108648285,-0.083386838,0.912699508,-0.118050126,0.046805233,-0.388398050,stable
236289874462900,236289.873900000,-0.111992136,-0.108647637,-0.083387367,0.912699486,-0.118047687,0.046806699,-0.388398667,stable
236289889443800,236289.888900000,-0.111992367,-0.108646967,-0.083387934,0.912698085,-0.118047058,0.046803594,-0.388402524,stable
236289905464700,236289.904900000,-0.111993581,-0.108646043,-0.083387509,0.912696460,-0.118047518,0.046805981,-0.388405915,stable
236289921010550,236289.919900000,-0.111994632,-0.108644679,-0.083387874,0.912695071,-0.118045333,0.046808263,-0.388409568,stable
236289936952800,236289.936900000,-0.111995600,-0.108641915,-0.083390184,0.912692693,-0.118038069,0.046806610,-0.388417563,stable
236289952506800,236289.951900000,-0.112000823,-0.108638033,-0.083388217,0.912683206,-0.118043901,0.046809049,-0.388437789,stable
236289967557200,236289.966900000,-0.112003624,-0.108634897,-0.083388545,0.912674173,-0.118047772,0.046797270,-0.388459254,stable
236289983506950,236289.982900000,-0.112004280,-0.108633891,-0.083388962,0.912672541,-0.118046815,0.046796197,-0.388463511,stable
236289999899500,236289.998900000,-0.112005018,-0.108633846,-0.083388031,0.912674397,-0.118045483,0.046806907,-0.388458264,stable
236290014616200,236290.013900000,-0.112001024,-0.108637393,-0.083388783,0.912682755,-0.118042057,0.046808753,-0.388439444,stable
236290030940800,236290.029900000,-0.111995935,-0.108642735,-0.083388649,0.912690590,-0.118045353,0.046801907,-0.388420859,stable
236290046263350,236290.045900000,-0.111995876,-0.108643144,-0.083388202,0.912688555,-0.118049875,0.046794840,-0.388425117,stable
236290061652700,236290.060900000,-0.111997508,-0.108640857,-0.083388999,0.912685848,-0.118046511,0.046796351,-0.388432318,stable
236290077266100,236290.076900000,-0.112000398,-0.108637027,-0.083390094,0.912684381,-0.118036955,0.046810140,-0.388437007,stable
236290093256600,236290.092900000,-0.112000234,-0.108636357,-0.083391197,0.912684121,-0.118033987,0.046808186,-0.388438756,stable
236290108648300,236290.107900000,-0.111997724,-0.108638756,-0.083391435,0.912686163,-0.118037089,0.046798826,-0.388434144,stable
236290124296200,236290.123900000,-0.111992761,-0.108644910,-0.083390079,0.912690560,-0.118049008,0.046781491,-0.388422277,stable
236290139290600,236290.138900000,-0.111991286,-0.108647928,-0.083388135,0.912691670,-0.118058162,0.046775700,-0.388417584,stable
236290154774350,236290.153900000,-0.111989744,-0.108649857,-0.083387695,0.912693710,-0.118060987,0.046772487,-0.388412319,stable
236290169746000,236290.168900000,-0.111992016,-0.108647846,-0.083387256,0.912691876,-0.118058918,0.046781018,-0.388416229,stable
236290185769400,236290.184900000,-0.111993171,-0.108645767,-0.083388425,0.912689786,-0.118054708,0.046781494,-0.388422362,stable
236290201335900,236290.200900000,-0.111994997,-0.108644404,-0.083387740,0.912686363,-0.118056865,0.046782052,-0.388429683,stable
236290216808800,236290.215900000,-0.111993395,-0.108644843,-0.083389319,0.912687841,-0.118053690,0.046776635,-0.388427829,stable
236290231749000,236290.230900000,-0.111994334,-0.108644694,-0.083388261,0.912686987,-0.118056004,0.046779834,-0.388428745,stable
236290247308300,236290.246900000,-0.111992940,-0.108646393,-0.083387904,0.912689861,-0.118056989,0.046780389,-0.388421628,stable
236290262754650,236290.261900000,-0.111991614,-0.108647905,-0.083387733,0.912692710,-0.118057234,0.046781130,-0.388414768,stable
236290278369800,236290.277900000,-0.111992083,-0.108647205,-0.083388001,0.912692079,-0.118055888,0.046782159,-0.388416537,stable
236290293777250,236290.292900000,-0.111991815,-0.108646363,-0.083389454,0.912690650,-0.118053586,0.046775741,-0.388421366,stable
236290309339800,236290.308900000,-0.111993529,-0.108645223,-0.083388641,0.912688393,-0.118054899,0.046779321,-0.388425839,stable
236290325352450,236290.324900000,-0.111994416,-0.108643711,-0.083389431,0.912686398,-0.118052585,0.046778418,-0.388431341,stable
236290341366650,236290.340900000,-0.111994907,-0.108642906,-0.083389819,0.912686255,-0.118050109,0.046781132,-0.388432101,stable
236290356849150,236290.355900000,-0.111994870,-0.108643964,-0.083388478,0.912686234,-0.118054845,0.046780803,-0.388430751,stable
236290372346700,236290.371900000,-0.111994527,-0.108644828,-0.083387829,0.912686134,-0.118058170,0.046778216,-0.388430287,stable
236290388341100,236290.387900000,-0.111994229,-0.108644843,-0.083388194,0.912689137,-0.118053524,0.046786215,-0.388423680,stable
236290404366400,236290.403900000,-0.111992732,-0.108645380,-0.083389506,0.912692077,-0.118048937,0.046786380,-0.388418145,stable
236290419915200,236290.418900000,-0.111993574,-0.108643420,-0.083390936,0.912692708,-0.118040879,0.046793751,-0.388418224,stable
236290434945250,236290.434100000,-0.111993462,-0.108643726,-0.083390690,0.912692223,-0.118042749,0.046791352,-0.388419085,stable
236290450449250,236290.450100000,-0.111993141,-0.108643875,-0.083390921,0.912692304,-0.118042677,0.046789617,-0.388419124,stable
236290465980900,236290.465100000,-0.111992978,-0.108643837,-0.083391190,0.912691459,-0.118043361,0.046785854,-0.388421355,stable
236290481971550,236290.481100000,-0.111992739,-0.108644180,-0.083391063,0.912693606,-0.118041439,0.046791371,-0.388416229,stable
236290496681800,236290.496100000,-0.111993752,-0.108642727,-0.083391592,0.912693205,-0.118037485,0.046796505,-0.388417756,stable
236290512269300,236290.512100000,-0.111993991,-0.108641617,-0.083392724,0.912692447,-0.118033978,0.046795586,-0.388420714,stable
236290530611800,236290.530100000,-0.111994192,-0.108641557,-0.083392538,0.912690230,-0.118037150,0.046789558,-0.388425686,stable
236290543969400,236290.543100000,-0.111994490,-0.108642019,-0.083391517,0.912689140,-0.118041350,0.046787914,-0.388427168,stable
236290558633600,236290.558100000,-0.111995563,-0.108641587,-0.083390646,0.912687356,-0.118043943,0.046788931,-0.388430449,stable
236290574660500,236290.574100000,-0.111994185,-0.108642578,-0.083391212,0.912689271,-0.118043058,0.046786436,-0.388426518,stable
236290590634300,236290.590100000,-0.111993663,-0.108643472,-0.083390735,0.912689342,-0.118046002,0.046783281,-0.388425837,stable
236290606303600,236290.606100000,-0.111993074,-0.108643509,-0.083391488,0.912690859,-0.118042892,0.046784485,-0.388423073,stable
236290621757350,236290.621100000,-0.111992858,-0.108643360,-0.083391972,0.912691887,-0.118040404,0.046786420,-0.388421180,stable
236290637749650,236290.637100000,-0.111994557,-0.108642235,-0.083391160,0.912690357,-0.118040727,0.046792360,-0.388423961,stable
236290653309950,236290.653100000,-0.111995406,-0.108642064,-0.083390243,0.912687858,-0.118045079,0.046789584,-0.388428846,stable
236290669105200,236290.668100000,-0.111996792,-0.108641788,-0.083388731,0.912684986,-0.118050532,0.046789040,-0.388434001,stable
236290685776100,236290.685100000,-0.111996181,-0.108643577,-0.083387226,0.912685485,-0.118056666,0.046786740,-0.388431243,stable
236290700930350,236290.700100000,-0.111994505,-0.108645722,-0.083386675,0.912688134,-0.118059419,0.046784670,-0.388424430,stable
236290716506900,236290.716100000,-0.111992486,-0.108646818,-0.083387971,0.912691757,-0.118055379,0.046783663,-0.388417267,stable
236290732445650,236290.732100000,-0.111993119,-0.108646788,-0.083387151,0.912692372,-0.118055620,0.046789751,-0.388415015,stable
236290747938300,236290.747100000,-0.111993499,-0.108646832,-0.083386593,0.912690745,-0.118058821,0.046786755,-0.388418226,stable
236290763532150,236290.763100000,-0.111995429,-0.108644560,-0.083386958,0.912686480,-0.118058251,0.046785203,-0.388428608,stable
236290778990000,236290.778200000,-0.111996926,-0.108643398,-0.083386451,0.912683279,-0.118060391,0.046784269,-0.388435590,stable
236290795950450,236290.795200000,-0.111997820,-0.108642615,-0.083386272,0.912682108,-0.118060215,0.046786174,-0.388438166,stable
236290810491100,236290.810200000,-0.111997806,-0.108643286,-0.083385423,0.912681740,-0.118063723,0.046784777,-0.388438132,stable
236290826463900,236290.826200000,-0.111996412,-0.108644135,-0.083386190,0.912684112,-0.118061524,0.046783744,-0.388433354,stable
236290841468450,236290.841200000,-0.111996181,-0.108645402,-0.083384849,0.912684227,-0.118066605,0.046782573,-0.388431679,stable
236290857969350,236290.857200000,-0.111995518,-0.108645946,-0.083385035,0.912686044,-0.118065259,0.046784245,-0.388427617,stable
236290873978600,236290.873200000,-0.111996293,-0.108644664,-0.083385669,0.912687254,-0.118059324,0.046793171,-0.388425504,stable
236290890055500,236290.889200000,-0.111996673,-0.108644061,-0.083385937,0.912687472,-0.118057063,0.046796378,-0.388425291,stable
236290904212300,236290.904200000,-0.111997075,-0.108644366,-0.083385006,0.912686196,-0.118060957,0.046794719,-0.388427307,stable
236290919589750,236290.919200000,-0.111997768,-0.108643599,-0.083385065,0.912685194,-0.118060265,0.046795908,-0.388429727,stable
236290934666700,236290.934200000,-0.111997902,-0.108643062,-0.083385594,0.912685587,-0.118057558,0.046797973,-0.388429379,stable
236290950280900,236290.950000000,-0.111998089,-0.108643472,-0.083384812,0.912685116,-0.118060405,0.046797654,-0.388429659,stable
236290965688050,236290.965000000,-0.111999035,-0.108643286,-0.083383776,0.912682027,-0.118065688,0.046793557,-0.388435803,stable
236290981321050,236290.981000000,-0.112000808,-0.108642235,-0.083382763,0.912677575,-0.118070578,0.046790313,-0.388445169,stable
236290996636450,236290.996000000,-0.112001635,-0.108639784,-0.083384849,0.912675974,-0.118063382,0.046790433,-0.388451103,stable
236291012267100,236291.012000000,-0.112001047,-0.108638674,-0.083387084,0.912677174,-0.118055575,0.046790657,-0.388450629,stable
236291028286500,236291.028000000,-0.111999922,-0.108639598,-0.083387390,0.912679137,-0.118054829,0.046789904,-0.388446336,stable
236291043665200,236291.043000000,-0.111998260,-0.108641364,-0.083387315,0.912682112,-0.118055455,0.046788950,-0.388439270,stable
236291059284800,236291.059000000,-0.111998044,-0.108641602,-0.083387300,0.912683095,-0.118054721,0.046790774,-0.388436963,stable
236291074694750,236291.074000000,-0.111996241,-0.108643048,-0.083387829,0.912686100,-0.118053561,0.046789192,-0.388430447,stable
236291089700650,236291.089000000,-0.111996591,-0.108643755,-0.083386436,0.912684302,-0.118059930,0.046785451,-0.388433184,stable
236291105319700,236291.105000000,-0.111997120,-0.108642556,-0.083387300,0.912682989,-0.118057345,0.046784526,-0.388437168,stable
236291120795100,236291.120000000,-0.111998424,-0.108640656,-0.083388016,0.912681382,-0.118053605,0.046787604,-0.388441708,stable
236291136715800,236291.136000000,-0.111999847,-0.108639650,-0.083387427,0.912678938,-0.118055184,0.046788737,-0.388446834,stable
236291151885900,236291.151000000,-0.111999631,-0.108639814,-0.083387502,0.912679753,-0.118054400,0.046789980,-0.388445008,stable
236291167747800,236291.167000000,-0.111997776,-0.108641699,-0.083387531,0.912683681,-0.118053840,0.046791037,-0.388435822,stable
236291182833000,236291.182000000,-0.111998178,-0.108641997,-0.083386607,0.912685175,-0.118053863,0.046798476,-0.388431408,stable
236291198344800,236291.198000000,-0.111998111,-0.108642682,-0.083385803,0.912686286,-0.118055291,0.046801694,-0.388427976,stable
236291213766100,236291.213000000,-0.111998610,-0.108642146,-0.083385818,0.912685046,-0.118055598,0.046800816,-0.388430902,stable
236291229749100,236291.229000000,-0.111999147,-0.108641461,-0.083385997,0.912684105,-0.118054840,0.046801249,-0.388433292,stable
236291245299700,236291.245000000,-0.111999087,-0.108640999,-0.083386682,0.912684085,-0.118052669,0.046800759,-0.388434058,stable
236291260704600,236291.260000000,-0.111999027,-0.108641721,-0.083385818,0.912683690,-0.118056359,0.046799048,-0.388434071,stable
236291276303400,236291.276000000,-0.111999050,-0.108641841,-0.083385639,0.912683433,-0.118057281,0.046798361,-0.388434477,stable
236291292298450,236291.292000000,-0.112000093,-0.108640715,-0.083385698,0.912683295,-0.118054455,0.046804551,-0.388434915,stable
236291307303750,236291.307000000,-0.112001717,-0.108638383,-0.083386563,0.912681995,-0.118048921,0.046810676,-0.388438914,stable
236291323364100,236291.323000000,-0.112002514,-0.108637556,-0.083386563,0.912681555,-0.118047376,0.046814318,-0.388439977,stable
236291339386200,236291.339000000,-0.112003550,-0.108636782,-0.083386183,0.912680294,-0.118047650,0.046816812,-0.388442557,stable
236291354813650,236291.354000000,-0.112003110,-0.108636402,-0.083387263,0.912680462,-0.118044847,0.046814667,-0.388443272,stable
236291370908100,236291.370000000,-0.112005614,-0.108634837,-0.083385944,0.912675191,-0.118049985,0.046813302,-0.388454258,stable
236291385975650,236291.385000000,-0.112006232,-0.108634561,-0.083385475,0.912673634,-0.118052100,0.046812154,-0.388457414,stable
236291401887050,236291.401000000,-0.112006634,-0.108634122,-0.083385505,0.912672860,-0.118051951,0.046812284,-0.388459262,stable
236291417490350,236291.417000000,-0.112006217,-0.108633474,-0.083386913,0.912674484,-0.118045963,0.046814960,-0.388456944,stable
236291432445650,236291.432000000,-0.112006925,-0.108632572,-0.083387144,0.912674116,-0.118043801,0.046818208,-0.388458072,stable
236291447996050,236291.447000000,-0.112008624,-0.108630888,-0.083387047,0.912671143,-0.118043660,0.046819389,-0.388464959,stable
236291463436250,236291.463000000,-0.112011619,-0.108627349,-0.083387636,0.912665604,-0.118041254,0.046820392,-0.388478581,stable
236291478922200,236291.478000000,-0.112013832,-0.108624630,-0.083388202,0.912661185,-0.118039480,0.046820052,-0.388489544,stable
236291494462800,236291.494000000,-0.112014376,-0.108622946,-0.083389670,0.912659879,-0.118034742,0.046819333,-0.388494137,stable
236291509928150,236291.509000000,-0.112011515,-0.108626366,-0.083389059,0.912663713,-0.118039259,0.046813527,-0.388484459,stable
236291526489150,236291.526000000,-0.112006098,-0.108632028,-0.083388947,0.912672680,-0.118041803,0.046808228,-0.388463255,stable
236291541319250,236291.541000000,-0.112006962,-0.108632900,-0.083386652,0.912673290,-0.118046514,0.046815835,-0.388459476,stable
236291557951250,236291.557000000,-0.112005308,-0.108633682,-0.083387852,0.912678512,-0.118039597,0.046822342,-0.388448524,stable
236291572417800,236291.572000000,-0.112007052,-0.108632244,-0.083387382,0.912675802,-0.118040301,0.046824538,-0.388454413,stable
236291588436550,236291.588000000,-0.112010047,-0.108630262,-0.083385952,0.912670188,-0.118044949,0.046825361,-0.388466091,stable
236291603932350,236291.603000000,-0.112011231,-0.108628877,-0.083386160,0.912669367,-0.118042164,0.046830271,-0.388468273,stable
236291619494850,236291.619000000,-0.112010129,-0.108629704,-0.083386563,0.912673142,-0.118038516,0.046835551,-0.388459877,stable
236291635455900,236291.635000000,-0.112010106,-0.108631074,-0.083384812,0.912676374,-0.118040164,0.046845935,-0.388450529,stable
236291651003200,236291.650000000,-0.112007566,-0.108634159,-0.083384201,0.912681775,-0.118041607,0.046847427,-0.388437223,stable
236291667035900,236291.666000000,-0.112003863,-0.108637124,-0.083385319,0.912687203,-0.118040206,0.046841560,-0.388425602,stable
236291682841350,236291.682000000,-0.112004183,-0.108637385,-0.083384544,0.912686542,-0.118042933,0.046841399,-0.388426345,stable
236291698000750,236291.697000000,-0.112008080,-0.108633764,-0.083384037,0.912679284,-0.118044246,0.046842511,-0.388442865,stable
236291713291650,236291.713000000,-0.112011753,-0.108629823,-0.083384231,0.912672280,-0.118043378,0.046843168,-0.388459507,stable
236291729361350,236291.729000000,-0.112011917,-0.108629301,-0.083384693,0.912670631,-0.118043656,0.046838717,-0.388463833,stable
236291744684750,236291.744000000,-0.112011671,-0.108629942,-0.083384186,0.912670013,-0.118046901,0.046835207,-0.388464722,stable
236291760316600,236291.760000000,-0.112012692,-0.108629413,-0.083383508,0.912666549,-0.118051334,0.046830248,-0.388472110,stable
236291775738150,236291.775000000,-0.112014629,-0.108626746,-0.083384387,0.912662686,-0.118048414,0.046830040,-0.388482099,stable
236291791313000,236291.791000000,-0.112018056,-0.108622625,-0.083385140,0.912655526,-0.118046469,0.046828635,-0.388499679,stable
236291807346200,236291.807000000,-0.112018816,-0.108620681,-0.083386652,0.912653270,-0.118042365,0.046826047,-0.388506537,stable
236291822389150,236291.822000000,-0.112018943,-0.108620770,-0.083386362,0.912653797,-0.118042297,0.046828594,-0.388505013,stable
236291838328800,236291.838000000,-0.112018719,-0.108621769,-0.083385363,0.912652136,-0.118048608,0.046821800,-0.388507818,stable
236291853772900,236291.853000000,-0.112019472,-0.108622119,-0.083383910,0.912647856,-0.118057566,0.046812401,-0.388516282,stable
236291869466250,236291.869000000,-0.112018734,-0.108622573,-0.083384298,0.912647708,-0.118058396,0.046807308,-0.388516990,stable
236291885510100,236291.885000000,-0.112022117,-0.108620346,-0.083382659,0.912644319,-0.118059649,0.046817757,-0.388523312,stable
236291901455800,236291.901000000,-0.112023361,-0.108618319,-0.083383635,0.912643665,-0.118053830,0.046823647,-0.388525905,stable
236291916958050,236291.916000000,-0.112021200,-0.108619682,-0.083384752,0.912648033,-0.118049742,0.046824185,-0.388516823,stable
236291932994850,236291.933000000,-0.112018004,-0.108624607,-0.083382636,0.912654959,-0.118056077,0.046826278,-0.388498376,stable
236291948397600,236291.948000000,-0.112013914,-0.108628795,-0.083382666,0.912661857,-0.118057393,0.046822791,-0.388482191,stable
236291964028900,236291.963100000,-0.112010740,-0.108632199,-0.083382495,0.912666713,-0.118059796,0.046818375,-0.388470584,stable
236291979491150,236291.979100000,-0.112010658,-0.108631074,-0.083384074,0.912666484,-0.118054909,0.046817090,-0.388472763,stable
236291994942100,236291.994100000,-0.112014085,-0.108625874,-0.083386250,0.912660929,-0.118045863,0.046820882,-0.388488106,stable
236292010509050,236292.010100000,-0.112017319,-0.108621739,-0.083387293,0.912655206,-0.118041512,0.046822795,-0.388502641,stable
236292026510100,236292.026100000,-0.112019219,-0.108619325,-0.083387882,0.912651760,-0.118039144,0.046823617,-0.388511357,stable
236292041491950,236292.041100000,-0.112015970,-0.108621247,-0.083389737,0.912657875,-0.118033017,0.046822910,-0.388498940,stable
236292057982050,236292.057100000,-0.112011187,-0.108625442,-0.083390698,0.912667112,-0.118029768,0.046822609,-0.388478261,stable
236292072579500,236292.072100000,-0.112008549,-0.108628817,-0.083389848,0.912670014,-0.118035785,0.046815232,-0.388470504,stable
236292088593250,236292.088100000,-0.112009190,-0.108628541,-0.083389342,0.912667159,-0.118039750,0.046809935,-0.388476646,stable
236292104996850,236292.104100000,-0.112010255,-0.108626716,-0.083390303,0.912665971,-0.118035228,0.046812855,-0.388480458,stable
236292119525450,236292.119100000,-0.112012535,-0.108623572,-0.083391324,0.912664643,-0.118027403,0.046823133,-0.388484717,stable
236292135584050,236292.135100000,-0.112013131,-0.108621463,-0.083393283,0.912664333,-0.118019474,0.046825975,-0.388487513,stable
236292151252300,236292.151200000,-0.112013467,-0.108621962,-0.083392166,0.912661604,-0.118026203,0.046819132,-0.388492704,stable
236292166299650,236292.166200000,-0.112014532,-0.108620964,-0.083392031,0.912658257,-0.118028415,0.046815034,-0.388500389,stable
236292181791500,236292.181200000,-0.112013951,-0.108622953,-0.083390228,0.912659778,-0.118034119,0.046816178,-0.388494944,stable
236292197276000,236292.197200000,-0.112010702,-0.108625747,-0.083390951,0.912668614,-0.118028145,0.046824313,-0.388475022,stable
236292212545000,236292.212200000,-0.112008691,-0.108629026,-0.083389387,0.912673647,-0.118031948,0.046828036,-0.388461592,stable
236292227539800,236292.227200000,-0.112008892,-0.108629078,-0.083389051,0.912671921,-0.118034973,0.046823625,-0.388465259,stable
236292245019700,236292.244200000,-0.112013146,-0.108624421,-0.083389394,0.912664044,-0.118033236,0.046825070,-0.388484120,stable
236292259535500,236292.259200000,-0.112020016,-0.108615108,-0.083392307,0.912651374,-0.118022264,0.046827542,-0.388516918,stable
236292275100150,236292.274200000,-0.112030126,-0.108607523,-0.083388604,0.912632501,-0.118033943,0.046830388,-0.388557360,stable
236292291984550,236292.291200000,-0.112035453,-0.108599238,-0.083392233,0.912620595,-0.118023566,0.046825558,-0.388589055,stable
236292306304800,236292.306200000,-0.112039424,-0.108596072,-0.083391026,0.912615674,-0.118023830,0.046834924,-0.388599403,stable
236292321686250,236292.321200000,-0.112033948,-0.108600944,-0.083392039,0.912626019,-0.118020764,0.046833754,-0.388576180,stable
236292337598850,236292.337200000,-0.112028338,-0.108610392,-0.083387263,0.912637253,-0.118036802,0.046834470,-0.388544836,stable
236292353262400,236292.353200000,-0.112019613,-0.108617239,-0.083390072,0.912652071,-0.118030078,0.046827257,-0.388512942,stable
236292369985450,236292.369200000,-0.112016983,-0.108621486,-0.083388068,0.912656397,-0.118038077,0.046824569,-0.388500673,stable
236292385993050,236292.385200000,-0.112018913,-0.108618453,-0.083389424,0.912651702,-0.118034703,0.046821605,-0.388513086,stable
236292400006050,236292.399200000,-0.112025939,-0.108612061,-0.083388314,0.912639033,-0.118037165,0.046825067,-0.388541678,stable
236292415567750,236292.415200000,-0.112030007,-0.108606584,-0.083389990,0.912631057,-0.118031490,0.046824952,-0.388562152,stable
236292431566700,236292.431200000,-0.112032317,-0.108605377,-0.083388455,0.912627145,-0.118035985,0.046826880,-0.388569740,stable
236292447981450,236292.447200000,-0.112029843,-0.108607881,-0.083388515,0.912631338,-0.118036636,0.046824810,-0.388559944,stable
236292462678500,236292.462200000,-0.112025499,-0.108612716,-0.083388045,0.912637049,-0.118041984,0.046815802,-0.388545992,stable
236292478895600,236292.478000000,-0.112023063,-0.108615808,-0.083387308,0.912638936,-0.118048538,0.046806158,-0.388540729,stable
236292494948950,236292.494000000,-0.112024046,-0.108615160,-0.083386824,0.912635814,-0.118051866,0.046802320,-0.388547514,stable
236292509502800,236292.509000000,-0.112028383,-0.108610995,-0.083386421,0.912626751,-0.118054137,0.046800346,-0.388568349,stable
236292524813750,236292.524000000,-0.112034068,-0.108605050,-0.083386526,0.912615648,-0.118053830,0.046800416,-0.388594509,stable
236292539777450,236292.539000000,-0.112036057,-0.108602829,-0.083386749,0.912612827,-0.118051607,0.046803943,-0.388601385,stable
236292555988850,236292.555000000,-0.112034030,-0.108604878,-0.083386801,0.912617006,-0.118051109,0.046804610,-0.388591642,stable
236292570902300,236292.570000000,-0.112032019,-0.108607933,-0.083385520,0.912620657,-0.118055864,0.046803769,-0.388581725,stable
236292584982450,236292.584000000,-0.112028249,-0.108611248,-0.083386280,0.912625829,-0.118056257,0.046796500,-0.388570334,stable
236292600347400,236292.600000000,-0.112026572,-0.108613238,-0.083385922,0.912627411,-0.118059793,0.046791007,-0.388566205,stable
236292615763650,236292.615000000,-0.112028353,-0.108611524,-0.083385773,0.912624874,-0.118059044,0.046794051,-0.388572024,stable
236292630423900,236292.630000000,-0.112030566,-0.108609833,-0.083385006,0.912621809,-0.118059965,0.046798152,-0.388578450,stable
236292645880050,236292.645000000,-0.112032123,-0.108608387,-0.083384790,0.912618131,-0.118061621,0.046796092,-0.388586832,stable
236292661400600,236292.661000000,-0.112034671,-0.108605452,-0.083385192,0.912612811,-0.118060740,0.046794974,-0.388599730,stable
236292676845600,236292.676000000,-0.112034805,-0.108604446,-0.083386324,0.912614508,-0.118054112,0.046801440,-0.388596979,stable
236292693006600,236292.692000000,-0.112033777,-0.108606070,-0.083385579,0.912620202,-0.118051560,0.046813519,-0.388582926,stable
236292708063400,236292.707000000,-0.112029836,-0.108610176,-0.083385535,0.912628893,-0.118050277,0.046816816,-0.388562507,stable
236292723575550,236292.723000000,-0.112026967,-0.108613923,-0.083384499,0.912634812,-0.118053394,0.046817714,-0.388547549,stable
236292739602600,236292.739000000,-0.112027086,-0.108613983,-0.083384275,0.912635202,-0.118053331,0.046819725,-0.388546409,stable
236292755983950,236292.755000000,-0.112027943,-0.108613141,-0.083384223,0.912634277,-0.118052485,0.046822185,-0.388548542,stable
236292770840150,236292.770000000,-0.112027280,-0.108612970,-0.083385326,0.912636915,-0.118046765,0.046826686,-0.388543542,stable
236292787005350,236292.786000000,-0.112025835,-0.108614169,-0.083385706,0.912641286,-0.118043318,0.046831728,-0.388533715,stable
236292801737900,236292.801000000,-0.112026744,-0.108612478,-0.083386689,0.912640768,-0.118038209,0.046835794,-0.388535993,stable
236292817307750,236292.817000000,-0.112031363,-0.108607464,-0.083387025,0.912631100,-0.118038037,0.046833620,-0.388559016,stable
236292833333300,236292.833000000,-0.112035453,-0.108602189,-0.083388388,0.912622664,-0.118033972,0.046832274,-0.388580226,stable
236292848779600,236292.848000000,-0.112034529,-0.108602233,-0.083389565,0.912624986,-0.118029158,0.046834040,-0.388576023,stable
236292864375600,236292.864000000,-0.112031698,-0.108603515,-0.083391711,0.912633148,-0.118018109,0.046842625,-0.388559174,stable
236292879730000,236292.879000000,-0.112028927,-0.108606957,-0.083390959,0.912636844,-0.118023041,0.046836975,-0.388549676,stable
236292894561600,236292.894000000,-0.112024963,-0.108612239,-0.083389394,0.912639661,-0.118035195,0.046820864,-0.388541308,stable
236292911007350,236292.910000000,-0.112027526,-0.108610146,-0.083388686,0.912634035,-0.118038545,0.046818788,-0.388553756,stable
236292926981050,236292.926000000,-0.112033091,-0.108602688,-0.083390914,0.912626666,-0.118026060,0.046830326,-0.388573465,stable
236292943011050,236292.942000000,-0.112036824,-0.108597144,-0.083393119,0.912624398,-0.118011554,0.046846803,-0.388581212,stable
236292957571300,236292.957000000,-0.112034664,-0.108599029,-0.083393559,0.912628667,-0.118009920,0.046847016,-0.388571657,stable
236292974015050,236292.973000000,-0.112029910,-0.108604692,-0.083392583,0.912636333,-0.118015482,0.046841655,-0.388552608,stable
236292989337000,236292.989000000,-0.112027436,-0.108609177,-0.083390057,0.912639941,-0.118025865,0.046837577,-0.388541471,stable
236293004580450,236293.004000000,-0.112027861,-0.108609825,-0.083388649,0.912638770,-0.118031194,0.046836443,-0.388542740,stable
236293020869150,236293.020000000,-0.112029366,-0.108607754,-0.083389327,0.912636247,-0.118028316,0.046837787,-0.388549378,stable
236293037010100,236293.036000000,-0.112031899,-0.108604051,-0.083390735,0.912631552,-0.118023132,0.046838682,-0.388561871,stable
236293051288600,236293.051000000,-0.112031408,-0.108604655,-0.083390616,0.912632154,-0.118024027,0.046837542,-0.388560324,stable
236293066724850,236293.066000000,-0.112027861,-0.108609609,-0.083388925,0.912638175,-0.118031075,0.046834480,-0.388544410,stable
236293082884450,236293.082000000,-0.112023920,-0.108616054,-0.083385833,0.912645114,-0.118042754,0.046831970,-0.388524865,stable
236293097694300,236293.097000000,-0.112022370,-0.108619705,-0.083383150,0.912647302,-0.118053130,0.046829220,-0.388516905,stable
236293113347700,236293.113000000,-0.112021588,-0.108621106,-0.083382383,0.912647901,-0.118057049,0.046826181,-0.388514672,stable
236293128329450,236293.128000000,-0.112024717,-0.108618170,-0.083382003,0.912641744,-0.118058493,0.046825970,-0.388528722,stable
236293143716300,236293.143000000,-0.112026475,-0.108615696,-0.083382867,0.912639062,-0.118054484,0.046828445,-0.388535943,stable
236293159358900,236293.159000000,-0.112026438,-0.108615063,-0.083383732,0.912638579,-0.118052248,0.046826686,-0.388537967,stable
236293174741150,236293.174000000,-0.112024844,-0.108617514,-0.083382688,0.912640518,-0.118057468,0.046822858,-0.388532288,stable
236293189781000,236293.189000000,-0.112023138,-0.108620353,-0.083381280,0.912642739,-0.118063840,0.046819137,-0.388525584,stable
236293205303450,236293.205000000,-0.112022437,-0.108621933,-0.083380163,0.912643891,-0.118067992,0.046818446,-0.388521698,stable
236293220716700,236293.220000000,-0.112024389,-0.108621217,-0.083378471,0.912639658,-0.118074445,0.046817003,-0.388529854,stable
236293236642300,236293.236000000,-0.112025723,-0.108619034,-0.083379529,0.912637747,-0.118069854,0.046819273,-0.388535465,stable
236293253008350,236293.252000000,-0.112028114,-0.108617067,-0.083378874,0.912635601,-0.118068632,0.046827603,-0.388539875,stable
236293268985900,236293.268000000,-0.112028629,-0.108615898,-0.083379701,0.912635170,-0.118064980,0.046829486,-0.388541768,stable
236293283996550,236293.283000000,-0.112028830,-0.108616948,-0.083378062,0.912634838,-0.118070534,0.046829715,-0.388540834,stable
236293298614450,236293.298000000,-0.112027593,-0.108618662,-0.083377488,0.912636799,-0.118073148,0.046828206,-0.388535616,stable
236293315018800,236293.314000000,-0.112029001,-0.108616829,-0.083377995,0.912635483,-0.118069445,0.046832850,-0.388539271,stable
236293330322150,236293.330000000,-0.112029642,-0.108614989,-0.083379529,0.912635479,-0.118062411,0.046837020,-0.388540917,stable
236293345734200,236293.345000000,-0.112031147,-0.108613849,-0.083378986,0.912632822,-0.118063904,0.046837956,-0.388546590,stable
236293361777300,236293.361000000,-0.112032376,-0.108612388,-0.083379239,0.912628737,-0.118065376,0.046832444,-0.388556402,stable
236293376776800,236293.376000000,-0.112034179,-0.108611085,-0.083378531,0.912624649,-0.118068649,0.046830535,-0.388565239,stable
236293392375900,236293.392000000,-0.112032481,-0.108612768,-0.083378606,0.912628366,-0.118067803,0.046831858,-0.388556606,stable
236293407680850,236293.407000000,-0.112031542,-0.108612381,-0.083380371,0.912632284,-0.118058830,0.046838727,-0.388549302,stable
236293423333300,236293.423000000,-0.112031639,-0.108612016,-0.083380722,0.912633875,-0.118055154,0.046844497,-0.388545986,stable
236293439424550,236293.439000000,-0.112032056,-0.108612195,-0.083379924,0.912632437,-0.118058775,0.046842487,-0.388548507,stable
236293454703200,236293.454000000,-0.112033561,-0.108611383,-0.083378956,0.912630686,-0.118060463,0.046846432,-0.388551631,stable
236293470505400,236293.470000000,-0.112033539,-0.108611532,-0.083378799,0.912632489,-0.118058588,0.046852113,-0.388547281,stable
236293486464650,236293.486100000,-0.112031959,-0.108612746,-0.083379336,0.912637756,-0.118053702,0.046859287,-0.388535528,stable
236293502028300,236293.501100000,-0.112028606,-0.108616896,-0.083378434,0.912643543,-0.118057831,0.046856761,-0.388520986,stable
236293517474500,236293.517200000,-0.112026729,-0.108619742,-0.083377250,0.912645838,-0.118063765,0.046852308,-0.388514328,stable
236293535985350,236293.535200000,-0.112027958,-0.108618796,-0.083376825,0.912645300,-0.118062640,0.046858499,-0.388515187,stable
236293548004350,236293.547200000,-0.112029180,-0.108616740,-0.083377868,0.912645231,-0.118055866,0.046866072,-0.388516494,stable
236293563486750,236293.563200000,-0.112030253,-0.108615063,-0.083378606,0.912644131,-0.118051951,0.046869281,-0.388519880,stable
236293578947200,236293.578200000,-0.112029515,-0.108616441,-0.083377801,0.912644730,-0.118055901,0.046866465,-0.388517612,stable
236293594435300,236293.594200000,-0.112026267,-0.108621337,-0.083375782,0.912646934,-0.118068551,0.046852913,-0.388510225,stable
236293610001000,236293.609200000,-0.112024128,-0.108624861,-0.083374076,0.912648887,-0.118077506,0.046845572,-0.388503803,stable
236293626014450,236293.625200000,-0.112023480,-0.108625293,-0.083374381,0.912650705,-0.118075684,0.046847426,-0.388499861,stable
236293641074350,236293.640200000,-0.112024553,-0.108624704,-0.083373711,0.912647713,-0.118079244,0.046844422,-0.388506169,stable
236293657035100,236293.656200000,-0.112028182,-0.108621597,-0.083372883,0.912639368,-0.118083855,0.046840377,-0.388524860,stable
236293673032400,236293.672200000,-0.112030230,-0.108618669,-0.083373941,0.912634169,-0.118081939,0.046836371,-0.388538137,stable
236293687525200,236293.687200000,-0.112033784,-0.108616069,-0.083372556,0.912628939,-0.118084370,0.046842031,-0.388549000,stable
236293702712900,236293.702200000,-0.112033084,-0.108615585,-0.083374120,0.912629285,-0.118080360,0.046838753,-0.388549800,stable
236293718328150,236293.718200000,-0.112030752,-0.108618446,-0.083373524,0.912632173,-0.118084699,0.046833270,-0.388542361,stable
236293733335650,236293.733200000,-0.112027563,-0.108621664,-0.083373621,0.912635543,-0.118088302,0.046823885,-0.388534481,stable
236293748687350,236293.748200000,-0.112027355,-0.108622648,-0.083372630,0.912633652,-0.118094875,0.046816394,-0.388537826,stable
236293764393350,236293.764200000,-0.112030029,-0.108619832,-0.083372697,0.912627666,-0.118095737,0.046813847,-0.388551933,stable
236293779679550,236293.779200000,-0.112034075,-0.108615853,-0.083372444,0.912621849,-0.118093773,0.046820730,-0.388565363,stable
236293795784450,236293.795200000,-0.112036549,-0.108611919,-0.083374254,0.912620396,-0.118082922,0.046831722,-0.388570748,stable
236293811347400,236293.811200000,-0.112036817,-0.108611174,-0.083374858,0.912619757,-0.118080979,0.046831451,-0.388572871,stable
236293827324900,236293.827200000,-0.112035662,-0.108614437,-0.083372161,0.912620559,-0.118092300,0.046826531,-0.388568140,stable
236293843781100,236293.843200000,-0.112033896,-0.108617745,-0.083370224,0.912622114,-0.118101555,0.046820370,-0.388562419,stable
236293859348200,236293.859200000,-0.112032630,-0.108619615,-0.083369479,0.912624516,-0.118104179,0.046820208,-0.388555999,stable
236293874823150,236293.874200000,-0.112033173,-0.108618565,-0.083370119,0.912625881,-0.118098628,0.046828150,-0.388553523,stable
236293891366400,236293.891200000,-0.112035155,-0.108618021,-0.083368167,0.912620769,-0.118107131,0.046823963,-0.388563448,stable
236293906799650,236293.906200000,-0.112036467,-0.108617090,-0.083367608,0.912618123,-0.118109184,0.046823730,-0.388569067,stable
236293922374100,236293.922200000,-0.112038411,-0.108615041,-0.083367676,0.912616857,-0.118105449,0.046832090,-0.388572169,stable
236293938425100,236293.938200000,-0.112038113,-0.108615197,-0.083367869,0.912618634,-0.118103153,0.046835967,-0.388568226,stable
236293954026800,236293.953200000,-0.112035349,-0.108618684,-0.083367042,0.912623741,-0.118106384,0.046834938,-0.388555373,stable
236293968622750,236293.968200000,-0.112033255,-0.108621776,-0.083365828,0.912627216,-0.118111349,0.046833031,-0.388545933,stable
236293999420500,236293.999200000,-0.112035260,-0.108620338,-0.083365016,0.912626049,-0.118110383,0.046841993,-0.388547885,stable
236294014981100,236294.014000000,-0.112036601,-0.108618222,-0.083365969,0.912625215,-0.118104684,0.046847710,-0.388550887,stable
236294030994600,236294.030000000,-0.112036981,-0.108616963,-0.083367094,0.912623928,-0.118101521,0.046846031,-0.388555074,stable
236294046985450,236294.046000000,-0.112036683,-0.108618259,-0.083365798,0.912622996,-0.118108094,0.046841093,-0.388555862,stable
236294061663000,236294.061000000,-0.112036429,-0.108619541,-0.083364472,0.912622860,-0.118113524,0.046838999,-0.388554782,stable
236294077112500,236294.076000000,-0.112034686,-0.108621120,-0.083364755,0.912626939,-0.118111605,0.046841190,-0.388545520,stable
236294093054350,236294.092000000,-0.112033769,-0.108621679,-0.083365262,0.912628664,-0.118109928,0.046841007,-0.388542002,stable
236294108615600,236294.108000000,-0.112032533,-0.108621836,-0.083366722,0.912630829,-0.118105222,0.046840201,-0.388538443,stable
236294125066050,236294.124000000,-0.112032473,-0.108622313,-0.083366185,0.912629888,-0.118108561,0.046836719,-0.388540058,stable
236294141036050,236294.140000000,-0.112031169,-0.108624354,-0.083365276,0.912632255,-0.118111904,0.046836126,-0.388533554,stable
236294155358900,236294.155000000,-0.112028286,-0.108627267,-0.083365358,0.912639619,-0.118109219,0.046841733,-0.388516397,stable
236294171400600,236294.171000000,-0.112025745,-0.108629316,-0.083366089,0.912647668,-0.118102350,0.046851967,-0.388498342,stable
236294187370200,236294.187000000,-0.112027392,-0.108625770,-0.083368503,0.912647260,-0.118090162,0.046861199,-0.388501892,stable
236294202746500,236294.202000000,-0.112033203,-0.108618475,-0.083370194,0.912637861,-0.118081707,0.046867541,-0.388525776,stable
236294219085600,236294.218000000,-0.112037726,-0.108612195,-0.083372302,0.912629756,-0.118073512,0.046869920,-0.388547017,stable
236294233371650,236294.233000000,-0.112038568,-0.108610012,-0.083374023,0.912628451,-0.118067105,0.046871096,-0.388551887,stable
236294248762600,236294.248000000,-0.112037219,-0.108610578,-0.083375089,0.912631539,-0.118062775,0.046872578,-0.388545772,stable
236294264391350,236294.264000000,-0.112033956,-0.108614825,-0.083373949,0.912636450,-0.118068739,0.046867627,-0.388533022,stable
236294279647250,236294.279000000,-0.112030335,-0.108618945,-0.083373435,0.912639948,-0.118075382,0.046855995,-0.388524188,stable
236294296040950,236294.295000000,-0.112029754,-0.108621001,-0.083371542,0.912639254,-0.118084430,0.046850019,-0.388523789,stable
236294310615100,236294.310000000,-0.112032667,-0.108618066,-0.083371453,0.912634449,-0.118083539,0.046852906,-0.388535000,stable
236294326638250,236294.326000000,-0.112035766,-0.108614534,-0.083371893,0.912630722,-0.118078848,0.046860535,-0.388544259,stable
236294342683650,236294.342000000,-0.112036340,-0.108613595,-0.083372347,0.912628564,-0.118078705,0.046857245,-0.388549768,stable
236294358318000,236294.358000000,-0.112035669,-0.108615637,-0.083370589,0.912629202,-0.118085699,0.046854930,-0.388546423,stable
236294374119700,236294.373000000,-0.112032808,-0.108619913,-0.083368860,0.912633065,-0.118094050,0.046849206,-0.388535501,stable
236294389076050,236294.388000000,-0.112031020,-0.108622767,-0.083367541,0.912634320,-0.118101650,0.046841920,-0.388531122,stable
236294406020000,236294.405000000,-0.112032078,-0.108621910,-0.083367236,0.912632563,-0.118102287,0.046842981,-0.388534928,stable
236294420587600,236294.420000000,-0.112033062,-0.108621366,-0.083366618,0.912630820,-0.118104170,0.046843557,-0.388538380,stable
236294436568700,236294.436000000,-0.112035215,-0.108620226,-0.083365209,0.912626651,-0.118109006,0.046843617,-0.388546696,stable
236294453034200,236294.452000000,-0.112034880,-0.108620122,-0.083365798,0.912626977,-0.118107445,0.046842587,-0.388546529,stable
236294469033150,236294.468000000,-0.112034835,-0.108621150,-0.083364516,0.912629155,-0.118108947,0.046849431,-0.388540131,stable
236294483661100,236294.483000000,-0.112033285,-0.108622268,-0.083365150,0.912631494,-0.118107741,0.046847075,-0.388535288,stable
236294499790100,236294.499000000,-0.112032242,-0.108623296,-0.083365209,0.912632207,-0.118109298,0.046842862,-0.388533648,stable
236294515357800,236294.515000000,-0.112033091,-0.108623691,-0.083363563,0.912628414,-0.118117981,0.046835750,-0.388540775,stable
236294533560450,236294.533000000,-0.112033725,-0.108621545,-0.083365500,0.912624821,-0.118114551,0.046828147,-0.388551173,stable
236294546686750,236294.546000000,-0.112035088,-0.108620703,-0.083364770,0.912622778,-0.118116225,0.046830154,-0.388555220,stable
236294562333600,236294.562000000,-0.112037234,-0.108619228,-0.083363801,0.912620154,-0.118117425,0.046835250,-0.388560405,stable
236294577778850,236294.577000000,-0.112034820,-0.108621769,-0.083363734,0.912624038,-0.118118775,0.046832520,-0.388551200,stable
236294594029550,236294.593000000,-0.112031214,-0.108626738,-0.083362103,0.912630129,-0.118125698,0.046829358,-0.388535171,stable
236294608674250,236294.608000000,-0.112029158,-0.108629011,-0.083361909,0.912632853,-0.118128087,0.046825188,-0.388528548,stable
236294625021650,236294.624000000,-0.112031087,-0.108626492,-0.083362609,0.912631358,-0.118122588,0.046832616,-0.388532837,stable
236294641036000,236294.640000000,-0.112031676,-0.108624294,-0.083364673,0.912630973,-0.118114382,0.046835218,-0.388535920,stable
236294655726400,236294.655000000,-0.112033755,-0.108622909,-0.083363689,0.912626895,-0.118117850,0.046835079,-0.388544463,stable
236294671723500,236294.671000000,-0.112033688,-0.108623415,-0.083363108,0.912624694,-0.118123066,0.046827469,-0.388548965,stable
236294688035950,236294.687000000,-0.112033553,-0.108624011,-0.083362520,0.912626077,-0.118123552,0.046831131,-0.388545126,stable
236294702436800,236294.702000000,-0.112032682,-0.108624682,-0.083362803,0.912628326,-0.118121822,0.046832846,-0.388540163,stable
236294717881500,236294.717000000,-0.112031490,-0.108625703,-0.083363086,0.912630139,-0.118121534,0.046831210,-0.388536189,stable
236294733440050,236294.733000000,-0.112032361,-0.108625345,-0.083362386,0.912626655,-0.118126448,0.046825321,-0.388543589,stable
236294748992050,236294.748000000,-0.112035237,-0.108622566,-0.083362132,0.912621402,-0.118126812,0.046826610,-0.388555660,stable
236294764499250,236294.764000000,-0.112037234,-0.108620502,-0.083362140,0.912618386,-0.118125608,0.046829455,-0.388562768,stable
236294780021700,236294.779000000,-0.112038240,-0.108618781,-0.083363041,0.912617637,-0.118120835,0.046833454,-0.388565495,stable
236294794992850,236294.794000000,-0.112037241,-0.108620077,-0.083362691,0.912620799,-0.118120345,0.046837424,-0.388557739,stable
236294825537850,236294.825000000,-0.112034194,-0.108621553,-0.083364852,0.912625223,-0.118114967,0.046832404,-0.388549588,stable
236294841501500,236294.841000000,-0.112035058,-0.108619682,-0.083366141,0.912623327,-0.118110811,0.046831824,-0.388555374,stable
236294857004850,236294.856000000,-0.112035654,-0.108619466,-0.083365619,0.912622502,-0.118112153,0.046832871,-0.388556779,stable
236294873045650,236294.872100000,-0.112038158,-0.108616173,-0.083366543,0.912620623,-0.118104840,0.046842779,-0.388562220,stable
236294888020550,236294.887100000,-0.112040393,-0.108613998,-0.083366379,0.912619781,-0.118100570,0.046854247,-0.388564114,stable
236294920032200,236294.919100000,-0.112039477,-0.108613007,-0.083368890,0.912623322,-0.118089449,0.046860091,-0.388558471,stable
236294936036550,236294.935100000,-0.112038821,-0.108614966,-0.083367221,0.912622840,-0.118097659,0.046854246,-0.388557814,stable
236294950599900,236294.950100000,-0.112037294,-0.108618885,-0.083364166,0.912625104,-0.118109148,0.046851938,-0.388549281,stable
236294967035700,236294.966100000,-0.112033650,-0.108622938,-0.083363779,0.912633453,-0.118108724,0.046855962,-0.388529315,stable
236294981627250,236294.981100000,-0.112034068,-0.108622327,-0.083364017,0.912636025,-0.118103234,0.046867046,-0.388523606,stable
236294998044000,236294.997100000,-0.112036929,-0.108617514,-0.083366439,0.912630334,-0.118095079,0.046866664,-0.388539499,stable
236295012681050,236295.012100000,-0.112047799,-0.108607009,-0.083365522,0.912609309,-0.118098062,0.046867473,-0.388587875,stable
236295028724050,236295.028100000,-0.112057626,-0.108597122,-0.083365194,0.912589458,-0.118100215,0.046865319,-0.388634097,stable
236295044331300,236295.044100000,-0.112061501,-0.108591340,-0.083367519,0.912589516,-0.118081700,0.046890338,-0.388636570,stable
236295059673200,236295.059100000,-0.112059511,-0.108590730,-0.083370999,0.912598323,-0.118062878,0.046906427,-0.388619666,stable
236295076055100,236295.075100000,-0.112053715,-0.108595692,-0.083372325,0.912606121,-0.118063122,0.046894863,-0.388602674,stable
236295090363050,236295.090100000,-0.112051375,-0.108602203,-0.083366983,0.912604347,-0.118090274,0.046874062,-0.388601101,stable
236295105751200,236295.105100000,-0.112051859,-0.108602725,-0.083365656,0.912598517,-0.118101644,0.046858000,-0.388613274,stable
236295121382600,236295.121100000,-0.112055421,-0.108598821,-0.083365954,0.912592828,-0.118098892,0.046862196,-0.388626963,stable
236295137359700,236295.137100000,-0.112057813,-0.108593114,-0.083370164,0.912590119,-0.118081633,0.046868789,-0.388637774,stable
236295152803800,236295.152100000,-0.112063468,-0.108589813,-0.083366849,0.912579820,-0.118092125,0.046871118,-0.388658488,stable
236295168347200,236295.168100000,-0.112061135,-0.108592547,-0.083366431,0.912577077,-0.118103629,0.046847321,-0.388664303,stable
236295183746200,236295.183100000,-0.112052538,-0.108605899,-0.083360597,0.912588986,-0.118130412,0.046831175,-0.388630144,stable
236295199358500,236295.199100000,-0.112043358,-0.108615488,-0.083360448,0.912608294,-0.118128952,0.046835573,-0.388584715,stable
236295214776300,236295.214100000,-0.112041406,-0.108618848,-0.083358705,0.912614318,-0.118131850,0.046842843,-0.388568811,stable
236295230758800,236295.230100000,-0.112039521,-0.108619459,-0.083360441,0.912615491,-0.118129344,0.046834534,-0.388567820,stable
236295246515450,236295.246100000,-0.112044834,-0.108616829,-0.083356716,0.912601979,-0.118146557,0.046824384,-0.388595543,stable
236295261770900,236295.261100000,-0.112049565,-0.108611673,-0.083357073,0.912592119,-0.118146256,0.046822332,-0.388619038,stable
236295277385200,236295.277100000,-0.112052485,-0.108609132,-0.083356462,0.912593005,-0.118139259,0.046843969,-0.388616476,stable
236295293816150,236295.293100000,-0.112051405,-0.108608074,-0.083359294,0.912599179,-0.118123863,0.046857286,-0.388605051,stable
236295309420800,236295.309100000,-0.112046562,-0.108613402,-0.083358862,0.912609174,-0.118124576,0.046858945,-0.388581163,stable
236295325436000,236295.325100000,-0.112043679,-0.108616531,-0.083358653,0.912613683,-0.118126756,0.046855383,-0.388570340,stable
236295341422950,236295.341100000,-0.112046883,-0.108614609,-0.083356865,0.912607876,-0.118132378,0.046856760,-0.388582101,stable
236295356830550,236295.356100000,-0.112047665,-0.108611643,-0.083359674,0.912607749,-0.118120747,0.046861409,-0.388585376,stable
236295372450100,236295.372100000,-0.112049118,-0.108608268,-0.083362117,0.912608555,-0.118107310,0.046873316,-0.388586130,stable
236295388431200,236295.388100000,-0.112051696,-0.108604550,-0.083363488,0.912606203,-0.118098903,0.046882128,-0.388593147,stable
236295403848000,236295.403100000,-0.112050653,-0.108606122,-0.083362848,0.912603887,-0.118107099,0.046867925,-0.388597809,stable
236295419447000,236295.419100000,-0.112047777,-0.108610243,-0.083361335,0.912603121,-0.118121122,0.046846956,-0.388597872,stable
236295435470250,236295.435100000,-0.112046435,-0.108612277,-0.083360471,0.912603974,-0.118126534,0.046841145,-0.388594925,stable
236295452075450,236295.451100000,-0.112047754,-0.108609460,-0.083362401,0.912604475,-0.118115666,0.046851205,-0.388595839,stable
236295466697650,236295.466100000,-0.112050109,-0.108606301,-0.083363339,0.912602887,-0.118108241,0.046861235,-0.388600616,stable
236295483058300,236295.482100000,-0.112052523,-0.108603269,-0.083364040,0.912597982,-0.118106122,0.046860586,-0.388612857,stable
236295497623600,236295.497100000,-0.112051278,-0.108604066,-0.083364688,0.912598474,-0.118106609,0.046854168,-0.388612327,stable
236295514035400,236295.513100000,-0.112049095,-0.108606204,-0.083364844,0.912602491,-0.118106381,0.046853319,-0.388603065,stable
236295531602550,236295.531000000,-0.112047136,-0.108608246,-0.083364807,0.912607943,-0.118104201,0.046858746,-0.388590270,stable
236295545063200,236295.544000000,-0.112044692,-0.108610407,-0.083365269,0.912612066,-0.118103502,0.046856545,-0.388581065,stable
236295561048150,236295.560000000,-0.112043738,-0.108611457,-0.083365194,0.912613214,-0.118104726,0.046854266,-0.388578271,stable
236295575695900,236295.575000000,-0.112045623,-0.108610623,-0.083363742,0.912611167,-0.118107495,0.046859547,-0.388581600,stable
236295591776500,236295.591000000,-0.112045780,-0.108610041,-0.083364286,0.912613166,-0.118102425,0.046867108,-0.388577535,stable
236295607343800,236295.607000000,-0.112044796,-0.108610421,-0.083365113,0.912617595,-0.118096102,0.046875312,-0.388568066,stable
236295622694250,236295.622000000,-0.112042621,-0.108612128,-0.083365813,0.912624059,-0.118090599,0.046882552,-0.388553682,stable
236295638713100,236295.638000000,-0.112039365,-0.108615272,-0.083366089,0.912629686,-0.118090618,0.046880101,-0.388540754,stable
236295654730200,236295.654000000,-0.112037346,-0.108617909,-0.083365381,0.912630866,-0.118096875,0.046871048,-0.388537173,stable
236295670777400,236295.670000000,-0.112038910,-0.108616143,-0.083365567,0.912627390,-0.118096797,0.046869789,-0.388545514,stable
236295686399700,236295.686000000,-0.112041667,-0.108612247,-0.083366938,0.912622432,-0.118091499,0.046871252,-0.388558592,stable
236295701515000,236295.701000000,-0.112045020,-0.108608991,-0.083366670,0.912615506,-0.118093009,0.046869925,-0.388574561,stable
236295716958250,236295.716000000,-0.112046406,-0.108608529,-0.083365425,0.912609347,-0.118102097,0.046858613,-0.388587627,stable
236295732965750,236295.732000000,-0.112045653,-0.108609580,-0.083365053,0.912608549,-0.118106497,0.046851244,-0.388589053,stable
236295748585350,236295.748000000,-0.112043932,-0.108612821,-0.083363153,0.912609540,-0.118116359,0.046843325,-0.388584683,stable
236295764080850,236295.763000000,-0.112043113,-0.108613178,-0.083363794,0.912609935,-0.118115790,0.046839371,-0.388584405,stable
236295779540650,236295.779000000,-0.112044260,-0.108612768,-0.083362781,0.912606998,-0.118120258,0.046837125,-0.388590214,stable
236295795681400,236295.795000000,-0.112045124,-0.108612947,-0.083361350,0.912603200,-0.118128061,0.046830279,-0.388597587,stable
236295812040950,236295.811000000,-0.112047076,-0.108612061,-0.083359927,0.912598933,-0.118133689,0.046828708,-0.388606087,stable
236295827062350,236295.826000000,-0.112047002,-0.108612746,-0.083359115,0.912598958,-0.118136620,0.046828378,-0.388605178,stable
236295843066900,236295.842000000,-0.112046026,-0.108614437,-0.083358236,0.912601085,-0.118139383,0.046829054,-0.388599260,stable
236295859087350,236295.858000000,-0.112044834,-0.108616218,-0.083357513,0.912603056,-0.118142318,0.046827919,-0.388593876,stable
236295874997550,236295.874000000,-0.112044416,-0.108617827,-0.083355978,0.912604488,-0.118146752,0.046829868,-0.388588930,stable
236295890041800,236295.889000000,-0.112044275,-0.108616866,-0.083357409,0.912605189,-0.118141229,0.046831266,-0.388588796,stable
236295905997450,236295.905000000,-0.112044916,-0.108615257,-0.083358645,0.912604094,-0.118136756,0.046831802,-0.388592661,stable
236295920671850,236295.920000000,-0.112045646,-0.108615242,-0.083357692,0.912603527,-0.118138860,0.046834665,-0.388593009,stable
236295935616550,236295.935000000,-0.112045750,-0.108615667,-0.083356999,0.912604117,-0.118140164,0.046837206,-0.388590921,stable
236295952014650,236295.951000000,-0.112044930,-0.108616360,-0.083357207,0.912605035,-0.118140375,0.046835009,-0.388588964,stable
236295966691650,236295.966000000,-0.112044178,-0.108616173,-0.083358459,0.912605785,-0.118137079,0.046832596,-0.388588498,stable
236295982347050,236295.982000000,-0.112046018,-0.108614057,-0.083358727,0.912602957,-0.118135064,0.046835218,-0.388595435,stable
236295997720500,236295.997000000,-0.112046376,-0.108613528,-0.083358943,0.912603152,-0.118133129,0.046838005,-0.388595229,stable
236296014068000,236296.013000000,-0.112046473,-0.108612373,-0.083360314,0.912602806,-0.118128616,0.046837558,-0.388597469,stable
236296028897650,236296.028000000,-0.112046868,-0.108612366,-0.083359793,0.912601043,-0.118131755,0.046834394,-0.388601035,stable
236296043780850,236296.043000000,-0.112046324,-0.108611926,-0.083361097,0.912599270,-0.118131183,0.046825086,-0.388606495,stable
236296059430400,236296.059000000,-0.112046137,-0.108612120,-0.083361104,0.912599594,-0.118131224,0.046824957,-0.388605736,stable
236296074773350,236296.074000000,-0.112046212,-0.108611807,-0.083361380,0.912600053,-0.118129397,0.046826944,-0.388604974,stable
236296090834650,236296.090000000,-0.112046532,-0.108612083,-0.083360620,0.912599360,-0.118132133,0.046826708,-0.388605797,stable
236296106405750,236296.106000000,-0.112046361,-0.108612843,-0.083359867,0.912597664,-0.118137592,0.046819956,-0.388608936,stable
236296121861500,236296.121000000,-0.112046227,-0.108613215,-0.083359562,0.912596903,-0.118140060,0.046816641,-0.388610372,stable
236296137811150,236296.137000000,-0.112046048,-0.108612061,-0.083361298,0.912597289,-0.118133990,0.046816826,-0.388611287,stable
236296152663950,236296.152000000,-0.112046182,-0.108610801,-0.083362758,0.912599122,-0.118126091,0.046823587,-0.388608569,stable
236296167865000,236296.167000000,-0.112046428,-0.108610533,-0.083362773,0.912599706,-0.118124533,0.046827146,-0.388607244,stable
236296183458850,236296.183000000,-0.112043396,-0.108613759,-0.083362646,0.912604917,-0.118125906,0.046824835,-0.388594866,stable
236296198848450,236296.198000000,-0.112040617,-0.108618192,-0.083360597,0.912610204,-0.118133124,0.046824343,-0.388580315,stable
236296214459850,236296.214000000,-0.112037331,-0.108621210,-0.083361082,0.912617014,-0.118130876,0.046825606,-0.388564853,stable
236296230425800,236296.230100000,-0.112035163,-0.108621679,-0.083363384,0.912623035,-0.118120437,0.046831511,-0.388553171,stable
236296245918750,236296.245100000,-0.112034976,-0.108621471,-0.083363920,0.912625661,-0.118115468,0.046838857,-0.388547630,stable
236296261455200,236296.261100000,-0.112037390,-0.108618706,-0.083364271,0.912624764,-0.118109001,0.046851400,-0.388550191,stable
236296276896500,236296.276100000,-0.112037718,-0.108617775,-0.083365038,0.912625159,-0.118104922,0.046854800,-0.388550092,stable
236296292978800,236296.292100000,-0.112037070,-0.108617894,-0.083365761,0.912627844,-0.118100460,0.046859457,-0.388544580,stable
236296308675400,236296.308100000,-0.112035409,-0.108619630,-0.083365731,0.912631892,-0.118099431,0.046862050,-0.388535071,stable
236296324625300,236296.324100000,-0.112034522,-0.108620912,-0.083365254,0.912634898,-0.118099300,0.046866268,-0.388527542,stable
236296340677100,236296.340100000,-0.112033933,-0.108621649,-0.083365075,0.912634949,-0.118101393,0.046862747,-0.388527211,stable
236296357028250,236296.356100000,-0.112035774,-0.108619183,-0.083365828,0.912630035,-0.118100719,0.046858259,-0.388539499,stable
236296371688100,236296.371100000,-0.112039246,-0.108616009,-0.083365291,0.912621954,-0.118104388,0.046854030,-0.388557876,stable
236296387707700,236296.387100000,-0.112041555,-0.108612999,-0.083366118,0.912617992,-0.118100816,0.046855841,-0.388568048,stable
236296403358800,236296.403100000,-0.112041965,-0.108612493,-0.083366223,0.912617472,-0.118100065,0.046856861,-0.388569375,stable
236296418410400,236296.418100000,-0.112040527,-0.108614966,-0.083364934,0.912618696,-0.118106670,0.046851591,-0.388565127,stable
236296434438900,236296.434100000,-0.112040631,-0.108615778,-0.083363727,0.912615397,-0.118115094,0.046841561,-0.388571526,stable
236296449818500,236296.449100000,-0.112041019,-0.108615987,-0.083362944,0.912611327,-0.118122431,0.046830525,-0.388580182,stable
236296465427700,236296.465100000,-0.112043642,-0.108613707,-0.083362386,0.912605239,-0.118125709,0.046827440,-0.388593858,stable
236296480849300,236296.480100000,-0.112044908,-0.108611487,-0.083363578,0.912603293,-0.118120868,0.046829189,-0.388599687,stable
236296496407600,236296.496100000,-0.112046942,-0.108608000,-0.083365396,0.912600231,-0.118113408,0.046832156,-0.388608788,stable
236296511868750,236296.511100000,-0.112048805,-0.108607009,-0.083364174,0.912593801,-0.118121492,0.046823037,-0.388622530,stable
236296530010150,236296.529100000,-0.112048440,-0.108608745,-0.083362371,0.912590575,-0.118133107,0.046810136,-0.388628130,stable
236296542892500,236296.542100000,-0.112048395,-0.108608596,-0.083362661,0.912590340,-0.118132601,0.046809045,-0.388628966,stable
236296558413600,236296.558300000,-0.112049140,-0.108606584,-0.083364286,0.912591292,-0.118123690,0.046816942,-0.388628488,stable
236296573431500,236296.573300000,-0.112049676,-0.108607002,-0.083363019,0.912590291,-0.118127975,0.046817115,-0.388629516,stable
236296589424200,236296.589300000,-0.112051480,-0.108607531,-0.083359905,0.912585431,-0.118140600,0.046812631,-0.388637630,stable
236296604945350,236296.604300000,-0.112051085,-0.108608492,-0.083359174,0.912586617,-0.118142514,0.046814106,-0.388634085,stable
236296620507650,236296.620300000,-0.112049878,-0.108609781,-0.083359122,0.912592114,-0.118138343,0.046824347,-0.388621211,stable
236296636481450,236296.636300000,-0.112048119,-0.108611494,-0.083359256,0.912598331,-0.118134024,0.046833398,-0.388606834,stable
236296651903300,236296.651300000,-0.112045951,-0.108613424,-0.083359651,0.912603577,-0.118131223,0.046836735,-0.388594964,stable
236296667506200,236296.667300000,-0.112045027,-0.108613625,-0.083360635,0.912603513,-0.118130418,0.046830621,-0.388596094,stable
236296683465600,236296.683300000,-0.112048373,-0.108609781,-0.083361141,0.912595961,-0.118130114,0.046827330,-0.388614320,stable
236296698482400,236296.698300000,-0.112051450,-0.108605757,-0.083362252,0.912589720,-0.118126652,0.046826586,-0.388630118,stable
236296714597550,236296.714300000,-0.112053491,-0.108602211,-0.083364099,0.912588046,-0.118117077,0.046834155,-0.388636047,stable
236296730541800,236296.730300000,-0.112054452,-0.108600348,-0.083365262,0.912588903,-0.118109302,0.046843160,-0.388635311,stable
236296746059850,236296.745300000,-0.112054683,-0.108600140,-0.083365224,0.912591010,-0.118105922,0.046851522,-0.388630382,stable
236296761603850,236296.761300000,-0.112053424,-0.108601041,-0.083365738,0.912593420,-0.118104174,0.046851431,-0.388625267,stable
236296778081700,236296.777300000,-0.112052917,-0.108600326,-0.083367348,0.912593756,-0.118099507,0.046849295,-0.388626152,stable
236296792665600,236296.792300000,-0.112051427,-0.108602963,-0.083365887,0.912595636,-0.118105919,0.046845891,-0.388620200,stable
236296808591250,236296.808300000,-0.112048320,-0.108607925,-0.083363637,0.912601238,-0.118114353,0.046844285,-0.388604673,stable
236296824667700,236296.824300000,-0.112041317,-0.108613990,-0.083365142,0.912615198,-0.118108692,0.046845143,-0.388573505,stable
236296839630400,236296.839300000,-0.112036996,-0.108617663,-0.083366163,0.912624132,-0.118104437,0.046846729,-0.388553624,stable
236296856090650,236296.855300000,-0.112037770,-0.108616203,-0.083367027,0.912620896,-0.118103839,0.046841155,-0.388562080,stable
236296870648950,236296.870300000,-0.112038724,-0.108618386,-0.083362900,0.912616816,-0.118121151,0.046833863,-0.388567280,stable
236296886325500,236296.886300000,-0.112034321,-0.108623832,-0.083361723,0.912623334,-0.118128007,0.046827108,-0.388550698,stable
236296901704500,236296.901300000,-0.112030141,-0.108628497,-0.083361261,0.912633831,-0.118126362,0.046834637,-0.388525637,stable
236296917304450,236296.917300000,-0.112029605,-0.108627237,-0.083363615,0.912638214,-0.118113596,0.046845613,-0.388517898,stable
236296932333400,236296.932300000,-0.112033091,-0.108623296,-0.083364077,0.912631535,-0.118111866,0.046846068,-0.388534058,stable
236296947686950,236296.947300000,-0.112036079,-0.108618818,-0.083365895,0.912623454,-0.118108755,0.046838708,-0.388554871,stable
236296963349050,236296.963300000,-0.112040661,-0.108614802,-0.083364971,0.912616009,-0.118109956,0.046843562,-0.388571409,stable
236296978789000,236296.978300000,-0.112041607,-0.108612530,-0.083366655,0.912614978,-0.118102987,0.046846371,-0.388575608,stable
236296993797750,236296.993300000,-0.112041056,-0.108613759,-0.083365791,0.912616691,-0.118105109,0.046848317,-0.388570705,stable
236297008831900,236297.008300000,-0.112037629,-0.108617149,-0.083365977,0.912621348,-0.118107203,0.046841714,-0.388559929,stable
236297024757700,236297.024300000,-0.112036414,-0.108618133,-0.083366342,0.912623164,-0.118106730,0.046839833,-0.388556032,stable
236297040788850,236297.040300000,-0.112038031,-0.108615726,-0.083367296,0.912621029,-0.118102022,0.046843299,-0.388562061,stable
236297056007850,236297.055300000,-0.112041451,-0.108612262,-0.083367214,0.912615047,-0.118101371,0.046845619,-0.388576029,stable
236297071473400,236297.071200000,-0.112043336,-0.108609334,-0.083368495,0.912609757,-0.118099190,0.046840411,-0.388589744,stable
236297086975000,236297.086200000,-0.112043723,-0.108609289,-0.083368041,0.912606841,-0.118103788,0.046833217,-0.388596060,stable
236297102483400,236297.102200000,-0.112043187,-0.108610295,-0.083367437,0.912606205,-0.118108178,0.046827718,-0.388596882,stable
236297117932400,236297.117200000,-0.112043403,-0.108611137,-0.083366051,0.912605451,-0.118113411,0.046826668,-0.388597189,stable
236297133976800,236297.133200000,-0.112042464,-0.108612418,-0.083365649,0.912606809,-0.118115429,0.046825099,-0.388593577,stable
236297164959500,236297.164200000,-0.112043627,-0.108612679,-0.083363749,0.912603813,-0.118123049,0.046822594,-0.388598598,stable
236297180499400,236297.180200000,-0.112044550,-0.108611755,-0.083363704,0.912602427,-0.118122608,0.046824064,-0.388601811,stable
236297196007700,236297.195200000,-0.112046197,-0.108610652,-0.083362930,0.912600549,-0.118123453,0.046828426,-0.388605438,stable
236297211548050,236297.211200000,-0.112044759,-0.108611196,-0.083364151,0.912601518,-0.118121756,0.046822410,-0.388604402,stable
236297227587900,236297.227200000,-0.112043165,-0.108613051,-0.083363876,0.912604198,-0.118123283,0.046820998,-0.388597814,stable
236297242450200,236297.242200000,-0.112041935,-0.108614087,-0.083364189,0.912607048,-0.118121583,0.046822465,-0.388591462,stable
236297257937350,236297.257200000,-0.112041406,-0.108615175,-0.083363473,0.912608941,-0.118122871,0.046825227,-0.388586291,stable
236297274023600,236297.273200000,-0.112040363,-0.108615786,-0.083364084,0.912611030,-0.118120665,0.046825374,-0.388582039,stable
236297289390500,236297.289200000,-0.112040557,-0.108614869,-0.083365016,0.912612116,-0.118115399,0.046830303,-0.388580495,stable
236297305101650,236297.304200000,-0.112040915,-0.108613186,-0.083366729,0.912612345,-0.118108223,0.046833328,-0.388581773,stable
236297320641150,236297.320200000,-0.112042427,-0.108611979,-0.083366267,0.912609086,-0.118110275,0.046832252,-0.388588933,stable
236297336580700,236297.336200000,-0.112043418,-0.108610660,-0.083366662,0.912606852,-0.118109377,0.046831232,-0.388594575,stable
236297351630300,236297.351200000,-0.112044685,-0.108608827,-0.083367348,0.912604764,-0.118106479,0.046832503,-0.388600207,stable
236297366836000,236297.366200000,-0.112044334,-0.108608320,-0.083368473,0.912606829,-0.118100672,0.046837118,-0.388596566,stable
236297382434500,236297.382200000,-0.112043992,-0.108608797,-0.083368316,0.912606894,-0.118102051,0.046835113,-0.388596236,stable
236297397872300,236297.397200000,-0.112042964,-0.108610079,-0.083368018,0.912606228,-0.118106721,0.046826415,-0.388597429,stable
236297413472400,236297.413200000,-0.112041891,-0.108609952,-0.083369635,0.912605965,-0.118104431,0.046818613,-0.388599683,stable
236297429454700,236297.429200000,-0.112042919,-0.108609229,-0.083369195,0.912603835,-0.118106124,0.046818273,-0.388604211,stable
236297444897000,236297.444200000,-0.112043098,-0.108608693,-0.083369650,0.912602302,-0.118106208,0.046814424,-0.388608250,stable
236297460538500,236297.460200000,-0.112042822,-0.108607858,-0.083371110,0.912601615,-0.118102874,0.046810354,-0.388611366,stable
236297475802800,236297.475200000,-0.112041928,-0.108608797,-0.083371088,0.912603610,-0.118102587,0.046811179,-0.388606669,stable
236297491769100,236297.491200000,-0.112042204,-0.108608715,-0.083370820,0.912603662,-0.118102682,0.046813175,-0.388606278,stable
236297507389150,236297.507200000,-0.112042092,-0.108607672,-0.083372332,0.912604052,-0.118097240,0.046813695,-0.388606952,stable
236297523507950,236297.523200000,-0.112042069,-0.108606808,-0.083373487,0.912604346,-0.118092889,0.046814580,-0.388607478,stable
236297538792900,236297.538200000,-0.112042859,-0.108606532,-0.083372787,0.912603296,-0.118094635,0.046816147,-0.388609225,stable
236297554401500,236297.554200000,-0.112042628,-0.108606234,-0.083373480,0.912603706,-0.118092309,0.046816020,-0.388608984,stable
236297569841350,236297.569200000,-0.112041727,-0.108607031,-0.083373658,0.912605408,-0.118091762,0.046815805,-0.388605179,stable
236297585533900,236297.585100000,-0.112039350,-0.108610362,-0.083372504,0.912610693,-0.118094829,0.046817891,-0.388591585,stable
236297600941200,236297.600200000,-0.112037219,-0.108613759,-0.083370954,0.912615428,-0.118099363,0.046819706,-0.388578866,stable
236297616574250,236297.616200000,-0.112035625,-0.108615406,-0.083370939,0.912617774,-0.118100438,0.046817215,-0.388573332,stable
236297631998000,236297.631200000,-0.112037204,-0.108613931,-0.083370753,0.912616965,-0.118097975,0.046824683,-0.388575080,stable
236297647547900,236297.647200000,-0.112039074,-0.108611323,-0.083371632,0.912614027,-0.118093957,0.046827085,-0.388582911,stable
236297662990250,236297.662200000,-0.112041332,-0.108608291,-0.083372548,0.912609698,-0.118090719,0.046827306,-0.388594036,stable
236297678573900,236297.678200000,-0.112041973,-0.108608581,-0.083371304,0.912606298,-0.118097998,0.046820298,-0.388600652,stable
236297694045950,236297.693200000,-0.112041749,-0.108610414,-0.083369218,0.912605292,-0.118107193,0.046815493,-0.388600799,stable
236297709844250,236297.709200000,-0.112040199,-0.108612441,-0.083368659,0.912609104,-0.118107997,0.046818085,-0.388591291,stable
236297725864200,236297.725200000,-0.112040706,-0.108611673,-0.083368957,0.912608981,-0.118105754,0.046820953,-0.388591915,stable
236297740848050,236297.740200000,-0.112042420,-0.108609699,-0.083369248,0.912606498,-0.118103604,0.046823763,-0.388598063,stable
236297756443700,236297.756200000,-0.112043239,-0.108608529,-0.083369672,0.912601186,-0.118107275,0.046811612,-0.388610884,stable
236297772478900,236297.772200000,-0.112045385,-0.108606443,-0.083369516,0.912596295,-0.118108833,0.046809350,-0.388622169,stable
236297788434500,236297.788200000,-0.112046458,-0.108605362,-0.083369486,0.912593997,-0.118109230,0.046808689,-0.388627524,stable
236297803962400,236297.803200000,-0.112047784,-0.108605109,-0.083368026,0.912594175,-0.118110437,0.046817768,-0.388625646,stable
236297819476950,236297.819200000,-0.112047561,-0.108604915,-0.083368577,0.912595288,-0.118107597,0.046819971,-0.388623632,stable
236297835540350,236297.835200000,-0.112047203,-0.108605072,-0.083368853,0.912595943,-0.118106717,0.046819792,-0.388622380,stable
236297850941250,236297.850200000,-0.112047538,-0.108604565,-0.083369054,0.912597458,-0.118103010,0.046826921,-0.388619091,stable
236297866489750,236297.866200000,-0.112048469,-0.108604074,-0.083368450,0.912597334,-0.118102741,0.046832505,-0.388618791,stable
236297881934450,236297.881200000,-0.112049669,-0.108602934,-0.083368316,0.912595954,-0.118101906,0.046835644,-0.388621908,stable
236297898023100,236297.897200000,-0.112050027,-0.108601980,-0.083369084,0.912596191,-0.118097957,0.046838754,-0.388622175,stable
236297913529900,236297.913200000,-0.112049825,-0.108601511,-0.083369970,0.912595777,-0.118096042,0.046836061,-0.388624054,stable
236297928612250,236297.928200000,-0.112050131,-0.108601511,-0.083369553,0.912595967,-0.118096342,0.046838740,-0.388623195,stable
236297944025250,236297.943200000,-0.112049848,-0.108601570,-0.083369851,0.912596654,-0.118095139,0.046839115,-0.388621901,stable
236297959549650,236297.959200000,-0.112050146,-0.108600393,-0.083370961,0.912595976,-0.118091403,0.046838842,-0.388624663,stable
236297975053500,236297.974200000,-0.112051807,-0.108597949,-0.083371937,0.912593543,-0.118086986,0.046841443,-0.388631403,stable
236297991091350,236297.990200000,-0.112052090,-0.108597316,-0.083372377,0.912592137,-0.118086617,0.046838773,-0.388635139,stable
236298006542800,236298.006200000,-0.112052247,-0.108597189,-0.083372340,0.912591650,-0.118087033,0.046838109,-0.388636237,stable
236298022146650,236298.021200000,-0.112051338,-0.108598061,-0.083372422,0.912593088,-0.118087190,0.046837038,-0.388632941,stable
236298037097400,236298.036200000,-0.112049438,-0.108600184,-0.083372213,0.912594333,-0.118091301,0.046828898,-0.388629750,stable
236298052676750,236298.052200000,-0.112048864,-0.108601816,-0.083370857,0.912593579,-0.118098584,0.046822743,-0.388630048,stable
236298069105700,236298.068200000,-0.112049378,-0.108602196,-0.083369665,0.912592732,-0.118102472,0.046823316,-0.388630787,stable
236298083703850,236298.083200000,-0.112049818,-0.108602293,-0.083368957,0.912593003,-0.118103384,0.046826955,-0.388629435,stable
236298099171750,236298.098300000,-0.112050451,-0.108600631,-0.083370268,0.912592315,-0.118098083,0.046828824,-0.388632436,stable
236298114643350,236298.114300000,-0.112050585,-0.108599700,-0.083371297,0.912592195,-0.118094365,0.046829251,-0.388633797,stable
236298130677000,236298.130300000,-0.112050265,-0.108601518,-0.083369367,0.912591314,-0.118103084,0.046824317,-0.388633811,stable
236298146115700,236298.145300000,-0.112049192,-0.108602963,-0.083368927,0.912593763,-0.118104112,0.046825424,-0.388627615,stable
236298161648650,236298.161300000,-0.112046503,-0.108607218,-0.083366990,0.912600372,-0.118108880,0.046829862,-0.388610109,stable
236298178119250,236298.177300000,-0.112042584,-0.108612150,-0.083365850,0.912609578,-0.118110642,0.046834830,-0.388587356,stable
236298193695700,236298.193300000,-0.112040401,-0.108614847,-0.083365254,0.912614218,-0.118112093,0.046836186,-0.388575853,stable
236298210100500,236298.209300000,-0.112039149,-0.108616322,-0.083365031,0.912615194,-0.118114943,0.046831217,-0.388573295,stable
236298226113550,236298.225300000,-0.112039588,-0.108616546,-0.083364137,0.912614550,-0.118117685,0.046832035,-0.388573875,stable
236298242113250,236298.241300000,-0.112042986,-0.108613037,-0.083364144,0.912609556,-0.118115430,0.046837395,-0.388585643,stable
236298256721050,236298.256300000,-0.112046473,-0.108609363,-0.083364248,0.912602070,-0.118116074,0.046835121,-0.388603301,stable
236298272826650,236298.272300000,-0.112050258,-0.108605012,-0.083364822,0.912595445,-0.118113055,0.046837803,-0.388619455,stable
236298287717700,236298.287300000,-0.112053588,-0.108601458,-0.083364978,0.912589511,-0.118111770,0.046839633,-0.388633558,stable
236298304124050,236298.303300000,-0.112051256,-0.108604163,-0.083364584,0.912592365,-0.118115449,0.046834054,-0.388626411,stable
236298318816750,236298.318300000,-0.112045959,-0.108609200,-0.083365135,0.912599685,-0.118117660,0.046824151,-0.388609743,stable
236298334754400,236298.334300000,-0.112042248,-0.108614393,-0.083363377,0.912603111,-0.118129004,0.046811560,-0.388599766,stable
236298350459200,236298.350300000,-0.112042867,-0.108614847,-0.083361953,0.912601555,-0.118134397,0.046810406,-0.388601919,stable
236298365707000,236298.365300000,-0.112046227,-0.108609550,-0.083364338,0.912597470,-0.118122807,0.046818506,-0.388614060,stable
236298381422400,236298.381300000,-0.112052068,-0.108601809,-0.083366565,0.912589103,-0.118110951,0.046828592,-0.388636095,stable
236298396836400,236298.396300000,-0.112054788,-0.108597748,-0.083368167,0.912583335,-0.118106050,0.046827144,-0.388651304,stable
236298412382700,236298.412300000,-0.112052806,-0.108600125,-0.083367765,0.912584521,-0.118111198,0.046818226,-0.388648028,stable
236298428393950,236298.428300000,-0.112049133,-0.108605675,-0.083365470,0.912589703,-0.118121814,0.046811688,-0.388633423,stable
236298443802900,236298.443300000,-0.112044461,-0.108610637,-0.083365291,0.912596963,-0.118124965,0.046805565,-0.388616154,stable
236298459480900,236298.459300000,-0.112042904,-0.108612224,-0.083365306,0.912601261,-0.118123117,0.046809710,-0.388606122,stable
236298474858150,236298.474300000,-0.112045325,-0.108609818,-0.083365187,0.912600055,-0.118118698,0.046821252,-0.388608909,stable
236298490870450,236298.490300000,-0.112046108,-0.108607002,-0.083367810,0.912600007,-0.118107635,0.046826058,-0.388611805,stable
236298506443350,236298.506300000,-0.112046361,-0.108605906,-0.083368897,0.912600244,-0.118102882,0.046828480,-0.388612400,stable
236298522654900,236298.522300000,-0.112045728,-0.108605877,-0.083369784,0.912602397,-0.118098523,0.046831544,-0.388608299,stable
236298536891200,236298.536300000,-0.112044349,-0.108606301,-0.083371088,0.912606674,-0.118091816,0.046836712,-0.388599671,stable
236298552435200,236298.552300000,-0.112042636,-0.108608522,-0.083370492,0.912610785,-0.118092777,0.046839242,-0.388589419,stable
236298567971500,236298.567300000,-0.112042375,-0.108609557,-0.083369493,0.912612245,-0.118094919,0.046842299,-0.388584970,stable
236298583493000,236298.583300000,-0.112042107,-0.108608738,-0.083370924,0.912614312,-0.118087853,0.046847365,-0.388581653,stable
236298598985950,236298.598300000,-0.112041406,-0.108608849,-0.083371721,0.912616895,-0.118083408,0.046851430,-0.388576447,stable
236298614622400,236298.614200000,-0.112042010,-0.108607665,-0.083372459,0.912616465,-0.118079838,0.046853850,-0.388578250,stable
236298629571800,236298.629200000,-0.112040974,-0.108608648,-0.083372563,0.912617836,-0.118080352,0.046851720,-0.388575130,stable
236298644990250,236298.644200000,-0.112039305,-0.108611144,-0.083371557,0.912618483,-0.118087451,0.046843079,-0.388572495,stable
236298660498500,236298.660200000,-0.112039313,-0.108611345,-0.083371289,0.912617489,-0.118089711,0.046839847,-0.388574534,stable
236298675967700,236298.675200000,-0.112040780,-0.108609565,-0.083371624,0.912615342,-0.118087580,0.046842258,-0.388579932,stable
236298691497850,236298.691200000,-0.112041645,-0.108607680,-0.083372921,0.912613555,-0.118083244,0.046842020,-0.388585476,stable
236298706716850,236298.706200000,-0.112045392,-0.108604051,-0.083372615,0.912606925,-0.118083398,0.046844254,-0.388600729,stable
236298722426400,236298.722200000,-0.112046957,-0.108602554,-0.083372459,0.912602649,-0.118085621,0.046840321,-0.388610570,stable
236298738128900,236298.737200000,-0.112047106,-0.108602598,-0.083372198,0.912601574,-0.118087602,0.046837743,-0.388612804,stable
236298752747250,236298.752200000,-0.112047859,-0.108602799,-0.083370924,0.912601683,-0.118089814,0.046842936,-0.388611250,stable
236298769128350,236298.768200000,-0.112048216,-0.108602084,-0.083371386,0.912601831,-0.118087076,0.046845649,-0.388611407,stable
236298783839500,236298.783200000,-0.112046778,-0.108603142,-0.083371930,0.912605090,-0.118084562,0.046847127,-0.388604340,stable
236298799741550,236298.799200000,-0.112046458,-0.108604290,-0.083370864,0.912605549,-0.118088442,0.046846592,-0.388602148,stable
236298815424900,236298.815200000,-0.112046376,-0.108605161,-0.083369836,0.912605163,-0.118092745,0.046844811,-0.388601962,stable
236298831414200,236298.831200000,-0.112046339,-0.108606309,-0.083368406,0.912606492,-0.118095966,0.046848831,-0.388597375,stable
236298846769700,236298.846200000,-0.112045959,-0.108607210,-0.083367743,0.912608509,-0.118096479,0.046853025,-0.388591977,stable
236298862464050,236298.862200000,-0.112045981,-0.108606152,-0.083369084,0.912608522,-0.118091764,0.046853234,-0.388593354,stable
236298877792400,236298.877200000,-0.112045847,-0.108606100,-0.083369337,0.912607712,-0.118092378,0.046849754,-0.388595489,stable
236298893787700,236298.893200000,-0.112046711,-0.108605653,-0.083368756,0.912605784,-0.118094715,0.046848943,-0.388599405,stable
236298908926100,236298.908200000,-0.112046503,-0.108606644,-0.083367750,0.912606080,-0.118098343,0.046848556,-0.388597655,stable
236298924816950,236298.924200000,-0.112046435,-0.108607598,-0.083366603,0.912606182,-0.118102379,0.046848398,-0.388596208,stable
236298939898000,236298.939200000,-0.112047501,-0.108606949,-0.083366007,0.912603761,-0.118104901,0.046847348,-0.388601254,stable
236298955911400,236298.955300000,-0.112049066,-0.108605489,-0.083365805,0.912599745,-0.118106939,0.046844125,-0.388610453,stable
236298971503550,236298.971300000,-0.112050265,-0.108604737,-0.083365150,0.912596427,-0.118110503,0.046841046,-0.388617534,stable
236298986901600,236298.986300000,-0.112051718,-0.108603776,-0.083364472,0.912593611,-0.118112886,0.046841056,-0.388623420,stable
236299002457400,236299.002300000,-0.112052239,-0.108602203,-0.083365828,0.912591978,-0.118109075,0.046839025,-0.388628659,stable
236299017952350,236299.017300000,-0.112053223,-0.108601630,-0.083365247,0.912589961,-0.118111192,0.046838824,-0.388632776,stable
236299033901800,236299.033300000,-0.112054534,-0.108601950,-0.083363064,0.912586410,-0.118120121,0.046835472,-0.388638803,stable
236299049528300,236299.049300000,-0.112054214,-0.108602121,-0.083363280,0.912585141,-0.118122004,0.046829313,-0.388641954,stable
236299064919050,236299.064300000,-0.112055525,-0.108601570,-0.083362214,0.912583162,-0.118124856,0.046831243,-0.388645500,stable
236299080492400,236299.080300000,-0.112055346,-0.108601801,-0.083362162,0.912584040,-0.118124318,0.046832951,-0.388643398,stable
236299095962800,236299.095300000,-0.112055197,-0.108601801,-0.083362371,0.912585096,-0.118122572,0.046835371,-0.388641156,stable
236299111528100,236299.111300000,-0.112055004,-0.108601883,-0.083362520,0.912587734,-0.118118886,0.046842846,-0.388635181,stable
236299126493100,236299.126200000,-0.112054855,-0.108600266,-0.083364837,0.912590271,-0.118107834,0.046850134,-0.388631704,stable
236299142548950,236299.142200000,-0.112055488,-0.108596899,-0.083368361,0.912589823,-0.118094567,0.046852826,-0.388636464,stable
236299158041800,236299.157200000,-0.112057358,-0.108595245,-0.083368011,0.912585542,-0.118096677,0.046850771,-0.388646124,stable
236299174061150,236299.173200000,-0.112056911,-0.108596198,-0.083367363,0.912583690,-0.118102637,0.046841908,-0.388649728,stable
236299189005100,236299.188200000,-0.112055562,-0.108598925,-0.083365627,0.912587048,-0.118107632,0.046844222,-0.388640047,stable
236299204595500,236299.204200000,-0.112051487,-0.108602457,-0.083366498,0.912597862,-0.118100616,0.046853564,-0.388615658,stable
236299220001850,236299.219200000,-0.112047993,-0.108604491,-0.083368547,0.912607465,-0.118089680,0.046862631,-0.388595336,stable
236299236012600,236299.235200000,-0.112047590,-0.108604081,-0.083369620,0.912608903,-0.118085054,0.046864792,-0.388593104,stable
236299251548350,236299.251200000,-0.112049982,-0.108601950,-0.083369181,0.912602233,-0.118089376,0.046858240,-0.388608246,stable
236299267044950,236299.266200000,-0.112053692,-0.108598746,-0.083368368,0.912593917,-0.118093686,0.046854795,-0.388626880,stable
236299282531000,236299.282200000,-0.112054944,-0.108596735,-0.083369307,0.912592921,-0.118088480,0.046859498,-0.388630234,stable
236299298100200,236299.297200000,-0.112054020,-0.108597510,-0.083369546,0.912597101,-0.118084346,0.046867329,-0.388620731,stable
236299313611550,236299.313200000,-0.112051889,-0.108598836,-0.083370671,0.912600729,-0.118081179,0.046865554,-0.388613387,stable
236299329586200,236299.329200000,-0.112050548,-0.108600579,-0.083370216,0.912601622,-0.118085142,0.046859856,-0.388610773,stable
236299345016750,236299.344200000,-0.112050302,-0.108600795,-0.083370253,0.912598522,-0.118089948,0.046848135,-0.388618006,stable
236299360640950,236299.360200000,-0.112051822,-0.108599678,-0.083369672,0.912595575,-0.118091934,0.046848212,-0.388624313,stable
236299377127800,236299.376200000,-0.112053499,-0.108597532,-0.083370209,0.912592568,-0.118089755,0.046849042,-0.388631935,stable
236299392107300,236299.391200000,-0.112054445,-0.108597115,-0.083369486,0.912591652,-0.118090967,0.046852135,-0.388633347,stable
236299406640600,236299.406200000,-0.112053625,-0.108598895,-0.083368272,0.912592497,-0.118096206,0.046849625,-0.388630073,stable
236299423138300,236299.422200000,-0.112053134,-0.108600147,-0.083367296,0.912592970,-0.118100213,0.046848035,-0.388627935,stable
236299439134200,236299.438200000,-0.112052612,-0.108600743,-0.083367221,0.912593292,-0.118101431,0.046845790,-0.388627081,stable
236299453708100,236299.453200000,-0.112053305,-0.108599611,-0.083367765,0.912592788,-0.118098388,0.046848534,-0.388628858,stable
236299470135550,236299.469200000,-0.112054944,-0.108598858,-0.083366551,0.912591307,-0.118100214,0.046854216,-0.388631096,stable
236299484662050,236299.484200000,-0.112056054,-0.108598039,-0.083366118,0.912589329,-0.118101480,0.046854802,-0.388635285,stable
236299500169200,236299.499200000,-0.112056829,-0.108597778,-0.083365418,0.912587657,-0.118104095,0.046854340,-0.388638473,stable
236299515676450,236299.515200000,-0.112056307,-0.108598374,-0.083365336,0.912587364,-0.118106181,0.046850056,-0.388639041,stable
