host_time_ns,sdk_time_s,px,py,pz,qw,qx,qy,qz,status
146973242872200,146972.232520000,0.000000000,0.000000000,0.000000000,1.000000000,0.000000000,0.000000000,0.000000000,unstable
146973243922200,146972.232520000,0.000000000,0.000000000,0.000000000,1.000000000,0.000000000,0.000000000,0.000000000,unstable
146973245442500,146972.232520000,0.000000000,0.000000000,0.000000000,1.000000000,0.000000000,0.000000000,0.000000000,unstable
146973247437700,146972.232520000,0.000000000,0.000000000,0.000000000,1.000000000,0.000000000,0.000000000,0.000000000,unstable
146973249398150,146973.248900000,0.001054886,-0.172364444,-0.039867107,0.966627089,-0.256169295,-0.000783693,0.002957951,stable
146973251372300,146973.250900000,0.001056351,-0.172364712,-0.039865922,0.966626206,-0.256172576,-0.000784791,0.002962053,stable
146973253370950,146973.252900000,0.001057391,-0.172364905,-0.039865024,0.966625534,-0.256175075,-0.000785569,0.002964961,stable
146973255372900,146973.254900000,0.001058984,-0.172364891,-0.039865080,0.966625557,-0.256174932,-0.000786753,0.002969430,stable
146973257374600,146973.256900000,0.001060629,-0.172364742,-0.039865684,0.966625994,-0.256173225,-0.000787971,0.002974047,stable
146973259381600,146973.258900000,0.001062879,-0.172364324,-0.039867446,0.966627275,-0.256168313,-0.000789628,0.002980367,stable
146973261380100,146973.260900000,0.001064250,-0.172363713,-0.039870035,0.966629189,-0.256161043,-0.000790627,0.002984227,stable
146973263374250,146973.262900000,0.001064406,-0.172362790,-0.039874032,0.966632158,-0.256149835,-0.000790713,0.002984689,stable
146973265374200,146973.264900000,0.001063996,-0.172361255,-0.039880637,0.966637072,-0.256131305,-0.000790358,0.002983582,stable
146973267873500,146973.266900000,0.001065042,-0.172359228,-0.039889365,0.966643547,-0.256106833,-0.000791947,0.002986106,stable
146973268896250,146973.267900000,0.001065643,-0.172358513,-0.039892446,0.966645836,-0.256098165,-0.000791243,0.002988406,stable
146973270879100,146973.269900000,0.001067025,-0.172357142,-0.039898366,0.966650223,-0.256081561,-0.000793358,0.002991720,stable
146973272879900,146973.271900000,0.001070082,-0.172356203,-0.039902337,0.966653140,-0.256070441,-0.000794506,0.003000894,stable
146973274878500,146973.273900000,0.001074405,-0.172355741,-0.039904196,0.966654479,-0.256065234,-0.000797986,0.003012880,stable
146973276880500,146973.275900000,0.001078506,-0.172355518,-0.039905056,0.966655080,-0.256062821,-0.000801834,0.003023957,stable
146973278878900,146973.277900000,0.001081599,-0.172355309,-0.039905857,0.966655659,-0.256060522,-0.000802957,0.003033253,stable
146973280880100,146973.279900000,0.001083726,-0.172355056,-0.039906908,0.966656422,-0.256057570,-0.000805849,0.003038528,stable
146973282879500,146973.281900000,0.001085663,-0.172354564,-0.039908953,0.966657920,-0.256051848,-0.000807177,0.003044023,stable
146973284882400,146973.283900000,0.001085648,-0.172354281,-0.039910190,0.966658845,-0.256048355,-0.000807089,0.003044025,stable
146973286883400,146973.285900000,0.001087339,-0.172354147,-0.039910756,0.966659244,-0.256046785,-0.000807565,0.003049180,stable
146973288882550,146973.287900000,0.001087137,-0.172354430,-0.039909519,0.966658331,-0.256050237,-0.000806687,0.003048994,stable
146973290883700,146973.289900000,0.001087108,-0.172354758,-0.039908126,0.966657299,-0.256054138,-0.000807544,0.003048446,stable
146973292884800,146973.291900000,0.001086502,-0.172355011,-0.039907057,0.966656497,-0.256057185,-0.000806982,0.003046805,stable
146973294936150,146973.293900000,0.001085084,-0.172355324,-0.039905742,0.966655540,-0.256060849,-0.000805677,0.003042959,stable
146973296933550,146973.295900000,0.001084975,-0.172355637,-0.039904382,0.966654531,-0.256064665,-0.000806357,0.003042244,stable
146973298442000,146973.297900000,0.001084482,-0.172356218,-0.039901860,0.966652665,-0.256071724,-0.000805412,0.003041164,stable
146973300944950,146973.299900000,0.001085057,-0.172356173,-0.039902065,0.966652801,-0.256071191,-0.000805770,0.003042812,stable
146973302470150,146973.301900000,0.001085280,-0.172356486,-0.039900675,0.966651773,-0.256075062,-0.000806014,0.003043394,stable
146973304474550,146973.303900000,0.001086229,-0.172356576,-0.039900292,0.966651480,-0.256076136,-0.000806721,0.003046053,stable
146973306463700,146973.305900000,0.001086656,-0.172356710,-0.039899696,0.966651042,-0.256077772,-0.000807043,0.003047245,stable
146973308454850,146973.307900000,0.001086846,-0.172356904,-0.039898839,0.966650401,-0.256080188,-0.000807191,0.003047775,stable
146973310456300,146973.309900000,0.001087633,-0.172357097,-0.039897982,0.966649753,-0.256082604,-0.000807782,0.003049976,stable
146973312483200,146973.311900000,0.001088234,-0.172357410,-0.039896615,0.966648737,-0.256086418,-0.000808239,0.003051652,stable
146973316032100,146973.314900000,0.001088341,-0.172357440,-0.039896496,0.966648643,-0.256086768,-0.000808319,0.003051951,stable
146973316991450,146973.315900000,0.001088922,-0.172356993,-0.039898377,0.966650034,-0.256081498,-0.000809179,0.003053358,stable
146973318992450,146973.317900000,0.001088958,-0.172356501,-0.039900530,0.966651636,-0.256075447,-0.000808675,0.003053744,stable
146973320994800,146973.319900000,0.001088474,-0.172355875,-0.039903235,0.966653652,-0.256067858,-0.000809222,0.003051916,stable
146973322998700,146973.321900000,0.001088705,-0.172355026,-0.039906897,0.966656359,-0.256057628,-0.000808356,0.003053121,stable
146973324996150,146973.323900000,0.001089731,-0.172354296,-0.039910011,0.966658667,-0.256048876,-0.000808890,0.003056126,stable
146973326995400,146973.325900000,0.001091379,-0.172353879,-0.039911777,0.966659964,-0.256043925,-0.000810871,0.003060350,stable
146973328994100,146973.327900000,0.001092437,-0.172353595,-0.039912976,0.966660839,-0.256040582,-0.000811789,0.003063249,stable
146973331014050,146973.329900000,0.001092647,-0.172353327,-0.039914150,0.966661714,-0.256037271,-0.000811362,0.003064149,stable
146973333003750,146973.331900000,0.001092831,-0.172352955,-0.039915763,0.966662911,-0.256032741,-0.000811111,0.003064876,stable
146973335016100,146973.333900000,0.001093956,-0.172352970,-0.039915644,0.966662814,-0.256033074,-0.000813279,0.003067323,stable
146973337000950,146973.335900000,0.001094876,-0.172352538,-0.039917510,0.966664186,-0.256027859,-0.000813773,0.003070009,stable
146973338998450,146973.337900000,0.001096292,-0.172352433,-0.039917868,0.966664450,-0.256026809,-0.000814713,0.003074040,stable
146973341003550,146973.339900000,0.001097384,-0.172352672,-0.039916839,0.966663674,-0.256029698,-0.000815002,0.003077376,stable
146973342997900,146973.341900000,0.001098566,-0.172352567,-0.039917279,0.966663993,-0.256028451,-0.000815334,0.003080981,stable
146973345234450,146973.344900000,0.001099520,-0.172353119,-0.039914858,0.966662174,-0.256035284,-0.000816478,0.003083419,stable
146973347246550,146973.346900000,0.001100233,-0.172352925,-0.039915651,0.966662760,-0.256033046,-0.000817002,0.003085425,stable
146973349254200,146973.348900000,0.001101008,-0.172352582,-0.039917134,0.966663849,-0.256028908,-0.000817566,0.003087608,stable
146973351267350,146973.350900000,0.001101960,-0.172351971,-0.039919756,0.966665798,-0.256021512,-0.000818252,0.003090295,stable
146973353265000,146973.352900000,0.001104089,-0.172351301,-0.039922550,0.966667856,-0.256013666,-0.000819811,0.003096284,stable
146973355288000,146973.354900000,0.001106482,-0.172350824,-0.039924577,0.966669329,-0.256008015,-0.000821572,0.003103008,stable
146973357240600,146973.356900000,0.001107500,-0.172350571,-0.039925631,0.966670120,-0.256004994,-0.000822319,0.003105868,stable
146973359251700,146973.358900000,0.001107322,-0.172350332,-0.039926633,0.966670854,-0.256002227,-0.000822179,0.003105377,stable
146973361739900,146973.360900000,0.001106235,-0.172350109,-0.039927628,0.966671608,-0.255999422,-0.000821364,0.003102333,stable
146973363743500,146973.362900000,0.001104925,-0.172349826,-0.039928906,0.966672567,-0.255995847,-0.000820382,0.003098670,stable
146973365750400,146973.364900000,0.001103738,-0.172349602,-0.039929930,0.966673344,-0.255992955,-0.000819491,0.003095346,stable
146973368209350,146973.366900000,0.001104929,-0.172349006,-0.039932434,0.966675188,-0.255985951,-0.000821364,0.003098172,stable
146973369737300,146973.368900000,0.001105236,-0.172349155,-0.039931770,0.966674685,-0.255987837,-0.000820589,0.003099559,stable
146973371746500,146973.370900000,0.001107737,-0.172349244,-0.039931372,0.966674370,-0.255988935,-0.000822449,0.003106571,stable
146973373700650,146973.372900000,0.001109918,-0.172349200,-0.039931446,0.966674402,-0.255988735,-0.000824068,0.003112688,stable
146973374743100,146973.373900000,0.001110748,-0.172349215,-0.039931394,0.966674365,-0.255988844,-0.000824685,0.003115014,stable
146973376243650,146973.375900000,0.001111316,-0.172349051,-0.039932080,0.966674874,-0.255986902,-0.000825101,0.003116612,stable
146973378248600,146973.377900000,0.001110941,-0.172348693,-0.039933626,0.966676021,-0.255982583,-0.000824811,0.003115572,stable
146973380249750,146973.379900000,0.001110895,-0.172348067,-0.039936308,0.966678002,-0.255975106,-0.000824755,0.003115459,stable
146973381763250,146973.380900000,0.001111336,-0.172347784,-0.039937511,0.966678890,-0.255971736,-0.000825073,0.003116705,stable
146973383763550,146973.382900000,0.001112803,-0.172347024,-0.039940804,0.966681330,-0.255962467,-0.000826136,0.003120841,stable
146973385758850,146973.384900000,0.001114815,-0.172346398,-0.039943438,0.966683265,-0.255955083,-0.000827609,0.003126501,stable
146973387756500,146973.386900000,0.001116575,-0.172345847,-0.039945733,0.966684955,-0.255948638,-0.000828897,0.003131453,stable
146973389755300,146973.388900000,0.001116813,-0.172345385,-0.039947711,0.966686426,-0.255943073,-0.000829058,0.003132132,stable
146973391773950,146973.390900000,0.001116656,-0.172345221,-0.039948482,0.966686997,-0.255940921,-0.000828935,0.003131696,stable
146973393767450,146973.392900000,0.001116356,-0.172345221,-0.039948456,0.966686981,-0.255940992,-0.000828713,0.003130856,stable
146973395274750,146973.394900000,0.001116283,-0.172345310,-0.039948076,0.966686708,-0.255942026,-0.000828662,0.003130649,stable
146973397298600,146973.396900000,0.001115871,-0.172345906,-0.039945487,0.966684780,-0.255949324,-0.000828377,0.003129477,stable
146973399277400,146973.398900000,0.001115272,-0.172346666,-0.039942246,0.966682377,-0.255958423,-0.000827957,0.003127773,stable
146973401785100,146973.400900000,0.001113530,-0.172347307,-0.039939567,0.966680405,-0.255965932,-0.000826686,0.003122872,stable
146973403793800,146973.402900000,0.001111452,-0.172347769,-0.039937574,0.966678951,-0.255971499,-0.000825158,0.003117031,stable
146973405797000,146973.404900000,0.001109683,-0.172347859,-0.039937250,0.966678723,-0.255972425,-0.000823848,0.003112067,stable
146973407801000,146973.406900000,0.001107991,-0.172347710,-0.039937962,0.966679268,-0.255970431,-0.000822586,0.003107328,stable
146973409309000,146973.408900000,0.001106702,-0.172347337,-0.039939608,0.966680497,-0.255965835,-0.000821616,0.003103723,stable
146973411315500,146973.410900000,0.001106334,-0.172347054,-0.039940797,0.966681373,-0.255962538,-0.000821334,0.003102700,stable
146973413335200,146973.412900000,0.001105762,-0.172346801,-0.039941940,0.966682234,-0.255959310,-0.000820900,0.003101102,stable
146973415322950,146973.414900000,0.001105403,-0.172346368,-0.039943811,0.966683624,-0.255954071,-0.000820619,0.003100108,stable
146973417348150,146973.416900000,0.001105384,-0.172346026,-0.039945308,0.966684746,-0.255949836,-0.000820592,0.003100062,stable
146973419329600,146973.418900000,0.001104985,-0.172345668,-0.039946824,0.966685871,-0.255945602,-0.000820285,0.003098955,stable
146973421322650,146973.420900000,0.001103386,-0.172345534,-0.039947454,0.966686351,-0.255943844,-0.000819093,0.003094475,stable
146973423316500,146973.422900000,0.001102182,-0.172345385,-0.039948124,0.966686865,-0.255941947,-0.000818193,0.003091101,stable
146973425325800,146973.424900000,0.001101303,-0.172345236,-0.039948825,0.966687399,-0.255939963,-0.000817535,0.003088640,stable
146973427321350,146973.426900000,0.001100674,-0.172344908,-0.039950244,0.966688452,-0.255936010,-0.000817058,0.003086887,stable
146973429333050,146973.428900000,0.001100509,-0.172344163,-0.039953481,0.966690843,-0.255926982,-0.000816909,0.003086444,stable
146973431330750,146973.430900000,0.001101161,-0.172343478,-0.039956413,0.966693024,-0.255918720,-0.000817371,0.003088294,stable
146973433329800,146973.432900000,0.001102295,-0.172342986,-0.039958462,0.966694535,-0.255912974,-0.000818196,0.003091486,stable
146973435328050,146973.434900000,0.001103963,-0.172342852,-0.039959047,0.966694952,-0.255911335,-0.000819429,0.003096168,stable
146973437334850,146973.436900000,0.001105324,-0.172342911,-0.039958760,0.966694737,-0.255912100,-0.000820442,0.003099983,stable
146973439323500,146973.438900000,0.001106888,-0.172343165,-0.039957590,0.966693842,-0.255915424,-0.000821612,0.003104362,stable
146973441333450,146973.440900000,0.001108463,-0.172343194,-0.039957441,0.966693728,-0.255915797,-0.000822782,0.003108778,stable
146973443845200,146973.442900000,0.001111576,-0.172342449,-0.039960522,0.966695976,-0.255907195,-0.000825908,0.003117085,stable
146973445820000,146973.444900000,0.001113998,-0.172342151,-0.039961766,0.966696881,-0.255903681,-0.000826664,0.003124431,stable
146973447823000,146973.446900000,0.001116489,-0.172341377,-0.039965034,0.966699282,-0.255894522,-0.000828825,0.003131262,stable
146973449835700,146973.448900000,0.001117666,-0.172341004,-0.039966617,0.966700452,-0.255890060,-0.000829936,0.003134442,stable
146973451831100,146973.450900000,0.001119106,-0.172340468,-0.039968856,0.966702104,-0.255883767,-0.000831873,0.003138026,stable
146973453858300,146973.452900000,0.001118756,-0.172339916,-0.039971240,0.966703874,-0.255877089,-0.000829467,0.003138186,stable
146973455373150,146973.454900000,0.001117683,-0.172339305,-0.039973903,0.966705856,-0.255869640,-0.000829495,0.003134745,stable
146973457444900,146973.456900000,0.001117629,-0.172338858,-0.039975855,0.966707318,-0.255864121,-0.000829439,0.003134608,stable
146973459384200,146973.458900000,0.001117528,-0.172338814,-0.039976072,0.966707467,-0.255863561,-0.000829363,0.003134326,stable
146973461374800,146973.460900000,0.001117076,-0.172338918,-0.039975595,0.966707127,-0.255864863,-0.000829031,0.003133056,stable
146973463372300,146973.462900000,0.001116744,-0.172339261,-0.039974168,0.966706061,-0.255868902,-0.000828796,0.003132113,stable
146973465377800,146973.464900000,0.001116798,-0.172339693,-0.039972313,0.966704680,-0.255874115,-0.000828851,0.003132254,stable
146973467382000,146973.466900000,0.001116500,-0.172340080,-0.039970651,0.966703444,-0.255878798,-0.000828643,0.003131407,stable
146973469385400,146973.468900000,0.001115582,-0.172340408,-0.039969239,0.966702413,-0.255882727,-0.000827973,0.003128823,stable
146973471388600,146973.470900000,0.001115335,-0.172340646,-0.039968219,0.966701649,-0.255885621,-0.000827797,0.003128123,stable
146973473386350,146973.472900000,0.001115562,-0.172340706,-0.039967921,0.966701436,-0.255886417,-0.000827969,0.003128758,stable
146973475393800,146973.474900000,0.001116016,-0.172340631,-0.039968252,0.966701676,-0.255885493,-0.000828303,0.003130034,stable
146973477374500,146973.476900000,0.001117037,-0.172340214,-0.039970011,0.966702976,-0.255880545,-0.000829047,0.003132910,stable
146973479391600,146973.478900000,0.001117073,-0.172339693,-0.039972253,0.966704641,-0.255874255,-0.000829055,0.003133025,stable
146973481387350,146973.480900000,0.001116742,-0.172339082,-0.039974947,0.966706638,-0.255866722,-0.000828789,0.003132115,stable
146973483382600,146973.482900000,0.001116487,-0.172338396,-0.039977860,0.966708808,-0.255858532,-0.000828576,0.003131419,stable
146973484589600,146973.483900000,0.001115962,-0.172338232,-0.039978612,0.966709368,-0.255856437,-0.000828180,0.003129950,stable
146973486590800,146973.485900000,0.001114571,-0.172338158,-0.039978955,0.966709632,-0.255855490,-0.000827145,0.003126051,stable
146973488588500,146973.487900000,0.001113421,-0.172338322,-0.039978310,0.966709173,-0.255857267,-0.000826297,0.003122821,stable
146973490605700,146973.489900000,0.001112909,-0.172338784,-0.039976303,0.966707686,-0.255862900,-0.000825933,0.003121372,stable
146973492596450,146973.491900000,0.001114202,-0.172339261,-0.039974250,0.966706139,-0.255868699,-0.000826909,0.003124985,stable
146973494058250,146973.492900000,0.001116095,-0.172338888,-0.039975766,0.966707254,-0.255864418,-0.000828422,0.003130241,stable
146973497073700,146973.495900000,0.001117159,-0.172339350,-0.039973736,0.966705735,-0.255870117,-0.000829108,0.003133276,stable
146973498083450,146973.496900000,0.001118777,-0.172338963,-0.039975353,0.966706927,-0.255865557,-0.000830664,0.003137630,stable
146973501079250,146973.499900000,0.001118171,-0.172339544,-0.039972901,0.966705101,-0.255872477,-0.000829865,0.003136109,stable
146973501626300,146973.500900000,0.001117582,-0.172339484,-0.039973170,0.966705313,-0.255871695,-0.000829426,0.003134459,stable
146973503646400,146973.502900000,0.001116465,-0.172339365,-0.039973725,0.966705734,-0.255870146,-0.000828593,0.003131330,stable
146973505642400,146973.504900000,0.001115127,-0.172339305,-0.039974000,0.966705950,-0.255869381,-0.000827597,0.003127577,stable
146973507645850,146973.506900000,0.001114676,-0.172338977,-0.039975457,0.966707038,-0.255865286,-0.000827251,0.003126322,stable
146973509640300,146973.508900000,0.001114663,-0.172338814,-0.039976154,0.966707548,-0.255863358,-0.000827236,0.003126292,stable
146973511651650,146973.510900000,0.001114479,-0.172338620,-0.039976999,0.966708183,-0.255860968,-0.000827092,0.003125780,stable
146973513654150,146973.512900000,0.001114345,-0.172338381,-0.039978001,0.966708935,-0.255858131,-0.000826986,0.003125412,stable
146973515648050,146973.514900000,0.001113991,-0.172338337,-0.039978184,0.966709071,-0.255857629,-0.000826722,0.003124420,stable
146973517227700,146973.516900000,0.001113454,-0.172338083,-0.039979316,0.966709912,-0.255854472,-0.000826313,0.003122920,stable
146973519228850,146973.518900000,0.001113167,-0.172337547,-0.039981615,0.966711620,-0.255848029,-0.000826082,0.003122130,stable
146973522050100,146973.520900000,0.001113011,-0.172336966,-0.039984133,0.966713497,-0.255840944,-0.000825946,0.003121709,stable
146973524061200,146973.522900000,0.001113048,-0.172336534,-0.039985988,0.966714868,-0.255835758,-0.000825959,0.003121826,stable
146973525229300,146973.524900000,0.001112984,-0.172336325,-0.039986908,0.966715557,-0.255833158,-0.000825905,0.003121654,stable
146973528070250,146973.526900000,0.001112753,-0.172336429,-0.039986454,0.966715219,-0.255834445,-0.000825737,0.003121002,stable
146973529243000,146973.528900000,0.001112500,-0.172336757,-0.039985038,0.966714171,-0.255838415,-0.000825560,0.003120284,stable
146973531231650,146973.530900000,0.001112462,-0.172337338,-0.039982583,0.966712351,-0.255845291,-0.000825551,0.003120159,stable
146973533236300,146973.532900000,0.001111430,-0.172337577,-0.039981563,0.966711606,-0.255848144,-0.000824793,0.003117260,stable
146973535250150,146973.534900000,0.001110161,-0.172337562,-0.039981656,0.966711680,-0.255847910,-0.000823851,0.003113699,stable
146973537244400,146973.536900000,0.001108508,-0.172337562,-0.039981734,0.966711751,-0.255847704,-0.000822624,0.003109065,stable
146973539250750,146973.538900000,0.001108039,-0.172337905,-0.039980263,0.966710668,-0.255851814,-0.000822287,0.003107738,stable
146973541234700,146973.540900000,0.001107918,-0.172338292,-0.039978601,0.966709430,-0.255856497,-0.000822211,0.003107390,stable
146973543227800,146973.542900000,0.001108085,-0.172338724,-0.039976697,0.966708022,-0.255861808,-0.000822350,0.003107844,stable
146973544687450,146973.543900000,0.001107956,-0.172338799,-0.039976392,0.966707787,-0.255862703,-0.000822257,0.003107482,stable
146973546700300,146973.545900000,0.001108008,-0.172338977,-0.039975647,0.966707243,-0.255864757,-0.000822300,0.003107621,stable
146973548715500,146973.547900000,0.001108553,-0.172339082,-0.039975129,0.966706846,-0.255866237,-0.000822709,0.003109147,stable
146973550695300,146973.549900000,0.001110082,-0.172339350,-0.039973959,0.966705970,-0.255869490,-0.000823854,0.003113430,stable
146973552698100,146973.551900000,0.001112130,-0.172339499,-0.039973248,0.966705430,-0.255871456,-0.000825379,0.003119167,stable
146973554700750,146973.553900000,0.001113322,-0.172339544,-0.039973043,0.966705260,-0.255872054,-0.000826265,0.003122509,stable
146973556705750,146973.555900000,0.001113883,-0.172339469,-0.039973326,0.966705462,-0.255871270,-0.000826679,0.003124083,stable
146973558702550,146973.557900000,0.001114264,-0.172339484,-0.039973274,0.966705425,-0.255871395,-0.000826963,0.003125152,stable
146973560702300,146973.559900000,0.001114500,-0.172339529,-0.039973058,0.966705264,-0.255871996,-0.000827139,0.003125813,stable
146973562708700,146973.561900000,0.001114882,-0.172339603,-0.039972737,0.966705024,-0.255872889,-0.000827425,0.003126881,stable
146973565046700,146973.563900000,0.001114382,-0.172339454,-0.039973408,0.966705516,-0.255871046,-0.000827049,0.003125485,stable
146973566247300,146973.565900000,0.001113024,-0.172339007,-0.039975345,0.966706964,-0.255865626,-0.000826026,0.003121688,stable
146973568263000,146973.567900000,0.001111289,-0.172338784,-0.039976362,0.966707742,-0.255862750,-0.000824730,0.003116828,stable
146973570279300,146973.569900000,0.001109321,-0.172338873,-0.039976057,0.966707530,-0.255863622,-0.000823272,0.003111308,stable
146973572262000,146973.571900000,0.001107617,-0.172339007,-0.039975494,0.966707132,-0.255865190,-0.000822011,0.003106523,stable
146973574266400,146973.573900000,0.001105746,-0.172338888,-0.039976053,0.966707566,-0.255863615,-0.000820619,0.003101281,stable
146973576257150,146973.575900000,0.001104606,-0.172338665,-0.039977062,0.966708327,-0.255860782,-0.000819765,0.003098089,stable
146973579068900,146973.577900000,0.001104395,-0.172338128,-0.039979398,0.966710064,-0.255854226,-0.000819590,0.003097515,stable
146973580252750,146973.579900000,0.001104849,-0.172337562,-0.039981809,0.966711839,-0.255847503,-0.000819908,0.003098803,stable
146973582268900,146973.581900000,0.001105009,-0.172336891,-0.039984688,0.966713976,-0.255839424,-0.000820004,0.003099270,stable
146973584274400,146973.583900000,0.001104411,-0.172336251,-0.039987501,0.966716075,-0.255831514,-0.000819538,0.003097612,stable
146973586271550,146973.585900000,0.001103560,-0.172335789,-0.039989468,0.966717540,-0.255826010,-0.000818891,0.003095236,stable
146973588272000,146973.587900000,0.001103126,-0.172335565,-0.039990481,0.966718294,-0.255823173,-0.000818560,0.003094026,stable
146973590289900,146973.589900000,0.001104059,-0.172335610,-0.039990243,0.966718112,-0.255823828,-0.000819255,0.003096642,stable
146973592268900,146973.591900000,0.001105385,-0.172335595,-0.039990269,0.966718122,-0.255823742,-0.000820239,0.003100362,stable
146973593727300,146973.592900000,0.001106262,-0.172335535,-0.039990511,0.966718288,-0.255823082,-0.000820888,0.003102823,stable
146973595743900,146973.594900000,0.001107508,-0.172335431,-0.039990943,0.966718599,-0.255821864,-0.000821809,0.003106320,stable
146973597740750,146973.596900000,0.001108722,-0.172335178,-0.039991979,0.966719350,-0.255818982,-0.000822702,0.003109732,stable
146973599744650,146973.598900000,0.001109703,-0.172334760,-0.039993711,0.966720635,-0.255814088,-0.000823416,0.003112496,stable
146973601731350,146973.600900000,0.001109427,-0.172334567,-0.039994612,0.966721307,-0.255811559,-0.000823204,0.003111726,stable
146973602816900,146973.601900000,0.001109087,-0.172334656,-0.039994199,0.966721003,-0.255812720,-0.000822954,0.003110770,stable
146973604821800,146973.603900000,0.001108492,-0.172334746,-0.039993841,0.966720742,-0.255813727,-0.000822516,0.003109098,stable
146973606771900,146973.605900000,0.001107424,-0.172335148,-0.039992124,0.966719472,-0.255818566,-0.000821737,0.003106094,stable
146973608823750,146973.607900000,0.001105832,-0.172335580,-0.039990306,0.966718148,-0.255823629,-0.000820570,0.003101615,stable
146973610321400,146973.609900000,0.001104539,-0.172335893,-0.039989028,0.966717201,-0.255827253,-0.000819621,0.003097980,stable
146973612319750,146973.611900000,0.001103442,-0.172335967,-0.039988749,0.966717004,-0.255828037,-0.000818809,0.003094901,stable
146973614320550,146973.613900000,0.001102588,-0.172335714,-0.039989859,0.966717833,-0.255824936,-0.000818166,0.003092513,stable
146973616342800,146973.615900000,0.001102135,-0.172335312,-0.039991561,0.966719098,-0.255820171,-0.000817817,0.003091253,stable
146973618337900,146973.617900000,0.001102196,-0.172334939,-0.039993204,0.966720322,-0.255815544,-0.000817849,0.003091436,stable
146973620326400,146973.619900000,0.001102054,-0.172334760,-0.039993972,0.966720889,-0.255813407,-0.000817738,0.003091042,stable
146973622339800,146973.621900000,0.001102097,-0.172334909,-0.039993305,0.966720401,-0.255815251,-0.000817775,0.003091160,stable
146973624322800,146973.623900000,0.001102848,-0.172335044,-0.039992739,0.966719969,-0.255816857,-0.000818336,0.003093260,stable
146973626331650,146973.625900000,0.001103534,-0.172335327,-0.039991483,0.966719038,-0.255820350,-0.000818855,0.003095176,stable
146973628326200,146973.627900000,0.001105411,-0.172335520,-0.039990570,0.966718333,-0.255822945,-0.000820256,0.003100435,stable
146973630335850,146973.629900000,0.001107306,-0.172335654,-0.039989986,0.966717891,-0.255824548,-0.000821667,0.003105747,stable
146973632349600,146973.631900000,0.001108376,-0.172335550,-0.039990354,0.966718154,-0.255823512,-0.000822458,0.003108751,stable
146973634338150,146973.633900000,0.001108965,-0.172335848,-0.039989065,0.966717188,-0.255827144,-0.000822905,0.003110393,stable
146973636332800,146973.635900000,0.001109570,-0.172336265,-0.039987277,0.966715858,-0.255832146,-0.000823368,0.003112081,stable
146973638330300,146973.637900000,0.001110095,-0.172336802,-0.039984912,0.966714093,-0.255838798,-0.000823777,0.003113538,stable
146973640394700,146973.639900000,0.001111163,-0.172337055,-0.039983824,0.966713276,-0.255841843,-0.000824577,0.003116525,stable
146973642347800,146973.641900000,0.001112664,-0.172336906,-0.039984409,0.966713696,-0.255840204,-0.000825687,0.003120739,stable
146973643850350,146973.642900000,0.001114856,-0.172336593,-0.039985679,0.966714622,-0.255836620,-0.000826668,0.003127230,stable
146973645855800,146973.644900000,0.001117706,-0.172336310,-0.039986838,0.966715456,-0.255833372,-0.000831385,0.003133851,stable
146973647819450,146973.646900000,0.001118247,-0.172335938,-0.039988432,0.966716633,-0.255828897,-0.000828982,0.003136856,stable
146973649859300,146973.648900000,0.001120087,-0.172335193,-0.039991595,0.966718965,-0.255820018,-0.000831412,0.003141461,stable
146973651852350,146973.650900000,0.001119125,-0.172334597,-0.039994214,0.966720923,-0.255812657,-0.000830689,0.003138774,stable
146973653848000,146973.652900000,0.001118813,-0.172334030,-0.039996628,0.966722724,-0.255805863,-0.000830457,0.003137904,stable
146973655861700,146973.654900000,0.001118620,-0.172333673,-0.039998170,0.966723860,-0.255801573,-0.000829988,0.003137539,stable
146973657361550,146973.656900000,0.001117960,-0.172333747,-0.039997902,0.966723663,-0.255802343,-0.000829509,0.003135683,stable
146973659368900,146973.658900000,0.001118367,-0.172333881,-0.039997317,0.966723241,-0.255803923,-0.000829816,0.003136819,stable
146973661368300,146973.660900000,0.001118994,-0.172334269,-0.039995573,0.966721934,-0.255808840,-0.000830295,0.003138566,stable
146973663372700,146973.662900000,0.001120060,-0.172334731,-0.039993592,0.966720449,-0.255814414,-0.000831102,0.003141542,stable
146973665372400,146973.664900000,0.001120801,-0.172335118,-0.039991923,0.966719203,-0.255819094,-0.000831665,0.003143612,stable
146973667372850,146973.666900000,0.001121121,-0.172335312,-0.039991062,0.966718560,-0.255821512,-0.000831909,0.003144503,stable
146973669376750,146973.668900000,0.001121401,-0.172335207,-0.039991513,0.966718890,-0.255820254,-0.000832113,0.003145290,stable
146973671370000,146973.670900000,0.001121939,-0.172334939,-0.039992657,0.966719736,-0.255817037,-0.000832504,0.003146809,stable
146973673376000,146973.672900000,0.001122622,-0.172334567,-0.039994232,0.966720895,-0.255812633,-0.000832998,0.003148734,stable
146973675350700,146973.674900000,0.001123143,-0.172334149,-0.039995983,0.966722199,-0.255807684,-0.000833370,0.003150207,stable
146973677374100,146973.676900000,0.001123638,-0.172333717,-0.039997820,0.966723552,-0.255802554,-0.000833723,0.003151609,stable
146973679382400,146973.678900000,0.001123719,-0.172333464,-0.039998908,0.966724354,-0.255799521,-0.000833774,0.003151842,stable
146973681382850,146973.680900000,0.001123548,-0.172333688,-0.039998010,0.966723693,-0.255802023,-0.000833655,0.003151357,stable
146973683377000,146973.682900000,0.001123145,-0.172334075,-0.039996333,0.966722461,-0.255806693,-0.000833369,0.003150214,stable
146973685384350,146973.684900000,0.001122557,-0.172334641,-0.039993901,0.966720651,-0.255813556,-0.000832952,0.003148551,stable
146973687382950,146973.686900000,0.001121479,-0.172334790,-0.039993275,0.966720195,-0.255815320,-0.000832157,0.003145523,stable
146973689388900,146973.688900000,0.001120498,-0.172334716,-0.039993614,0.966720459,-0.255814357,-0.000831427,0.003142773,stable
146973691383200,146973.690900000,0.001118624,-0.172334477,-0.039994705,0.966721290,-0.255811286,-0.000830027,0.003137524,stable
146973693891000,146973.692900000,0.001118083,-0.172334075,-0.039996490,0.966722619,-0.255806284,-0.000829933,0.003135849,stable
146973695895500,146973.694900000,0.001117690,-0.172333688,-0.039998125,0.966723839,-0.255801686,-0.000828851,0.003135167,stable
146973697889700,146973.696900000,0.001117708,-0.172333390,-0.039999437,0.966724809,-0.255798025,-0.000829842,0.003134704,stable
146973699885600,146973.698900000,0.001117945,-0.172333106,-0.040000651,0.966725704,-0.255794628,-0.000829247,0.003135779,stable
146973701905050,146973.700900000,0.001116466,-0.172332838,-0.040001851,0.966726602,-0.255791291,-0.000829026,0.003131170,stable
146973703421950,146973.702900000,0.001113293,-0.172332942,-0.040001489,0.966726365,-0.255792304,-0.000826018,0.003122615,stable
146973704927200,146973.703900000,0.001113079,-0.172332644,-0.040002789,0.966727339,-0.255788629,-0.000826091,0.003121896,stable
146973706933300,146973.705900000,0.001112126,-0.172332436,-0.040003713,0.966728032,-0.255786046,-0.000825535,0.003119145,stable
146973708931450,146973.707900000,0.001111001,-0.172332063,-0.040005315,0.966729233,-0.255781548,-0.000824051,0.003116336,stable
146973710926600,146973.709900000,0.001112481,-0.172331557,-0.040007483,0.966730829,-0.255775465,-0.000826636,0.003119707,stable
146973712931200,146973.711900000,0.001114579,-0.172331199,-0.040008936,0.966731881,-0.255771406,-0.000826814,0.003126323,stable
146973714931650,146973.713900000,0.001116690,-0.172331423,-0.040007945,0.966731134,-0.255774155,-0.000828936,0.003131948,stable
146973716896400,146973.715900000,0.001117019,-0.172331378,-0.040008131,0.966731264,-0.255773651,-0.000829537,0.003132684,stable
146973718938450,146973.717900000,0.001116409,-0.172331452,-0.040007822,0.966731040,-0.255774520,-0.000828922,0.003131058,stable
146973720936750,146973.719900000,0.001115683,-0.172331363,-0.040008187,0.966731316,-0.255773500,-0.000827355,0.003129565,stable
146973722945900,146973.722000000,0.001115985,-0.172330961,-0.040009949,0.966732630,-0.255768524,-0.000827798,0.003130300,stable
146973724936550,146973.724000000,0.001114814,-0.172330886,-0.040010288,0.966732885,-0.255767605,-0.000827076,0.003126939,stable
146973726935600,146973.726000000,0.001115425,-0.172330916,-0.040010165,0.966732787,-0.255767952,-0.000827530,0.003128652,stable
146973728942800,146973.728000000,0.001116919,-0.172330931,-0.040010065,0.966732700,-0.255768229,-0.000829476,0.003132401,stable
146973730953150,146973.730000000,0.001117498,-0.172330856,-0.040010374,0.966732924,-0.255767361,-0.000829445,0.003134268,stable
146973732943550,146973.732000000,0.001115753,-0.172330663,-0.040011253,0.966733593,-0.255764891,-0.000827443,0.003129751,stable
146973734952950,146973.734000000,0.001114222,-0.172330111,-0.040013667,0.966735397,-0.255758130,-0.000826918,0.003125138,stable
146973736945550,146973.736000000,0.001112862,-0.172329649,-0.040015653,0.966736896,-0.255752513,-0.000825395,0.003121600,stable
146973738944750,146973.738000000,0.001112066,-0.172329232,-0.040017519,0.966738276,-0.255747330,-0.000825930,0.003118777,stable
146973740949300,146973.740000000,0.001111875,-0.172329158,-0.040017836,0.966738513,-0.255746436,-0.000824685,0.003118827,stable
146973742943800,146973.742000000,0.001112999,-0.172329068,-0.040018160,0.966738755,-0.255745483,-0.000826195,0.003121622,stable
146973744444050,146973.744000000,0.001112511,-0.172329664,-0.040015589,0.966736844,-0.255752724,-0.000825326,0.003120516,stable
146973746465200,146973.746000000,0.001112313,-0.172329873,-0.040014736,0.966736213,-0.255755115,-0.000825185,0.003119954,stable
146973748468100,146973.748000000,0.001110873,-0.172330007,-0.040014181,0.966735812,-0.255756683,-0.000824122,0.003115912,stable
146973750469350,146973.750000000,0.001109664,-0.172330365,-0.040012661,0.966734696,-0.255760949,-0.000823237,0.003112511,stable
146973752438950,146973.752000000,0.001108452,-0.172330633,-0.040011588,0.966733908,-0.255763971,-0.000822346,0.003109103,stable
146973754482000,146973.754000000,0.001107484,-0.172330797,-0.040010870,0.966733384,-0.255765985,-0.000821634,0.003106384,stable
146973756471500,146973.756000000,0.001107428,-0.172330633,-0.040011566,0.966733902,-0.255764029,-0.000821586,0.003106231,stable
146973758467250,146973.758000000,0.001108931,-0.172330081,-0.040013924,0.966735638,-0.255757415,-0.000822683,0.003110464,stable
146973760463450,146973.760000000,0.001110071,-0.172329530,-0.040016238,0.966737347,-0.255750913,-0.000823510,0.003113675,stable
146973762470950,146973.762000000,0.001110937,-0.172329053,-0.040018309,0.966738877,-0.255745096,-0.000824136,0.003116117,stable
146973764979700,146973.764000000,0.001112625,-0.172328532,-0.040020518,0.966740493,-0.255738929,-0.000826292,0.003120381,stable
146973766986300,146973.766000000,0.001112303,-0.172328591,-0.040020257,0.966740314,-0.255739615,-0.000825604,0.003119713,stable
146973768989300,146973.768000000,0.001113167,-0.172328621,-0.040020104,0.966740181,-0.255740088,-0.000826375,0.003122069,stable
146973770991200,146973.770000000,0.001113797,-0.172328949,-0.040018674,0.966739124,-0.255744056,-0.000825521,0.003124532,stable
146973772980200,146973.772000000,0.001114276,-0.172329739,-0.040015236,0.966736566,-0.255753713,-0.000827458,0.003125030,stable
146973774985200,146973.774000000,0.001115552,-0.172330305,-0.040012792,0.966734731,-0.255760600,-0.000827584,0.003129038,stable
146973776991700,146973.776000000,0.001115411,-0.172330916,-0.040010154,0.966732783,-0.255767967,-0.000827408,0.003128673,stable
146973778991300,146973.778000000,0.001116333,-0.172331542,-0.040007416,0.966730744,-0.255775639,-0.000828058,0.003131269,stable
146973780999650,146973.780000000,0.001119128,-0.172332287,-0.040004138,0.966728279,-0.255784856,-0.000830657,0.003138825,stable
146973782996600,146973.782000000,0.001118625,-0.172332779,-0.040002011,0.966726716,-0.255790783,-0.000830501,0.003137294,stable
146973784973000,146973.784000000,0.001119276,-0.172333226,-0.040000103,0.966725290,-0.255796148,-0.000830956,0.003139131,stable
146973787012550,146973.786000000,0.001120360,-0.172333568,-0.039998583,0.966724153,-0.255800409,-0.000832858,0.003141584,stable
146973788996800,146973.788000000,0.001122230,-0.172333524,-0.039998736,0.966724241,-0.255799999,-0.000832253,0.003147887,stable
146973791506750,146973.791000000,0.001125203,-0.172333211,-0.039999969,0.966725139,-0.255796499,-0.000834867,0.003156012,stable
146973794028800,146973.793000000,0.001126642,-0.172332659,-0.040002320,0.966726876,-0.255789884,-0.000837078,0.003159447,stable
146973796035750,146973.795000000,0.001126332,-0.172332421,-0.040003370,0.966727646,-0.255786978,-0.000834850,0.003159637,stable
146973797994100,146973.797000000,0.001125555,-0.172331944,-0.040005416,0.966729171,-0.255781249,-0.000835599,0.003156764,stable
146973800027550,146973.799000000,0.001124324,-0.172331244,-0.040008467,0.966731448,-0.255772685,-0.000834135,0.003153609,stable
146973802047300,146973.801000000,0.001121546,-0.172330871,-0.040010173,0.966732742,-0.255767896,-0.000831956,0.003145885,stable
146973803532900,146973.803000000,0.001118725,-0.172331244,-0.040008668,0.966731651,-0.255772125,-0.000829991,0.003137900,stable
146973805556900,146973.805000000,0.001116639,-0.172331497,-0.040007629,0.966730897,-0.255775050,-0.000828451,0.003132040,stable
146973807562300,146973.807000000,0.001115430,-0.172331795,-0.040006343,0.966729947,-0.255778686,-0.000827565,0.003128643,stable
146973809562450,146973.809000000,0.001114498,-0.172331825,-0.040006280,0.966729915,-0.255778843,-0.000826873,0.003126027,stable
146973811560000,146973.811000000,0.001113426,-0.172331527,-0.040007569,0.966730882,-0.255775225,-0.000826068,0.003123030,stable
146973813065750,146973.812000000,0.001114760,-0.172331139,-0.040009227,0.966732098,-0.255770582,-0.000827185,0.003126707,stable
146973815069700,146973.814000000,0.001113727,-0.172330961,-0.040010016,0.966732699,-0.255768348,-0.000826426,0.003123808,stable
146973818060800,146973.817000000,0.001112779,-0.172331095,-0.040009428,0.966732268,-0.255770013,-0.000825700,0.003121161,stable
146973819065050,146973.818000000,0.001110800,-0.172331795,-0.040006511,0.966730126,-0.255778180,-0.000824526,0.003115445,stable
146973821081150,146973.820000000,0.001108837,-0.172332391,-0.040003996,0.966728269,-0.255785270,-0.000823120,0.003109906,stable
146973823070850,146973.822000000,0.001109083,-0.172332913,-0.040001694,0.966726554,-0.255791741,-0.000823020,0.003110742,stable
146973826039900,146973.825000000,0.001108174,-0.172333196,-0.040000539,0.966725712,-0.255794958,-0.000821944,0.003108401,stable
146973827070500,146973.826000000,0.001108388,-0.172333062,-0.040001106,0.966726129,-0.255793378,-0.000823126,0.003108463,stable
146973829055950,146973.828000000,0.001108536,-0.172332838,-0.040002074,0.966726852,-0.255790638,-0.000823080,0.003108963,stable
146973831074650,146973.830000000,0.001109843,-0.172332913,-0.040001683,0.966726547,-0.255791739,-0.000823000,0.003113183,stable
146973833076750,146973.832000000,0.001110918,-0.172333181,-0.040000543,0.966725683,-0.255794966,-0.000823586,0.003116307,stable
146973835068950,146973.834000000,0.001112851,-0.172333121,-0.040000714,0.966725799,-0.255794458,-0.000826004,0.003121208,stable
146973838031150,146973.837000000,0.001114295,-0.172333285,-0.039999988,0.966725242,-0.255796509,-0.000826773,0.003125416,stable
146973840046200,146973.839000000,0.001115436,-0.172333315,-0.039999828,0.966725121,-0.255796926,-0.000827621,0.003128614,stable
146973842042550,146973.841000000,0.001115562,-0.172333539,-0.039998859,0.966724402,-0.255799637,-0.000827722,0.003128963,stable
146973843068900,146973.842000000,0.001116688,-0.172333404,-0.039999411,0.966724795,-0.255798111,-0.000828434,0.003132188,stable
146973845339100,146973.845000000,0.001116886,-0.172334015,-0.039996773,0.966722844,-0.255805476,-0.000828721,0.003132663,stable
146973847315500,146973.847000000,0.001117689,-0.172334135,-0.039996210,0.966722412,-0.255807081,-0.000829321,0.003134909,stable
146973849360900,146973.849000000,0.001118522,-0.172334388,-0.039995074,0.966721568,-0.255810240,-0.000829949,0.003137239,stable
146973851320250,146973.851000000,0.001119030,-0.172334731,-0.039993595,0.966720458,-0.255814416,-0.000830338,0.003138655,stable
146973853325600,146973.853000000,0.001119781,-0.172334731,-0.039993599,0.966720451,-0.255814414,-0.000830895,0.003140760,stable
146973855320300,146973.855000000,0.001119646,-0.172334731,-0.039993599,0.966720452,-0.255814415,-0.000830794,0.003140382,stable
146973857830700,146973.857000000,0.001119563,-0.172334909,-0.039992843,0.966719902,-0.255816499,-0.000830738,0.003140143,stable
146973859834700,146973.859000000,0.001118860,-0.172335133,-0.039991889,0.966719198,-0.255819183,-0.000830225,0.003138167,stable
146973861834450,146973.861000000,0.001117658,-0.172335520,-0.039990257,0.966717996,-0.255823771,-0.000829346,0.003134784,stable
146973863836750,146973.863000000,0.001116294,-0.172335595,-0.039989941,0.966717772,-0.255824667,-0.000828336,0.003130956,stable
146973865834950,146973.865000000,0.001114381,-0.172335431,-0.039990738,0.966718388,-0.255822408,-0.000826911,0.003125597,stable
146973867824250,146973.867000000,0.001112325,-0.172334865,-0.039993193,0.966720223,-0.255815550,-0.000825365,0.003119846,stable
146973869837200,146973.869000000,0.001110104,-0.172334149,-0.039996352,0.966722596,-0.255806666,-0.000823692,0.003113637,stable
146973871845800,146973.871000000,0.001110060,-0.172333568,-0.039998852,0.966724441,-0.255799691,-0.000823640,0.003113529,stable
146973873846800,146973.873000000,0.001110703,-0.172333434,-0.039999459,0.966724890,-0.255797971,-0.000824112,0.003115338,stable
146973875841400,146973.875000000,0.001111901,-0.172333732,-0.039998125,0.966723885,-0.255801728,-0.000825012,0.003118689,stable
146973877806800,146973.877000000,0.001112802,-0.172334030,-0.039996780,0.966722882,-0.255805486,-0.000825691,0.003121208,stable
146973879850950,146973.879000000,0.001113556,-0.172334552,-0.039994549,0.966721218,-0.255811746,-0.000826268,0.003123308,stable
146973881844850,146973.881000000,0.001113810,-0.172334984,-0.039992657,0.966719814,-0.255817042,-0.000826472,0.003124007,stable
146973883839850,146973.883000000,0.001113063,-0.172335282,-0.039991412,0.966718892,-0.255820551,-0.000825927,0.003121904,stable
146973885847300,146973.885000000,0.001111633,-0.172335163,-0.039991926,0.966719290,-0.255819102,-0.000824862,0.003117898,stable
146973887843350,146973.887000000,0.001110138,-0.172334775,-0.039993670,0.966720591,-0.255814241,-0.000823739,0.003113715,stable
146973889817400,146973.889000000,0.001109150,-0.172334477,-0.039994977,0.966721580,-0.255810539,-0.000822996,0.003110953,stable
146973891819250,146973.891000000,0.001108635,-0.172334284,-0.039995827,0.966722206,-0.255808193,-0.000822607,0.003109514,stable
146973893814550,146973.893000000,0.001108804,-0.172334179,-0.039996289,0.966722552,-0.255806878,-0.000822728,0.003109989,stable
146973895283600,146973.895000000,0.001110090,-0.172334194,-0.039996188,0.966722470,-0.255807141,-0.000823683,0.003113596,stable
146973897284200,146973.897000000,0.001110623,-0.172334313,-0.039995614,0.966722029,-0.255808789,-0.000824083,0.003115088,stable
146973899279300,146973.899000000,0.001111412,-0.172334507,-0.039994780,0.966721408,-0.255811107,-0.000824676,0.003117296,stable
146973901276550,146973.901000000,0.001112606,-0.172334716,-0.039993882,0.966720731,-0.255813621,-0.000825568,0.003120639,stable
146973902729750,146973.902000000,0.001112827,-0.172334775,-0.039993625,0.966720540,-0.255814333,-0.000825734,0.003121256,stable
146973904751900,146973.904000000,0.001113467,-0.172334850,-0.039993275,0.966720276,-0.255815309,-0.000826212,0.003123048,stable
146973906714350,146973.906000000,0.001114457,-0.172334805,-0.039993450,0.966720400,-0.255814804,-0.000826945,0.003125826,stable
146973908737400,146973.908000000,0.001115605,-0.172334686,-0.039993878,0.966720704,-0.255813614,-0.000827794,0.003129049,stable
146973910740900,146973.910000000,0.001116306,-0.172334582,-0.039994325,0.966721026,-0.255812368,-0.000828311,0.003131019,stable
146973912702850,146973.912000000,0.001116287,-0.172334358,-0.039995279,0.966721740,-0.255809672,-0.000828289,0.003130972,stable
146973914696600,146973.914000000,0.001116510,-0.172334284,-0.039995626,0.966721990,-0.255808719,-0.000828452,0.003131601,stable
146973916695050,146973.916000000,0.001117326,-0.172334135,-0.039996255,0.966722463,-0.255806902,-0.000829052,0.003133894,stable
146973918263200,146973.918000000,0.001117920,-0.172334030,-0.039996676,0.966722765,-0.255805739,-0.000829489,0.003135561,stable
146973921106350,146973.920000000,0.001117973,-0.172333822,-0.039997548,0.966723404,-0.255803322,-0.000829521,0.003135715,stable
146973922268050,146973.922000000,0.001118034,-0.172333598,-0.039998487,0.966724102,-0.255800680,-0.000829559,0.003135894,stable
146973924295650,146973.924000000,0.001118110,-0.172333643,-0.039998338,0.966723983,-0.255801127,-0.000829617,0.003136105,stable
146973926285700,146973.926000000,0.001118092,-0.172334090,-0.039996400,0.966722549,-0.255806550,-0.000829619,0.003136041,stable
146973928326600,146973.928000000,0.001118718,-0.172334418,-0.039994940,0.966721463,-0.255810629,-0.000830095,0.003137788,stable
146973930324200,146973.930000000,0.001118294,-0.172334909,-0.039992876,0.966719936,-0.255816417,-0.000829797,0.003136586,stable
146973932317700,146973.932000000,0.001117444,-0.172335267,-0.039991371,0.966718834,-0.255820611,-0.000829178,0.003134191,stable
146973934310500,146973.934000000,0.001116415,-0.172335446,-0.039990593,0.966718259,-0.255822822,-0.000828421,0.003131299,stable
146973937062550,146973.936000000,0.001116004,-0.172335833,-0.039988935,0.966717035,-0.255827465,-0.000828129,0.003130137,stable
146973938283950,146973.938000000,0.001115369,-0.172335953,-0.039988473,0.966716693,-0.255828778,-0.000827662,0.003128352,stable
146973940301500,146973.940000000,0.001116129,-0.172335982,-0.039988317,0.966716575,-0.255829196,-0.000828227,0.003130482,stable
146973942380600,146973.942000000,0.001116629,-0.172335893,-0.039988644,0.966716815,-0.255828272,-0.000828596,0.003131888,stable
146973943768350,146973.943000000,0.001116677,-0.172335759,-0.039989229,0.966717240,-0.255826665,-0.000828626,0.003132026,stable
146973945781300,146973.945000000,0.001116181,-0.172335565,-0.039990071,0.966717869,-0.255824305,-0.000828252,0.003130641,stable
146973947783950,146973.947000000,0.001116060,-0.172335565,-0.039990123,0.966717907,-0.255824165,-0.000828161,0.003130302,stable
146973949825750,146973.949000000,0.001116862,-0.172335729,-0.039989345,0.966717323,-0.255826344,-0.000828762,0.003132545,stable
146973951779150,146973.951000000,0.001117810,-0.172336131,-0.039987605,0.966716020,-0.255831233,-0.000829480,0.003135192,stable
146973953777300,146973.953000000,0.001117990,-0.172336474,-0.039986119,0.966714923,-0.255835370,-0.000829625,0.003135687,stable
146973955782950,146973.955000000,0.001117798,-0.172336727,-0.039985038,0.966714130,-0.255838375,-0.000829492,0.003135144,stable
146973957800450,146973.957000000,0.001118268,-0.172336891,-0.039984301,0.966713563,-0.255840498,-0.000829847,0.003136457,stable
146973959752900,146973.959000000,0.001118266,-0.172336996,-0.039983876,0.966713256,-0.255841658,-0.000829848,0.003136446,stable
146973961767500,146973.961000000,0.001118193,-0.172337219,-0.039982878,0.966712517,-0.255844454,-0.000829802,0.003136236,stable
146973963771450,146973.963000000,0.001118250,-0.172337413,-0.039982099,0.966711932,-0.255846662,-0.000829851,0.003136391,stable
146973965343300,146973.965000000,0.001118394,-0.172337487,-0.039981771,0.966711694,-0.255847556,-0.000829960,0.003136794,stable
146973967357400,146973.967000000,0.001118139,-0.172337264,-0.039982706,0.966712392,-0.255844929,-0.000829763,0.003136082,stable
146973969375500,146973.969000000,0.001117449,-0.172337085,-0.039983511,0.966712998,-0.255842666,-0.000829245,0.003134153,stable
146973971365200,146973.971000000,0.001116692,-0.172337130,-0.039983351,0.966712879,-0.255843143,-0.000828684,0.003132029,stable
146973973382500,146973.973000000,0.001117095,-0.172337309,-0.039982587,0.966712305,-0.255845295,-0.000828990,0.003133156,stable
146973975324950,146973.975000000,0.001119511,-0.172337592,-0.039981287,0.966711329,-0.255848895,-0.000830793,0.003139923,stable
146973977366600,146973.977000000,0.001121861,-0.172337756,-0.039980490,0.966710715,-0.255851127,-0.000832543,0.003146509,stable
146973979346800,146973.979000000,0.001123218,-0.172337979,-0.039979529,0.966709982,-0.255853849,-0.000833557,0.003150306,stable
146973981336450,146973.981000000,0.001124111,-0.172337875,-0.039979924,0.966710266,-0.255852742,-0.000834217,0.003152813,stable
146973983814450,146973.983000000,0.001124596,-0.172337830,-0.039980073,0.966710380,-0.255852294,-0.000834576,0.003154177,stable
146973985844800,146973.985000000,0.001124570,-0.172337696,-0.039980687,0.966710831,-0.255850590,-0.000834552,0.003154108,stable
146973987873700,146973.987000000,0.001123956,-0.172337651,-0.039980918,0.966711010,-0.255849934,-0.000834094,0.003152387,stable
146973989852700,146973.989000000,0.001123376,-0.172337532,-0.039981421,0.966711386,-0.255848537,-0.000833660,0.003150763,stable
146973991836100,146973.991000000,0.001123553,-0.172337428,-0.039981838,0.966711699,-0.255847349,-0.000833788,0.003151263,stable
146973993823800,146973.993000000,0.001124067,-0.172337472,-0.039981656,0.966711561,-0.255847850,-0.000834171,0.003152703,stable
146973994929400,146973.994000000,0.001124865,-0.172337011,-0.039983638,0.966713018,-0.255842314,-0.000834595,0.003155034,stable
146973996915700,146973.996000000,0.001124909,-0.172336891,-0.039984129,0.966713383,-0.255840931,-0.000833918,0.003155535,stable
146973998927100,146973.998000000,0.001124513,-0.172336340,-0.039986506,0.966715153,-0.255834265,-0.000835197,0.003153596,stable
146974000941150,146974.000000000,0.001122245,-0.172336042,-0.039987877,0.966716190,-0.255830426,-0.000833267,0.003147372,stable
146974002449950,146974.002000000,0.001120912,-0.172336042,-0.039987884,0.966716206,-0.255830416,-0.000831780,0.003143895,stable
146974004483850,146974.004000000,0.001120116,-0.172335982,-0.039988186,0.966716450,-0.255829524,-0.000831187,0.003141665,stable
146974006453550,146974.006000000,0.001120547,-0.172336012,-0.039988074,0.966716342,-0.255829913,-0.000831507,0.003142873,stable
146974008472900,146974.008000000,0.001120732,-0.172336280,-0.039986912,0.966715490,-0.255833128,-0.000831653,0.003143384,stable
146974010475950,146974.010000000,0.001120492,-0.172336861,-0.039984409,0.966713628,-0.255840172,-0.000831496,0.003142696,stable
146974012958250,146974.012000000,0.001121717,-0.172337398,-0.039982021,0.966711841,-0.255846878,-0.000832501,0.003146073,stable
146974014996300,146974.014000000,0.001123737,-0.172337994,-0.039979447,0.966709922,-0.255854057,-0.000834798,0.003151311,stable
146974017018000,146974.016000000,0.001124773,-0.172338486,-0.039977241,0.966708273,-0.255860247,-0.000834989,0.003154517,stable
146974018986050,146974.018000000,0.001126439,-0.172339037,-0.039974812,0.966706458,-0.255867049,-0.000837083,0.003158729,stable
146974020975550,146974.020000000,0.001127848,-0.172339395,-0.039973281,0.966705301,-0.255871364,-0.000837304,0.003163114,stable
146974022971650,146974.022000000,0.001130476,-0.172339648,-0.039972078,0.966704385,-0.255874727,-0.000839237,0.003170490,stable
146974024976650,146974.024000000,0.001133239,-0.172339872,-0.039971050,0.966703597,-0.255877599,-0.000841168,0.003178303,stable
146974026995500,146974.026000000,0.001134552,-0.172339842,-0.039971143,0.966703656,-0.255877331,-0.000842794,0.003181641,stable
146974029002950,146974.028000000,0.001136920,-0.172339693,-0.039971739,0.966704074,-0.255875662,-0.000844172,0.003188485,stable
146974031000250,146974.030000000,0.001138006,-0.172339737,-0.039971512,0.966703897,-0.255876288,-0.000844147,0.003191968,stable
146974032981850,146974.032000000,0.001141059,-0.172339663,-0.039971720,0.966704025,-0.255875695,-0.000847936,0.003199725,stable
146974035028500,146974.034000000,0.001143665,-0.172339410,-0.039972726,0.966704740,-0.255872893,-0.000849187,0.003207399,stable
146974036980700,146974.036000000,0.001144937,-0.172339454,-0.039972514,0.966704577,-0.255873463,-0.000850572,0.003210733,stable
146974039018000,146974.038000000,0.001146772,-0.172339305,-0.039973121,0.966705010,-0.255871753,-0.000851063,0.003216342,stable
146974040987050,146974.040000000,0.001147358,-0.172339126,-0.039973889,0.966705572,-0.255869614,-0.000852632,0.003217387,stable
146974042997850,146974.042000000,0.001148189,-0.172338724,-0.039975557,0.966706802,-0.255864930,-0.000852241,0.003220256,stable
146974045461600,146974.045000000,0.001147824,-0.172338471,-0.039976686,0.966707642,-0.255861772,-0.000851842,0.003219303,stable
146974047450300,146974.047000000,0.001148228,-0.172338173,-0.039977930,0.966708559,-0.255858291,-0.000852131,0.003220443,stable
146974049425700,146974.049000000,0.001149415,-0.172337979,-0.039978724,0.966709147,-0.255856024,-0.000853006,0.003223779,stable
146974051552150,146974.051000000,0.001151141,-0.172337934,-0.039978895,0.966709256,-0.255855545,-0.000854285,0.003228622,stable
146974053460700,146974.053000000,0.001153132,-0.172337845,-0.039979242,0.966709489,-0.255854589,-0.000855760,0.003234208,stable
146974055453050,146974.055000000,0.001154732,-0.172337905,-0.039978918,0.966709238,-0.255855480,-0.000856950,0.003238691,stable
146974057450050,146974.057000000,0.001156150,-0.172337860,-0.039979085,0.966709350,-0.255855001,-0.000858001,0.003242671,stable
146974058961000,146974.058000000,0.001157354,-0.172337651,-0.039979942,0.966709968,-0.255852623,-0.000859459,0.003245750,stable
146974060967550,146974.060000000,0.001158154,-0.172337264,-0.039981607,0.966711199,-0.255847939,-0.000859631,0.003248223,stable
146974062978100,146974.062000000,0.001159080,-0.172336727,-0.039983880,0.966712876,-0.255841563,-0.000859395,0.003251313,stable
146974064947000,146974.064000000,0.001159771,-0.172336057,-0.039986711,0.966714976,-0.255833609,-0.000862210,0.003252040,stable
146974066973300,146974.066000000,0.001159474,-0.172335640,-0.039988540,0.966716336,-0.255828481,-0.000861395,0.003251528,stable
146974068970200,146974.068000000,0.001158561,-0.172335133,-0.039990783,0.966718001,-0.255822221,-0.000859557,0.003249586,stable
146974070975850,146974.070000000,0.001158099,-0.172334716,-0.039992560,0.966719330,-0.255817219,-0.000860163,0.003247791,stable
146974072973350,146974.072000000,0.001157020,-0.172334343,-0.039994210,0.966720564,-0.255812595,-0.000858906,0.003245013,stable
146974074968250,146974.074000000,0.001155103,-0.172333986,-0.039995771,0.966721743,-0.255808210,-0.000857232,0.003239771,stable
146974076971050,146974.076000000,0.001152093,-0.172333553,-0.039997768,0.966723263,-0.255802586,-0.000856156,0.003230723,stable
146974078973350,146974.078000000,0.001152017,-0.172333136,-0.039999567,0.966724586,-0.255797582,-0.000854934,0.003231128,stable
146974080976200,146974.080000000,0.001150643,-0.172332734,-0.040001307,0.966725893,-0.255792693,-0.000853654,0.003227417,stable
146974082981500,146974.082000000,0.001150383,-0.172332600,-0.040001895,0.966726329,-0.255791059,-0.000853939,0.003226436,stable
146974084970950,146974.084000000,0.001150242,-0.172332823,-0.040000968,0.966725646,-0.255793645,-0.000853678,0.003226123,stable
146974086988350,146974.086000000,0.001150049,-0.172332913,-0.040000573,0.966725348,-0.255794777,-0.000853617,0.003225537,stable
146974088975900,146974.088000000,0.001149857,-0.172333345,-0.039998688,0.966723952,-0.255800061,-0.000853820,0.003224812,stable
146974090979600,146974.090000000,0.001147008,-0.172333270,-0.039999120,0.966724308,-0.255798823,-0.000850689,0.003217359,stable
146974092977500,146974.092000000,0.001146291,-0.172333747,-0.039997101,0.966722806,-0.255804528,-0.000851562,0.003214599,stable
146974094513000,146974.094000000,0.001143988,-0.172334254,-0.039994985,0.966721259,-0.255810460,-0.000848846,0.003208669,stable
146974096505900,146974.096000000,0.001143175,-0.172334418,-0.039994273,0.966720742,-0.255812446,-0.000848248,0.003206383,stable
146974098517550,146974.098000000,0.001142671,-0.172334284,-0.039994895,0.966721212,-0.255810686,-0.000847869,0.003204971,stable
146974100505500,146974.100000000,0.001141944,-0.172333837,-0.039996825,0.966722647,-0.255805292,-0.000847314,0.003202946,stable
146974102516400,146974.102000000,0.001141085,-0.172333464,-0.039998427,0.966723845,-0.255800794,-0.000846663,0.003200549,stable
146974103571200,146974.103000000,0.001140648,-0.172333285,-0.039999206,0.966724426,-0.255798616,-0.000846333,0.003199327,stable
146974106054100,146974.105000000,0.001140137,-0.172333136,-0.039999910,0.966724956,-0.255796632,-0.000845948,0.003197898,stable
146974108069600,146974.107000000,0.001141254,-0.172332615,-0.040002108,0.966726569,-0.255790493,-0.000846916,0.003200964,stable
146974110052650,146974.109000000,0.001140629,-0.172332749,-0.040001541,0.966726168,-0.255792032,-0.000846300,0.003199290,stable
146974111095350,146974.110000000,0.001141547,-0.172332048,-0.040004529,0.966728364,-0.255783700,-0.000847334,0.003201684,stable
146974113083050,146974.112000000,0.001139986,-0.172332063,-0.040004499,0.966728357,-0.255783788,-0.000846607,0.003197079,stable
146974115046400,146974.114000000,0.001139607,-0.172332034,-0.040004641,0.966728464,-0.255783397,-0.000846123,0.003196122,stable
146974117087150,146974.116000000,0.001138798,-0.172332034,-0.040004645,0.966728471,-0.255783399,-0.000845307,0.003193968,stable
146974119068550,146974.118000000,0.001139550,-0.172332108,-0.040004313,0.966728228,-0.255784292,-0.000845992,0.003196011,stable
146974121077200,146974.120000000,0.001140665,-0.172332287,-0.040003508,0.966727625,-0.255786525,-0.000846712,0.003199193,stable
146974123078250,146974.122000000,0.001140726,-0.172332495,-0.040002640,0.966726977,-0.255788971,-0.000846438,0.003199529,stable
146974126062800,146974.125000000,0.001138706,-0.172332704,-0.040001817,0.966726375,-0.255791324,-0.000844871,0.003193899,stable
146974127077150,146974.126000000,0.001139197,-0.172332287,-0.040003601,0.966727713,-0.255786249,-0.000845968,0.003194890,stable
146974129071350,146974.128000000,0.001138007,-0.172332168,-0.040004134,0.966728109,-0.255784798,-0.000844952,0.003191627,stable
146974131078750,146974.130000000,0.001136890,-0.172332123,-0.040004365,0.966728286,-0.255784172,-0.000844569,0.003188257,stable
146974134061900,146974.133000000,0.001135464,-0.172332391,-0.040003248,0.966727481,-0.255787264,-0.000842453,0.003184813,stable
146974135057700,146974.134000000,0.001136342,-0.172332034,-0.040004730,0.966728568,-0.255783125,-0.000843131,0.003187266,stable
146974137100900,146974.136000000,0.001136573,-0.172331899,-0.040005326,0.966729005,-0.255781461,-0.000843182,0.003187981,stable
146974139073150,146974.138000000,0.001136626,-0.172331601,-0.040006608,0.966729952,-0.255777883,-0.000843871,0.003187787,stable
146974142066050,146974.141000000,0.001136511,-0.172331631,-0.040006440,0.966729834,-0.255778331,-0.000843204,0.003187772,stable
146974144049850,146974.143000000,0.001136666,-0.172331661,-0.040006343,0.966729763,-0.255778596,-0.000843320,0.003188208,stable
146974144621200,146974.144000000,0.001136897,-0.172331706,-0.040006161,0.966729628,-0.255779098,-0.000843493,0.003188852,stable
146974146625100,146974.146000000,0.001137896,-0.172331497,-0.040006988,0.966730225,-0.255776804,-0.000844227,0.003191662,stable
146974148629550,146974.148000000,0.001139021,-0.172331199,-0.040008251,0.966731150,-0.255773265,-0.000845052,0.003194826,stable
146974150639100,146974.150000000,0.001140700,-0.172330856,-0.040009666,0.966732192,-0.255769264,-0.000846286,0.003199544,stable
146974152650200,146974.152000000,0.001141723,-0.172330439,-0.040011480,0.966733528,-0.255764174,-0.000847030,0.003202425,stable
146974154627400,146974.154000000,0.001142145,-0.172330052,-0.040013142,0.966734756,-0.255759518,-0.000847330,0.003203620,stable
146974156628650,146974.156000000,0.001142298,-0.172329694,-0.040014647,0.966735875,-0.255755283,-0.000847431,0.003204060,stable
146974158629500,146974.158000000,0.001141218,-0.172329441,-0.040015768,0.966736713,-0.255752155,-0.000846621,0.003201039,stable
146974160627600,146974.160000000,0.001139635,-0.172329411,-0.040015947,0.966736868,-0.255751628,-0.000845445,0.003196600,stable
146974162637250,146974.162000000,0.001138029,-0.172329426,-0.040015917,0.966736853,-0.255751743,-0.000844254,0.003192094,stable
146974164630550,146974.164000000,0.001135589,-0.172329262,-0.040016722,0.966737468,-0.255749513,-0.000842437,0.003185255,stable
146974166654300,146974.166000000,0.001133031,-0.172329143,-0.040017303,0.966737920,-0.255747897,-0.000840535,0.003178083,stable
146974169071200,146974.168000000,0.001129867,-0.172329009,-0.040017936,0.966738426,-0.255746103,-0.000838182,0.003169214,stable
146974170122800,146974.169000000,0.001129278,-0.172328681,-0.040019397,0.966739519,-0.255741993,-0.000837888,0.003167490,stable
146974173077350,146974.172000000,0.001125369,-0.172328696,-0.040019430,0.966739573,-0.255741934,-0.000834834,0.003156606,stable
146974174229800,146974.174000000,0.001123989,-0.172328711,-0.040019386,0.966739553,-0.255742062,-0.000833810,0.003152736,stable
146974176072250,146974.175000000,0.001124470,-0.172328323,-0.040021040,0.966740779,-0.255737406,-0.000833530,0.003154426,stable
146974179068150,146974.178000000,0.001123344,-0.172327965,-0.040022623,0.966741966,-0.255732964,-0.000833305,0.003150947,stable
146974180235400,146974.180000000,0.001124398,-0.172327623,-0.040024061,0.966743020,-0.255728938,-0.000834076,0.003153915,stable
146974183089050,146974.182000000,0.001125769,-0.172327504,-0.040024567,0.966743385,-0.255727507,-0.000835089,0.003157762,stable
146974184239000,146974.184000000,0.001126414,-0.172327429,-0.040024851,0.966743590,-0.255726710,-0.000835566,0.003159575,stable
146974186230950,146974.186000000,0.001127474,-0.172327623,-0.040023990,0.966742933,-0.255729153,-0.000836358,0.003162541,stable
146974189068450,146974.188000000,0.001128930,-0.172327980,-0.040022418,0.966741752,-0.255733566,-0.000837451,0.003166615,stable
146974191038000,146974.190000000,0.001129990,-0.172328636,-0.040019549,0.966739619,-0.255741587,-0.000838261,0.003169570,stable
146974193055750,146974.192000000,0.001131528,-0.172329336,-0.040016465,0.966737309,-0.255750263,-0.000839427,0.003173864,stable
146974195030800,146974.194000000,0.001133512,-0.172330007,-0.040013522,0.966735117,-0.255758476,-0.000840922,0.003179407,stable
146974195700150,146974.195000000,0.001134062,-0.172330245,-0.040012531,0.966734376,-0.255761257,-0.000841339,0.003180945,stable
146974197691050,146974.197000000,0.001135458,-0.172330484,-0.040011421,0.966733542,-0.255764356,-0.000842383,0.003184852,stable
146974199708350,146974.199000000,0.001136856,-0.172330678,-0.040010594,0.966732908,-0.255766701,-0.000843427,0.003188769,stable
146974201667350,146974.201000000,0.001138311,-0.172331020,-0.040009052,0.966731755,-0.255771003,-0.000844519,0.003192839,stable
146974203956300,146974.203000000,0.001140529,-0.172331020,-0.040009011,0.966731702,-0.255771124,-0.000846418,0.003198926,stable
146974205872850,146974.205000000,0.001141191,-0.172332004,-0.040004738,0.966728526,-0.255783100,-0.000846691,0.003200888,stable
146974207932450,146974.207000000,0.001144497,-0.172332093,-0.040004224,0.966728115,-0.255784532,-0.000850093,0.003209656,stable
146974209945500,146974.209000000,0.001145516,-0.172332510,-0.040002454,0.966726789,-0.255789505,-0.000850978,0.003212442,stable
146974211928300,146974.211000000,0.001146655,-0.172332972,-0.040000398,0.966725257,-0.255795248,-0.000850371,0.003216401,stable
146974213942800,146974.213000000,0.001148098,-0.172333002,-0.040000245,0.966725122,-0.255795704,-0.000851183,0.003220586,stable
146974215457650,146974.215000000,0.001148162,-0.172332853,-0.040000871,0.966725588,-0.255793943,-0.000851894,0.003220415,stable
146974217466600,146974.217000000,0.001148835,-0.172332242,-0.040003475,0.966727519,-0.255786618,-0.000852373,0.003222320,stable
146974219460550,146974.219000000,0.001149546,-0.172331586,-0.040006310,0.966729620,-0.255778649,-0.000852877,0.003224332,stable
146974221462950,146974.221000000,0.001150853,-0.172331244,-0.040007751,0.966730673,-0.255774622,-0.000853834,0.003228008,stable
146974223462400,146974.223000000,0.001150597,-0.172330946,-0.040009029,0.966731618,-0.255771058,-0.000853634,0.003227299,stable
146974225457100,146974.225000000,0.001150177,-0.172330767,-0.040009797,0.966732199,-0.255768878,-0.000853317,0.003226129,stable
146974227465650,146974.227000000,0.001149698,-0.172330692,-0.040010151,0.966732462,-0.255767901,-0.000852958,0.003224787,stable
146974229455000,146974.229000000,0.001149283,-0.172330528,-0.040010877,0.966733002,-0.255765876,-0.000852644,0.003223626,stable
146974231459550,146974.231000000,0.001149248,-0.172330335,-0.040011708,0.966733628,-0.255763513,-0.000852611,0.003223535,stable
146974233473700,146974.233000000,0.001149472,-0.172330111,-0.040012628,0.966734302,-0.255760955,-0.000852770,0.003224169,stable
146974235434900,146974.235000000,0.001149941,-0.172330081,-0.040012766,0.966734409,-0.255760535,-0.000853116,0.003225485,stable
146974237482950,146974.237000000,0.001150180,-0.172330141,-0.040012501,0.966734211,-0.255761275,-0.000853297,0.003226155,stable
146974239478800,146974.239000000,0.001150088,-0.172330186,-0.040012281,0.966734038,-0.255761932,-0.000853230,0.003225895,stable
146974241484400,146974.241000000,0.001149530,-0.172330454,-0.040011175,0.966733222,-0.255765036,-0.000852825,0.003224322,stable
146974244038100,146974.243000000,0.001149438,-0.172330588,-0.040010612,0.966732805,-0.255766616,-0.000852270,0.003224321,stable
146974245995900,146974.245000000,0.001148319,-0.172330946,-0.040009081,0.966731682,-0.255770910,-0.000853907,0.003219873,stable
146974247997300,146974.247000000,0.001147240,-0.172330663,-0.040010307,0.966732607,-0.255767445,-0.000850289,0.003218339,stable
146974250003700,146974.249000000,0.001146226,-0.172330648,-0.040010430,0.966732702,-0.255767127,-0.000850666,0.003214899,stable
146974251960150,146974.251000000,0.001144695,-0.172330722,-0.040010139,0.966732499,-0.255767955,-0.000849619,0.003210554,stable
146974254069050,146974.253000000,0.001144170,-0.172330916,-0.040009353,0.966731919,-0.255770164,-0.000848899,0.003209257,stable
146974255997150,146974.255000000,0.001143251,-0.172330618,-0.040010657,0.966732908,-0.255766462,-0.000849033,0.003206250,stable
146974257998850,146974.257000000,0.001142447,-0.172330871,-0.040009577,0.966732101,-0.255769539,-0.000847366,0.003204557,stable
146974259993450,146974.259000000,0.001141068,-0.172330439,-0.040011488,0.966733542,-0.255764148,-0.000847219,0.003200232,stable
146974262513300,146974.262000000,0.001139746,-0.172331244,-0.040008023,0.966730977,-0.255773893,-0.000845591,0.003196856,stable
146974264512400,146974.264000000,0.001139582,-0.172331616,-0.040006440,0.966729806,-0.255778323,-0.000845483,0.003196385,stable
146974266523900,146974.266000000,0.001138901,-0.172331780,-0.040005784,0.966729324,-0.255780169,-0.000844983,0.003194472,stable
146974268514300,146974.268000000,0.001137877,-0.172331527,-0.040006895,0.966730151,-0.255777084,-0.000844214,0.003191607,stable
146974270516600,146974.270000000,0.001137324,-0.172331020,-0.040009052,0.966731768,-0.255770990,-0.000843787,0.003190071,stable
146974272481250,146974.272000000,0.001137044,-0.172330379,-0.040011860,0.966733841,-0.255763165,-0.000843556,0.003189305,stable
146974274519000,146974.274000000,0.001137333,-0.172329962,-0.040013630,0.966735166,-0.255758146,-0.000843756,0.003190127,stable
146974276516900,146974.276000000,0.001137667,-0.172329858,-0.040014096,0.966735500,-0.255756874,-0.000844000,0.003191068,stable
146974278526900,146974.278000000,0.001137854,-0.172329858,-0.040014092,0.966735491,-0.255756901,-0.000844139,0.003191591,stable
146974280524250,146974.280000000,0.001137806,-0.172329888,-0.040013954,0.966735395,-0.255757265,-0.000844105,0.003191457,stable
146974282540850,146974.282000000,0.001138268,-0.172329888,-0.040013906,0.966735361,-0.255757375,-0.000844447,0.003192750,stable
146974284526300,146974.284000000,0.001138436,-0.172330037,-0.040013287,0.966734894,-0.255759136,-0.000844577,0.003193219,stable
146974286533000,146974.286000000,0.001138861,-0.172330245,-0.040012378,0.966734220,-0.255761665,-0.000844900,0.003194405,stable
146974288526150,146974.288000000,0.001138454,-0.172330454,-0.040011458,0.966733536,-0.255764266,-0.000844605,0.003193256,stable
146974290522900,146974.290000000,0.001138756,-0.172330722,-0.040010300,0.966732676,-0.255767507,-0.000844839,0.003194097,stable
146974292534100,146974.292000000,0.001138742,-0.172330841,-0.040009819,0.966732321,-0.255768849,-0.000844832,0.003194053,stable
146974294039550,146974.293000000,0.001140014,-0.172330633,-0.040010642,0.966732923,-0.255766526,-0.000845536,0.003197750,stable
146974296048950,146974.295000000,0.001140232,-0.172330484,-0.040011328,0.966733428,-0.255764612,-0.000846611,0.003197879,stable
146974298049300,146974.297000000,0.001140707,-0.172330394,-0.040011678,0.966733682,-0.255763631,-0.000845990,0.003199728,stable
146974300042200,146974.299000000,0.001140934,-0.172330290,-0.040012129,0.966734008,-0.255762387,-0.000846168,0.003200361,stable
146974302045050,146974.301000000,0.001140320,-0.172330499,-0.040011249,0.966733361,-0.255764862,-0.000846887,0.003198014,stable
146974303566850,146974.303000000,0.001139711,-0.172330827,-0.040009860,0.966732341,-0.255768735,-0.000845551,0.003196772,stable
146974305562300,146974.305000000,0.001139243,-0.172331154,-0.040008441,0.966731292,-0.255772719,-0.000845215,0.003195449,stable
146974307570700,146974.307000000,0.001138276,-0.172331318,-0.040007792,0.966730813,-0.255774566,-0.000844503,0.003192732,stable
146974309573900,146974.309000000,0.001136491,-0.172331408,-0.040007409,0.966730555,-0.255775606,-0.000843182,0.003187722,stable
146974310679150,146974.310000000,0.001135704,-0.172331497,-0.040007096,0.966730323,-0.255776516,-0.000842601,0.003185514,stable
146974312679100,146974.312000000,0.001134252,-0.172331572,-0.040006824,0.966730140,-0.255777260,-0.000841525,0.003181439,stable
146974314655050,146974.314000000,0.001133780,-0.172331795,-0.040005848,0.966729420,-0.255780000,-0.000841183,0.003180109,stable
146974316677050,146974.316000000,0.001133441,-0.172331899,-0.040005434,0.966729116,-0.255781161,-0.000840935,0.003179155,stable
146974318682150,146974.318000000,0.001133168,-0.172331795,-0.040005870,0.966729440,-0.255779946,-0.000840729,0.003178391,stable
146974320656800,146974.320000000,0.001132678,-0.172331721,-0.040006198,0.966729685,-0.255779038,-0.000840363,0.003177019,stable
146974322680000,146974.322000000,0.001131514,-0.172331557,-0.040006954,0.966730254,-0.255776931,-0.000839493,0.003173761,stable
146974324681500,146974.324000000,0.001130406,-0.172331512,-0.040007178,0.966730442,-0.255776263,-0.000838669,0.003170653,stable
146974326680200,146974.326000000,0.001130003,-0.172331691,-0.040006384,0.966729854,-0.255778500,-0.000838377,0.003169519,stable
146974328682400,146974.328000000,0.001129971,-0.172331944,-0.040005326,0.966729056,-0.255781518,-0.000838361,0.003169420,stable
146974330685450,146974.330000000,0.001130154,-0.172332004,-0.040005036,0.966728858,-0.255782258,-0.000838499,0.003169931,stable
146974332653300,146974.332000000,0.001130364,-0.172331959,-0.040005222,0.966728989,-0.255781755,-0.000838654,0.003170523,stable
146974334678950,146974.334000000,0.001129934,-0.172331974,-0.040005188,0.966728971,-0.255781840,-0.000838335,0.003169317,stable
146974336680450,146974.336000000,0.001128212,-0.172332153,-0.040004469,0.966728443,-0.255783898,-0.000837063,0.003164482,stable
146974338685100,146974.338000000,0.001125709,-0.172332495,-0.040003065,0.966727427,-0.255787831,-0.000835218,0.003157452,stable
146974340693550,146974.340000000,0.001123344,-0.172332793,-0.040001851,0.966726543,-0.255791261,-0.000833472,0.003150809,stable
146974342690300,146974.342000000,0.001122192,-0.172333017,-0.040000908,0.966725858,-0.255793892,-0.000832626,0.003147574,stable
146974345077750,146974.344000000,0.001121533,-0.172333091,-0.040000577,0.966725613,-0.255794844,-0.000832139,0.003145722,stable
146974346265000,146974.346000000,0.001121862,-0.172333241,-0.039999969,0.966725170,-0.255796506,-0.000832388,0.003146641,stable
146974349097050,146974.348000000,0.001122065,-0.172333330,-0.039999586,0.966724883,-0.255797582,-0.000832542,0.003147209,stable
146974350252200,146974.350000000,0.001122323,-0.172333255,-0.039999865,0.966725087,-0.255796800,-0.000832731,0.003147933,stable
146974353117100,146974.352000000,0.001122126,-0.172333077,-0.040000673,0.966725689,-0.255794534,-0.000832578,0.003147385,stable
146974354265600,146974.354000000,0.001122903,-0.172332868,-0.040001500,0.966726295,-0.255792213,-0.000833148,0.003149571,stable
146974355719350,146974.355000000,0.001123287,-0.172332719,-0.040002156,0.966726773,-0.255790395,-0.000833427,0.003150652,stable
146974357725700,146974.357000000,0.001123999,-0.172332317,-0.040003896,0.966728067,-0.255785475,-0.000833942,0.003152661,stable
146974359729500,146974.359000000,0.001124435,-0.172331944,-0.040005434,0.966729206,-0.255781153,-0.000834253,0.003153893,stable
146974361734100,146974.361000000,0.001123937,-0.172331825,-0.040005963,0.966729588,-0.255779729,-0.000833879,0.003152501,stable
146974363727600,146974.363000000,0.001122857,-0.172332019,-0.040005203,0.966729040,-0.255781842,-0.000833084,0.003149467,stable
146974365736950,146974.365000000,0.001122190,-0.172332138,-0.040004704,0.966728676,-0.255783241,-0.000832594,0.003147593,stable
146974367728350,146974.367000000,0.001122196,-0.172332108,-0.040004838,0.966728779,-0.255782851,-0.000832597,0.003147610,stable
146974369733450,146974.369000000,0.001123347,-0.172332242,-0.040004242,0.966728325,-0.255784524,-0.000833455,0.003150834,stable
146974371728800,146974.371000000,0.001124907,-0.172332317,-0.040003844,0.966728011,-0.255785654,-0.000834616,0.003155207,stable
146974373733250,146974.373000000,0.001126117,-0.172332600,-0.040002611,0.966727090,-0.255789089,-0.000835524,0.003158594,stable
146974375721400,146974.375000000,0.001126126,-0.172332600,-0.040002588,0.966727076,-0.255789144,-0.000835530,0.003158617,stable
146974377731750,146974.377000000,0.001125675,-0.172332600,-0.040002637,0.966727113,-0.255789021,-0.000835196,0.003157353,stable
146974379746900,146974.379000000,0.001124734,-0.172332779,-0.040001843,0.966726530,-0.255791258,-0.000834504,0.003154709,stable
146974381751850,146974.381000000,0.001124857,-0.172332957,-0.040001061,0.966725952,-0.255793438,-0.000834601,0.003155047,stable
146974383743650,146974.383000000,0.001125921,-0.172333300,-0.039999593,0.966724844,-0.255797587,-0.000835403,0.003158022,stable
146974385741300,146974.385000000,0.001127460,-0.172333464,-0.039998822,0.966724271,-0.255799694,-0.000836550,0.003162333,stable
146974387751000,146974.387000000,0.001128972,-0.172333494,-0.039998658,0.966724132,-0.255800165,-0.000837673,0.003166574,stable
146974389746950,146974.389000000,0.001129924,-0.172333613,-0.039998144,0.966723742,-0.255801603,-0.000838385,0.003169242,stable
146974391741000,146974.391000000,0.001130484,-0.172333777,-0.039997388,0.966723167,-0.255803754,-0.000838806,0.003170807,stable
146974393747000,146974.393000000,0.001130093,-0.172333732,-0.039997604,0.966723330,-0.255803154,-0.000838514,0.003169711,stable
146974395269850,146974.395000000,0.001129090,-0.172333643,-0.039998032,0.966723665,-0.255801926,-0.000837766,0.003166901,stable
146974397263200,146974.397000000,0.001128067,-0.172333628,-0.039998118,0.966723737,-0.255801691,-0.000837007,0.003164033,stable
146974399286600,146974.399000000,0.001127746,-0.172333673,-0.039997905,0.966723573,-0.255802321,-0.000836771,0.003163132,stable
146974401264750,146974.401000000,0.001128551,-0.172333643,-0.039998051,0.966723677,-0.255801899,-0.000837366,0.003165388,stable
146974403293400,146974.403000000,0.001129563,-0.172333702,-0.039997742,0.966723438,-0.255802764,-0.000838120,0.003168225,stable
146974404309150,146974.404000000,0.001130029,-0.172333807,-0.039997283,0.966723101,-0.255804021,-0.000838470,0.003169531,stable
146974406324250,146974.406000000,0.001131273,-0.172334105,-0.039995961,0.966722106,-0.255807735,-0.000839403,0.003173011,stable
146974408328100,146974.408000000,0.001132047,-0.172334611,-0.039993748,0.966720449,-0.255813967,-0.000839995,0.003175167,stable
146974410322500,146974.410000000,0.001132078,-0.172335282,-0.039990850,0.966718304,-0.255822073,-0.000840042,0.003175234,stable
146974412319900,146974.412000000,0.001130711,-0.172335982,-0.039987922,0.966716149,-0.255830267,-0.000839051,0.003171379,stable
146974414332650,146974.414000000,0.001129560,-0.172336712,-0.039984751,0.966713793,-0.255839215,-0.000838223,0.003168132,stable
146974416833800,146974.416000000,0.001128912,-0.172336981,-0.039983638,0.966712989,-0.255842276,-0.000837750,0.003166306,stable
146974418844150,146974.418000000,0.001128911,-0.172337025,-0.039983463,0.966712852,-0.255842794,-0.000837751,0.003166300,stable
146974420844250,146974.420000000,0.001129745,-0.172337085,-0.039983165,0.966712618,-0.255843646,-0.000838372,0.003168637,stable
146974422844600,146974.422000000,0.001130736,-0.172337145,-0.039982863,0.966712391,-0.255844467,-0.000839110,0.003171416,stable
146974424845800,146974.424000000,0.001131526,-0.172337055,-0.039983224,0.966712646,-0.255843473,-0.000839694,0.003173636,stable
146974426846700,146974.426000000,0.001131957,-0.172336817,-0.039984256,0.966713415,-0.255840550,-0.000840005,0.003174850,stable
146974428843050,146974.428000000,0.001132010,-0.172336489,-0.039985668,0.966714454,-0.255836623,-0.000840033,0.003175007,stable
146974430858200,146974.430000000,0.001131599,-0.172335953,-0.039988011,0.966716204,-0.255830027,-0.000839709,0.003173870,stable
146974432852600,146974.432000000,0.001132210,-0.172335505,-0.039989922,0.966717615,-0.255824673,-0.000840147,0.003175599,stable
146974434849150,146974.434000000,0.001133423,-0.172335133,-0.039991502,0.966718772,-0.255820253,-0.000841034,0.003179010,stable
146974436850400,146974.436000000,0.001134633,-0.172334686,-0.039993357,0.966720148,-0.255815009,-0.000841917,0.003182416,stable
146974438857100,146974.438000000,0.001134730,-0.172334209,-0.039995421,0.966721667,-0.255809265,-0.000841972,0.003182702,stable
146974440850000,146974.440000000,0.001134415,-0.172333807,-0.039997164,0.966722972,-0.255804346,-0.000841724,0.003181830,stable
146974442846800,146974.442000000,0.001134589,-0.172333434,-0.039998740,0.966724146,-0.255799901,-0.000841841,0.003182329,stable
146974444360000,146974.444000000,0.001134749,-0.172333255,-0.039999552,0.966724733,-0.255797679,-0.000841953,0.003182783,stable
146974446366950,146974.446000000,0.001134672,-0.172333241,-0.039999612,0.966724781,-0.255797497,-0.000841895,0.003182568,stable
146974448370000,146974.448000000,0.001134743,-0.172333300,-0.039999355,0.966724585,-0.255798237,-0.000841950,0.003182766,stable
146974450364000,146974.450000000,0.001134653,-0.172333255,-0.039999556,0.966724745,-0.255797636,-0.000841882,0.003182515,stable
146974452374550,146974.452000000,0.001135026,-0.172333345,-0.039999120,0.966724416,-0.255798866,-0.000842162,0.003183559,stable
146974454366850,146974.454000000,0.001135091,-0.172333479,-0.039998557,0.966723997,-0.255800445,-0.000842215,0.003183737,stable
146974456373900,146974.456000000,0.001135260,-0.172333688,-0.039997678,0.966723352,-0.255802877,-0.000842347,0.003184203,stable
146974458367200,146974.458000000,0.001136297,-0.172333658,-0.039997768,0.966723402,-0.255802651,-0.000843116,0.003187113,stable
146974460369300,146974.460000000,0.001137504,-0.172333345,-0.039999064,0.966724352,-0.255799014,-0.000844001,0.003190508,stable
146974462880350,146974.462000000,0.001138950,-0.172333121,-0.039999984,0.966725027,-0.255796410,-0.000845067,0.003194571,stable
146974464896500,146974.464000000,0.001139592,-0.172332808,-0.040001336,0.966726012,-0.255792663,-0.000845532,0.003196379,stable
146974466884600,146974.466000000,0.001139769,-0.172332570,-0.040002316,0.966726742,-0.255789896,-0.000845655,0.003196882,stable
146974468864550,146974.468000000,0.001139613,-0.172332317,-0.040003441,0.966727579,-0.255786737,-0.000845531,0.003196454,stable
146974470905250,146974.470000000,0.001140544,-0.172332212,-0.040003885,0.966727896,-0.255785505,-0.000846217,0.003199068,stable
146974472902150,146974.472000000,0.001142101,-0.172332048,-0.040004518,0.966728351,-0.255783727,-0.000847368,0.003203439,stable
146974474875350,146974.474000000,0.001143548,-0.172332078,-0.040004332,0.966728205,-0.255784226,-0.000848443,0.003207496,stable
146974476870950,146974.476000000,0.001144566,-0.172332078,-0.040004313,0.966728177,-0.255784294,-0.000849198,0.003210352,stable
146974478905250,146974.478000000,0.001144899,-0.172332242,-0.040003605,0.966727656,-0.255786249,-0.000849451,0.003211281,stable
146974480916850,146974.480000000,0.001144514,-0.172332391,-0.040002994,0.966727201,-0.255787984,-0.000849170,0.003210197,stable
146974482900600,146974.482000000,0.001144768,-0.172332719,-0.040001553,0.966726126,-0.255792036,-0.000849371,0.003210899,stable
146974484410700,146974.484000000,0.001145112,-0.172333151,-0.039999649,0.966724710,-0.255797375,-0.000849641,0.003211850,stable
146974486423250,146974.486000000,0.001145193,-0.172333300,-0.039999042,0.966724269,-0.255799037,-0.000849707,0.003212075,stable
146974488429000,146974.488000000,0.001145049,-0.172333419,-0.039998516,0.966723875,-0.255800534,-0.000849604,0.003211668,stable
146974490424550,146974.490000000,0.001144275,-0.172333628,-0.039997630,0.966723231,-0.255802995,-0.000849037,0.003209491,stable
146974492420500,146974.492000000,0.001143847,-0.172333911,-0.039996419,0.966722337,-0.255806392,-0.000848729,0.003208282,stable
146974493932600,146974.493000000,0.001144385,-0.172333747,-0.039997157,0.966722873,-0.255804351,-0.000850614,0.003209007,stable
146974495948850,146974.495000000,0.001144165,-0.172333896,-0.039996494,0.966722378,-0.255806224,-0.000848365,0.003209490,stable
146974497933650,146974.497000000,0.001144867,-0.172333777,-0.039996970,0.966722734,-0.255804853,-0.000849533,0.003211119,stable
146974499916750,146974.499000000,0.001146409,-0.172333732,-0.039997146,0.966722846,-0.255804374,-0.000851126,0.003215208,stable
146974501919000,146974.501000000,0.001147666,-0.172333702,-0.039997220,0.966722882,-0.255804189,-0.000852560,0.003218468,stable
146974503460600,146974.503000000,0.001147217,-0.172333747,-0.039997041,0.966722760,-0.255804665,-0.000851224,0.003217738,stable
146974505518850,146974.505000000,0.001146966,-0.172333434,-0.039998375,0.966723753,-0.255800920,-0.000851027,0.003217043,stable
146974507466650,146974.507000000,0.001146078,-0.172333106,-0.039999828,0.966724834,-0.255796869,-0.000850356,0.003214561,stable
146974509473750,146974.509000000,0.001144475,-0.172332838,-0.040001038,0.966725752,-0.255793462,-0.000849157,0.003210074,stable
146974510986450,146974.510000000,0.001144034,-0.172332600,-0.040002104,0.966726544,-0.255790487,-0.000849128,0.003208682,stable
146974512984150,146974.512000000,0.001142857,-0.172332570,-0.040002216,0.966726644,-0.255790154,-0.000848465,0.003205271,stable
146974514999900,146974.514000000,0.001140952,-0.172332481,-0.040002700,0.966727016,-0.255788816,-0.000846381,0.003200284,stable
146974516994150,146974.516100000,0.001138841,-0.172332644,-0.040002048,0.966726555,-0.255790639,-0.000844969,0.003194277,stable
146974518986400,146974.518000000,0.001138843,-0.172332555,-0.040002454,0.966726858,-0.255789493,-0.000845318,0.003194101,stable
146974520992800,146974.520000000,0.001139310,-0.172332510,-0.040002588,0.966726954,-0.255789114,-0.000845957,0.003195257,stable
146974522985450,146974.522000000,0.001138160,-0.172332585,-0.040002316,0.966726758,-0.255789900,-0.000845071,0.003192048,stable
146974524988650,146974.524100000,0.001138238,-0.172332779,-0.040001467,0.966726120,-0.255792303,-0.000844527,0.003192584,stable
146974526992600,146974.526000000,0.001139558,-0.172332436,-0.040002916,0.966727195,-0.255788191,-0.000845129,0.003196490,stable
146974528988150,146974.528000000,0.001138560,-0.172332153,-0.040004153,0.966728118,-0.255784741,-0.000844807,0.003193471,stable
146974530996150,146974.530000000,0.001137785,-0.172332317,-0.040003464,0.966727615,-0.255786672,-0.000844228,0.003191298,stable
146974532992850,146974.532000000,0.001137302,-0.172332138,-0.040004257,0.966728204,-0.255784464,-0.000844071,0.003189837,stable
146974534996200,146974.534100000,0.001136827,-0.172332764,-0.040001594,0.966726237,-0.255791915,-0.000843478,0.003188626,stable
146974537004100,146974.536100000,0.001137551,-0.172333136,-0.039999947,0.966725010,-0.255796527,-0.000844028,0.003190644,stable
146974539010250,146974.538100000,0.001137858,-0.172333747,-0.039997343,0.966723073,-0.255803834,-0.000844278,0.003191491,stable
146974540995550,146974.540100000,0.001138527,-0.172334254,-0.039995089,0.966721384,-0.255810193,-0.000844792,0.003193350,stable
146974542999500,146974.542100000,0.001139254,-0.172334522,-0.039993927,0.966720527,-0.255813405,-0.000845341,0.003195381,stable
146974544516100,146974.544100000,0.001139614,-0.172334582,-0.039993670,0.966720323,-0.255814160,-0.000845611,0.003196390,stable
146974546521900,146974.546100000,0.001140197,-0.172334403,-0.039994415,0.966720873,-0.255812061,-0.000846037,0.003198030,stable
146974548428500,146974.548100000,0.001140633,-0.172334149,-0.039995514,0.966721697,-0.255808929,-0.000846352,0.003199261,stable
146974549948950,146974.549100000,0.001141184,-0.172334030,-0.039996002,0.966722047,-0.255807586,-0.000846756,0.003200809,stable
146974551710000,146974.551100000,0.001141802,-0.172334075,-0.039995763,0.966721860,-0.255808270,-0.000847217,0.003202542,stable
146974554256500,146974.554100000,0.001142488,-0.172333866,-0.039996676,0.966722531,-0.255805710,-0.000847718,0.003204471,stable
146974556268050,146974.556100000,0.001142781,-0.172333494,-0.039998293,0.966723726,-0.255801181,-0.000847923,0.003205304,stable
146974558082300,146974.557100000,0.001143753,-0.172333047,-0.040000185,0.966725130,-0.255795841,-0.000849096,0.003207796,stable
146974560078200,146974.559100000,0.001144413,-0.172332570,-0.040002186,0.966726603,-0.255790248,-0.000849780,0.003209550,stable
146974562064300,146974.561100000,0.001144442,-0.172331974,-0.040004753,0.966728511,-0.255783036,-0.000849140,0.003209987,stable
146974564069500,146974.563100000,0.001144571,-0.172331646,-0.040006150,0.966729541,-0.255779137,-0.000849275,0.003210332,stable
146974567078700,146974.566100000,0.001143947,-0.172331691,-0.040006001,0.966729440,-0.255779543,-0.000848530,0.003208729,stable
146974568056650,146974.567100000,0.001142723,-0.172331527,-0.040006768,0.966730017,-0.255777408,-0.000847936,0.003205131,stable
146974570073950,146974.569100000,0.001142832,-0.172331572,-0.040006548,0.966729861,-0.255777994,-0.000847990,0.003205450,stable
146974573057650,146974.572100000,0.001141780,-0.172331601,-0.040006422,0.966729774,-0.255778360,-0.000847114,0.003202553,stable
146974575070200,146974.574100000,0.001142097,-0.172331542,-0.040006690,0.966729960,-0.255777647,-0.000847347,0.003203441,stable
146974576072700,146974.575100000,0.001142756,-0.172331288,-0.040007785,0.966730768,-0.255774570,-0.000848508,0.003204937,stable
146974578076100,146974.577100000,0.001142666,-0.172331065,-0.040008705,0.966731464,-0.255771942,-0.000848137,0.003204846,stable
146974580066200,146974.579100000,0.001141770,-0.172331169,-0.040008284,0.966731146,-0.255773175,-0.000847092,0.003202537,stable
146974582077650,146974.581100000,0.001141552,-0.172330961,-0.040009219,0.966731851,-0.255770520,-0.000846922,0.003201931,stable
146974584063100,146974.583100000,0.001141312,-0.172330722,-0.040010270,0.966732633,-0.255767571,-0.000846735,0.003201265,stable
146974586080100,146974.585100000,0.001140955,-0.172330618,-0.040010706,0.966732951,-0.255766384,-0.000846467,0.003200267,stable
146974587223600,146974.587100000,0.001140299,-0.172330558,-0.040010955,0.966733142,-0.255765686,-0.000845978,0.003198428,stable
146974589211900,146974.589100000,0.001139858,-0.172330484,-0.040011290,0.966733398,-0.255764737,-0.000845649,0.003197194,stable
146974591200400,146974.591100000,0.001139778,-0.172330469,-0.040011380,0.966733469,-0.255764472,-0.000845588,0.003196969,stable
146974593211250,146974.593100000,0.001139709,-0.172330290,-0.040012136,0.966734031,-0.255762347,-0.000845531,0.003196783,stable
146974594659900,146974.594100000,0.001139870,-0.172330156,-0.040012699,0.966734448,-0.255760768,-0.000845646,0.003197238,stable
146974596664100,146974.596100000,0.001139639,-0.172329918,-0.040013745,0.966735223,-0.255757847,-0.000845466,0.003196596,stable
146974598684100,146974.598100000,0.001140343,-0.172329828,-0.040014114,0.966735490,-0.255756811,-0.000845985,0.003198572,stable
146974600666650,146974.600100000,0.001141432,-0.172329962,-0.040013533,0.966735047,-0.255758444,-0.000846798,0.003201622,stable
146974602668900,146974.602100000,0.001142949,-0.172330007,-0.040013257,0.966734826,-0.255759223,-0.000847925,0.003205875,stable
146974604786050,146974.604100000,0.001144570,-0.172329962,-0.040013451,0.966734951,-0.255758688,-0.000849127,0.003210426,stable
146974606795150,146974.606100000,0.001145812,-0.172329813,-0.040014058,0.966735405,-0.255756924,-0.000850043,0.003213912,stable
146974608772300,146974.608100000,0.001146934,-0.172329560,-0.040015064,0.966736134,-0.255754126,-0.000850867,0.003217068,stable
146974610785400,146974.610100000,0.001147654,-0.172329158,-0.040016823,0.966737425,-0.255749219,-0.000851387,0.003219098,stable
146974612787950,146974.612100000,0.001148066,-0.172328830,-0.040018205,0.966738457,-0.255745304,-0.000851681,0.003220262,stable
146974614801600,146974.614100000,0.001147817,-0.172328576,-0.040019304,0.966739269,-0.255742244,-0.000851488,0.003219573,stable
146974616316850,146974.616100000,0.001147407,-0.172328383,-0.040020149,0.966739905,-0.255739855,-0.000851176,0.003218428,stable
146974618348300,146974.618100000,0.001146490,-0.172328487,-0.040019725,0.966739592,-0.255741073,-0.000850500,0.003215854,stable
146974620314550,146974.620100000,0.001145038,-0.172328636,-0.040019140,0.966739173,-0.255742712,-0.000849428,0.003211777,stable
146974622316600,146974.622100000,0.001144022,-0.172328636,-0.040019155,0.966739197,-0.255742658,-0.000848674,0.003208927,stable
146974624314750,146974.624100000,0.001144094,-0.172328606,-0.040019289,0.966739289,-0.255742309,-0.000848726,0.003209130,stable
146974626314850,146974.626100000,0.001144507,-0.172328502,-0.040019695,0.966739596,-0.255741134,-0.000849029,0.003210291,stable
146974628318300,146974.628100000,0.001145287,-0.172328278,-0.040020652,0.966740306,-0.255738420,-0.000849600,0.003212486,stable
146974630316500,146974.630100000,0.001145883,-0.172328204,-0.040020946,0.966740511,-0.255737622,-0.000850039,0.003214158,stable
146974632322050,146974.632100000,0.001146670,-0.172328129,-0.040021278,0.966740747,-0.255736698,-0.000850621,0.003216370,stable
146974634329200,146974.634100000,0.001147087,-0.172328010,-0.040021773,0.966741117,-0.255735285,-0.000850925,0.003217541,stable
146974636410450,146974.636100000,0.001147281,-0.172327802,-0.040022660,0.966741766,-0.255732825,-0.000851062,0.003218091,stable
146974638412050,146974.638100000,0.001147941,-0.172327623,-0.040023405,0.966742322,-0.255730699,-0.000851546,0.003219948,stable
146974639753150,146974.639100000,0.001148078,-0.172327608,-0.040023468,0.966742357,-0.255730559,-0.000851647,0.003220334,stable
146974641752300,146974.641100000,0.001147655,-0.172327533,-0.040023826,0.966742624,-0.255729567,-0.000851331,0.003219150,stable
146974643758150,146974.643100000,0.001146603,-0.172327474,-0.040024061,0.966742815,-0.255728885,-0.000850548,0.003216201,stable
146974644885600,146974.644100000,0.001146133,-0.172327444,-0.040024213,0.966742930,-0.255728467,-0.000850198,0.003214883,stable
146974646895150,146974.646100000,0.001145498,-0.172327235,-0.040025160,0.966743639,-0.255725813,-0.000849719,0.003213107,stable
146974648882000,146974.648100000,0.001144797,-0.172326878,-0.040026695,0.966744787,-0.255721496,-0.000849187,0.003211151,stable
146974650892050,146974.650100000,0.001144384,-0.172326639,-0.040027715,0.966745549,-0.255718631,-0.000848872,0.003209999,stable
146974652890600,146974.652100000,0.001144961,-0.172326505,-0.040028308,0.966745976,-0.255716995,-0.000849296,0.003211623,stable
146974654887150,146974.654100000,0.001145547,-0.172326505,-0.040028308,0.966745971,-0.255716993,-0.000849730,0.003213265,stable
146974656882500,146974.656100000,0.001145696,-0.172326341,-0.040029004,0.966746487,-0.255715037,-0.000849835,0.003213688,stable
146974658889400,146974.658100000,0.001145492,-0.172326341,-0.040028993,0.966746482,-0.255715065,-0.000849683,0.003213115,stable
146974660879950,146974.660100000,0.001145266,-0.172326475,-0.040028449,0.966746084,-0.255716574,-0.000849521,0.003212480,stable
146974663393500,146974.663100000,0.001146237,-0.172326535,-0.040028110,0.966745820,-0.255717537,-0.000850243,0.003215200,stable
146974665403100,146974.665100000,0.001147067,-0.172326431,-0.040028576,0.966746160,-0.255716221,-0.000850855,0.003217531,stable
146974667407250,146974.667100000,0.001148193,-0.172326356,-0.040028881,0.966746375,-0.255715366,-0.000851688,0.003220692,stable
146974669382500,146974.669100000,0.001148544,-0.172326431,-0.040028539,0.966746113,-0.255716343,-0.000851951,0.003221675,stable
146974671397300,146974.671100000,0.001148821,-0.172326401,-0.040028635,0.966746188,-0.255716049,-0.000852156,0.003222454,stable
146974673399000,146974.673100000,0.001148956,-0.172326431,-0.040028512,0.966746087,-0.255716426,-0.000852257,0.003222830,stable
146974675398350,146974.675100000,0.001149814,-0.172326609,-0.040027723,0.966745502,-0.255718605,-0.000852899,0.003225230,stable
146974677404550,146974.677100000,0.001150289,-0.172326654,-0.040027488,0.966745316,-0.255719288,-0.000853254,0.003226562,stable
146974678447900,146974.678100000,0.001150665,-0.172326729,-0.040027171,0.966745076,-0.255720182,-0.000853535,0.003227614,stable
146974680450200,146974.680100000,0.001151636,-0.172326788,-0.040026866,0.966744845,-0.255721018,-0.000854258,0.003230336,stable
146974682242600,146974.682100000,0.001152444,-0.172326937,-0.040026248,0.966744379,-0.255722750,-0.000854863,0.003232597,stable
146974684008500,146974.683100000,0.001153068,-0.172327086,-0.040025573,0.966743878,-0.255724621,-0.000855331,0.003234343,stable
146974686012750,146974.685100000,0.001154363,-0.172327429,-0.040024072,0.966742746,-0.255728853,-0.000856305,0.003237967,stable
146974688006300,146974.687100000,0.001155199,-0.172327667,-0.040022980,0.966741932,-0.255731898,-0.000856934,0.003240305,stable
146974690005100,146974.689100000,0.001155724,-0.172328055,-0.040021356,0.966740721,-0.255736453,-0.000857336,0.003241765,stable
146974692004800,146974.691100000,0.001156293,-0.172328308,-0.040020224,0.966739881,-0.255739610,-0.000857767,0.003243353,stable
146974694003400,146974.693100000,0.001156952,-0.172328457,-0.040019553,0.966739379,-0.255741481,-0.000858262,0.003245197,stable
146974695513100,146974.695100000,0.001157892,-0.172328591,-0.040018935,0.966738908,-0.255743227,-0.000858965,0.003247830,stable
146974697512400,146974.697100000,0.001158185,-0.172328651,-0.040018708,0.966738731,-0.255743883,-0.000859184,0.003248650,stable
146974699513150,146974.699100000,0.001158551,-0.172328562,-0.040019028,0.966738957,-0.255743016,-0.000859453,0.003249680,stable
146974701520200,146974.701100000,0.001158867,-0.172328562,-0.040019069,0.966739002,-0.255742833,-0.000859687,0.003250566,stable
146974703529100,146974.703100000,0.001158641,-0.172328427,-0.040019624,0.966739415,-0.255741282,-0.000859514,0.003249935,stable
146974705031200,146974.704100000,0.001158511,-0.172328323,-0.040020067,0.966739730,-0.255740095,-0.000859415,0.003249575,stable
146974707033100,146974.706100000,0.001158517,-0.172328129,-0.040020898,0.966740355,-0.255737732,-0.000859412,0.003249596,stable
146974709033800,146974.708100000,0.001159127,-0.172327876,-0.040021989,0.966741159,-0.255734670,-0.000859855,0.003251314,stable
146974710520500,146974.710100000,0.001159639,-0.172327802,-0.040022306,0.966741391,-0.255733774,-0.000860232,0.003252753,stable
146974712519550,146974.712100000,0.001159622,-0.172327638,-0.040023018,0.966741920,-0.255731775,-0.000860214,0.003252710,stable
146974714527050,146974.714100000,0.001160430,-0.172327638,-0.040022954,0.966741864,-0.255731955,-0.000860814,0.003254976,stable
146974716536250,146974.716100000,0.001161207,-0.172327787,-0.040022343,0.966741398,-0.255733687,-0.000861395,0.003257151,stable
146974718532150,146974.718100000,0.001161865,-0.172327831,-0.040022105,0.966741218,-0.255734342,-0.000861886,0.003258995,stable
146974720549950,146974.720100000,0.001161957,-0.172327697,-0.040022708,0.966741668,-0.255732636,-0.000861949,0.003259258,stable
146974722528750,146974.722100000,0.001161637,-0.172327578,-0.040023174,0.966742019,-0.255731323,-0.000861708,0.003258364,stable
146974724545850,146974.724100000,0.001160448,-0.172327489,-0.040023599,0.966742344,-0.255730138,-0.000860822,0.003255032,stable
146974726517450,146974.726100000,0.001159819,-0.172327518,-0.040023502,0.966742273,-0.255730433,-0.000860357,0.003253268,stable
146974728559350,146974.728100000,0.001159513,-0.172327816,-0.040022220,0.966741329,-0.255734012,-0.000860140,0.003252400,stable
146974730575950,146974.730100000,0.001159189,-0.172328025,-0.040021375,0.966740700,-0.255736403,-0.000859907,0.003251486,stable
146974732533050,146974.732100000,0.001158828,-0.172328219,-0.040020533,0.966740082,-0.255738752,-0.000859646,0.003250466,stable
146974734563250,146974.734100000,0.001158800,-0.172328189,-0.040020626,0.966740153,-0.255738487,-0.000859624,0.003250389,stable
146974736527400,146974.736100000,0.001159125,-0.172328204,-0.040020566,0.966740101,-0.255738668,-0.000859866,0.003251300,stable
146974738563200,146974.738100000,0.001158993,-0.172328204,-0.040020585,0.966740121,-0.255738598,-0.000859768,0.003250930,stable
146974740565600,146974.740100000,0.001159102,-0.172328308,-0.040020119,0.966739780,-0.255739883,-0.000859852,0.003251232,stable
146974742538750,146974.742100000,0.001158692,-0.172328308,-0.040020134,0.966739791,-0.255739857,-0.000859548,0.003250083,stable
146974744034400,146974.743100000,0.001159416,-0.172328115,-0.040020943,0.966740376,-0.255737619,-0.000860663,0.003251811,stable
146974745934200,146974.745100000,0.001159039,-0.172328085,-0.040021088,0.966740490,-0.255737200,-0.000859766,0.003251079,stable
146974762581150,146974.762100000,0.001159471,-0.172328666,-0.040018577,0.966738634,-0.255744201,-0.000860139,0.003252257,stable
146974778633950,146974.778100000,0.001168527,-0.172326967,-0.040025648,0.966743783,-0.255724389,-0.000866799,0.003277709,stable
146974793988600,146974.793100000,0.001170856,-0.172325507,-0.040031835,0.966748356,-0.255707010,-0.000868673,0.003284177,stable
146974809626300,146974.809100000,0.001172021,-0.172327161,-0.040024694,0.966743047,-0.255727036,-0.000869397,0.003287500,stable
146974824672500,146974.824100000,0.001172391,-0.172327623,-0.040022720,0.966741576,-0.255732584,-0.000869689,0.003288525,stable
146974840717600,146974.840100000,0.001169990,-0.172329530,-0.040014554,0.966735539,-0.255755497,-0.000867975,0.003281734,stable
146974856773100,146974.856100000,0.001172741,-0.172329158,-0.040016059,0.966736629,-0.255751270,-0.000870004,0.003289461,stable
146974871644200,146974.871100000,0.001166480,-0.172328547,-0.040018898,0.966738800,-0.255743305,-0.000865336,0.003271919,stable
146974886999150,146974.886100000,0.001166569,-0.172328472,-0.040019196,0.966739018,-0.255742480,-0.000865779,0.003271970,stable
146974902638200,146974.902100000,0.001163722,-0.172326684,-0.040026963,0.966744812,-0.255720683,-0.000863223,0.003264239,stable
146974919019600,146974.918100000,0.001161342,-0.172326222,-0.040029064,0.966746388,-0.255714817,-0.000861440,0.003257577,stable
146974933392500,146974.933100000,0.001165540,-0.172327057,-0.040025339,0.966743586,-0.255725248,-0.000864585,0.003269326,stable
146974949391000,146974.949100000,0.001168420,-0.172326729,-0.040026676,0.966744550,-0.255721496,-0.000866710,0.003277414,stable
146974964854150,146974.964100000,0.001169145,-0.172326759,-0.040026512,0.966744417,-0.255721969,-0.000867250,0.003279447,stable
146974980445900,146974.980100000,0.001168246,-0.172325224,-0.040033117,0.966749331,-0.255703425,-0.000866528,0.003276972,stable
146974996115500,146974.995100000,0.001174884,-0.172323853,-0.040038865,0.966753522,-0.255687321,-0.000871017,0.003295834,stable
146975011745950,146975.011100000,0.001175404,-0.172322676,-0.040043890,0.966757258,-0.255673175,-0.000871747,0.003297124,stable
146975027017000,146975.026100000,0.001179126,-0.172322780,-0.040043350,0.966756823,-0.255674675,-0.000874326,0.003307659,stable
146975043409400,146975.043100000,0.001178474,-0.172321871,-0.040047292,0.966759746,-0.255663649,-0.000873995,0.003305762,stable
146975058438700,146975.058100000,0.001178220,-0.172322243,-0.040045653,0.966758536,-0.255668234,-0.000873821,0.003305038,stable
146975073835150,146975.073100000,0.001182621,-0.172321945,-0.040046841,0.966759374,-0.255664896,-0.000877074,0.003317389,stable
146975089446700,146975.089100000,0.001183085,-0.172323748,-0.040039040,0.966753573,-0.255686812,-0.000877484,0.003318638,stable
146975104615750,146975.104100000,0.001183544,-0.172322884,-0.040042747,0.966756326,-0.255676384,-0.000877793,0.003319951,stable
146975120578650,146975.120100000,0.001190189,-0.172324419,-0.040035993,0.966751257,-0.255695292,-0.000882779,0.003338543,stable
146975136416500,146975.136100000,0.001186920,-0.172324687,-0.040034879,0.966750453,-0.255698459,-0.000880364,0.003329367,stable
146975151649000,146975.151100000,0.001181704,-0.172323763,-0.040039055,0.966753605,-0.255686745,-0.000876460,0.003314764,stable
146975168003100,146975.167100000,0.001178392,-0.172323719,-0.040039334,0.966753844,-0.255685970,-0.000874001,0.003305475,stable
146975183366000,146975.183100000,0.001181635,-0.172323748,-0.040039070,0.966753613,-0.255686717,-0.000876408,0.003314569,stable
146975200048750,146975.199100000,0.001181797,-0.172323182,-0.040041525,0.966755430,-0.255679841,-0.000876507,0.003315041,stable
146975214047800,146975.213100000,0.001186178,-0.172321320,-0.040049408,0.966761243,-0.255657690,-0.000879850,0.003327302,stable
146975229667800,146975.229100000,0.001190084,-0.172321320,-0.040049303,0.966761123,-0.255657988,-0.000882588,0.003338342,stable
146975245379900,146975.245100000,0.001185967,-0.172321856,-0.040047113,0.966759545,-0.255664119,-0.000879553,0.003326778,stable
146975260653550,146975.260100000,0.001186046,-0.172320530,-0.040052794,0.966763750,-0.255648214,-0.000879564,0.003327040,stable
146975275859650,146975.275100000,0.001190816,-0.172321215,-0.040049758,0.966761456,-0.255656700,-0.000883127,0.003340399,stable
146975291854550,146975.291100000,0.001192576,-0.172321349,-0.040049095,0.966760948,-0.255658555,-0.000884438,0.003345331,stable
146975306636900,146975.306100000,0.001191433,-0.172320887,-0.040051103,0.966762448,-0.255652925,-0.000883573,0.003342140,stable
146975321834400,146975.321100000,0.001195099,-0.172320396,-0.040053155,0.966763932,-0.255647171,-0.000886275,0.003352439,stable
146975337072850,146975.336100000,0.001191195,-0.172319457,-0.040057264,0.966767022,-0.255635636,-0.000883167,0.003341609,stable
146975352532400,146975.352100000,0.001188277,-0.172319472,-0.040057287,0.966767058,-0.255635615,-0.000881181,0.003333330,stable
146975368678350,146975.368100000,0.001193887,-0.172319502,-0.040057026,0.966766811,-0.255636328,-0.000885343,0.003349067,stable
146975384367250,146975.384100000,0.001196385,-0.172319070,-0.040058807,0.966768114,-0.255631304,-0.000887180,0.003356084,stable
146975400462050,146975.400100000,0.001199607,-0.172319040,-0.040058848,0.966768119,-0.255631156,-0.000889569,0.003365124,stable
146975416017000,146975.415100000,0.001203070,-0.172318310,-0.040061880,0.966770325,-0.255622678,-0.000892111,0.003374859,stable
146975431644950,146975.431100000,0.001205252,-0.172317326,-0.040066022,0.966773374,-0.255611058,-0.000893693,0.003381010,stable
146975447752900,146975.447100000,0.001206442,-0.172317192,-0.040066566,0.966773765,-0.255609531,-0.000894572,0.003384355,stable
146975462687050,146975.462100000,0.001209145,-0.172317356,-0.040065795,0.966773170,-0.255611677,-0.000896582,0.003391931,stable
146975478935400,146975.478100000,0.001211578,-0.172316715,-0.040068455,0.966775111,-0.255604235,-0.000898363,0.003398776,stable
146975493772650,146975.493100000,0.001209068,-0.172315747,-0.040072683,0.966778277,-0.255592360,-0.000896466,0.003391765,stable
146975509426500,146975.509100000,0.001206017,-0.172316417,-0.040069919,0.966776260,-0.255600111,-0.000894227,0.003383185,stable
146975525433800,146975.525100000,0.001207644,-0.172315747,-0.040072717,0.966778314,-0.255592280,-0.000895409,0.003387768,stable
146975540957050,146975.540100000,0.001211890,-0.172314376,-0.040078495,0.966782565,-0.255576027,-0.000898508,0.003399723,stable
146975556403500,146975.556100000,0.001212508,-0.172314659,-0.040077306,0.966781676,-0.255579367,-0.000898976,0.003401448,stable
146975572435600,146975.572100000,0.001213711,-0.172314823,-0.040076517,0.966781080,-0.255581572,-0.000899875,0.003404816,stable
146975587479400,146975.587100000,0.001217706,-0.172315389,-0.040073983,0.966779164,-0.255588662,-0.000902859,0.003416005,stable
146975603000400,146975.602100000,0.001219505,-0.172315061,-0.040075339,0.966780144,-0.255584885,-0.000904522,0.003420881,stable
146975618934100,146975.618100000,0.001216913,-0.172314763,-0.040076677,0.966781163,-0.255581131,-0.000902248,0.003413800,stable
146975634529600,146975.634100000,0.001218144,-0.172313333,-0.040082838,0.966785718,-0.255563852,-0.000903107,0.003417299,stable
146975650034500,146975.649100000,0.001222912,-0.172311381,-0.040091060,0.966791767,-0.255540777,-0.000907170,0.003430415,stable
146975665561900,146975.665100000,0.001224751,-0.172310844,-0.040093306,0.966793418,-0.255534454,-0.000907914,0.003435910,stable
146975681046200,146975.680100000,0.001226738,-0.172309652,-0.040098362,0.966797144,-0.255520277,-0.000909504,0.003441435,stable
146975696599300,146975.696100000,0.001227668,-0.172309414,-0.040099375,0.966797885,-0.255517436,-0.000910023,0.003444137,stable
146975712002300,146975.711100000,0.001230725,-0.172308818,-0.040101822,0.966799671,-0.255510552,-0.000912204,0.003452763,stable
146975729100650,146975.728100000,0.001233108,-0.172308743,-0.040102057,0.966799817,-0.255509903,-0.000914032,0.003459418,stable
146975744049650,146975.743100000,0.001234635,-0.172308281,-0.040104002,0.966801250,-0.255504420,-0.000915146,0.003463716,stable
146975758438400,146975.758100000,0.001237010,-0.172308400,-0.040103439,0.966800816,-0.255505965,-0.000916911,0.003470374,stable
146975774446900,146975.774100000,0.001241073,-0.172307715,-0.040106222,0.966802825,-0.255498198,-0.000919899,0.003481794,stable
146975790443900,146975.790100000,0.001241798,-0.172306791,-0.040110201,0.966805772,-0.255487013,-0.000920401,0.003483858,stable
146975805325900,146975.805100000,0.001241737,-0.172305450,-0.040115941,0.966810024,-0.255470925,-0.000920304,0.003483728,stable
146975820647200,146975.820100000,0.001245175,-0.172304645,-0.040119294,0.966812475,-0.255461510,-0.000922823,0.003493400,stable
146975836714150,146975.836100000,0.001247872,-0.172303721,-0.040123217,0.966815362,-0.255450474,-0.000924788,0.003500996,stable
146975853040000,146975.852100000,0.001251849,-0.172303140,-0.040125586,0.966817071,-0.255443839,-0.000927713,0.003512170,stable
146975867793250,146975.867100000,0.001255808,-0.172302768,-0.040127028,0.966818109,-0.255439746,-0.000930634,0.003523290,stable
146975883394400,146975.883100000,0.001260450,-0.172301918,-0.040130559,0.966820680,-0.255429824,-0.000934042,0.003536339,stable
146975898851500,146975.898200000,0.001262145,-0.172301292,-0.040133141,0.966822575,-0.255422579,-0.000935275,0.003541114,stable
146975914397800,146975.914200000,0.001266216,-0.172300622,-0.040135924,0.966824582,-0.255414811,-0.000938267,0.003552559,stable
146975930455500,146975.930200000,0.001268315,-0.172299713,-0.040139779,0.966827437,-0.255403916,-0.000939788,0.003558476,stable
146975945862350,146975.945200000,0.001270690,-0.172298819,-0.040143490,0.966830149,-0.255393553,-0.000941513,0.003565166,stable
146975961466600,146975.961200000,0.001274125,-0.172297210,-0.040150296,0.966835164,-0.255374422,-0.000943997,0.003574856,stable
146975976594400,146975.976200000,0.001277375,-0.172296137,-0.040154796,0.966838456,-0.255361819,-0.000946364,0.003584008,stable
146975992371000,146975.992200000,0.001280147,-0.172295436,-0.040157735,0.966840605,-0.255353565,-0.000948391,0.003591810,stable
146976007834600,146976.007200000,0.001283048,-0.172294527,-0.040161557,0.966843399,-0.255342864,-0.000950505,0.003599978,stable
146976023415450,146976.023200000,0.001287062,-0.172293097,-0.040167544,0.966847802,-0.255326023,-0.000953424,0.003611287,stable
146976039320500,146976.039200000,0.001291141,-0.172292054,-0.040171873,0.966850966,-0.255313865,-0.000956406,0.003622765,stable
146976054821550,146976.054200000,0.001296208,-0.172291145,-0.040175594,0.966853662,-0.255303438,-0.000960124,0.003637012,stable
146976070400800,146976.070200000,0.001299929,-0.172289893,-0.040180866,0.966857532,-0.255288625,-0.000962832,0.003647492,stable
146976085876950,146976.085200000,0.001304524,-0.172288969,-0.040184669,0.966860299,-0.255277947,-0.000966200,0.003660416,stable
146976101415550,146976.101200000,0.001309486,-0.172287732,-0.040189814,0.966864047,-0.255263537,-0.000969827,0.003674380,stable
146976116903000,146976.116200000,0.001313748,-0.172286615,-0.040194474,0.966867463,-0.255250413,-0.000972940,0.003686375,stable
146976132983300,146976.132200000,0.001317465,-0.172284856,-0.040201902,0.966872929,-0.255229546,-0.000975622,0.003696861,stable
146976148532150,146976.148200000,0.001322925,-0.172283366,-0.040208105,0.966877456,-0.255212157,-0.000979608,0.003712234,stable
146976163945500,146976.163200000,0.001328266,-0.172281846,-0.040214404,0.966882076,-0.255194417,-0.000983503,0.003727270,stable
146976179534050,146976.179200000,0.001333720,-0.172280148,-0.040221538,0.966887289,-0.255174425,-0.000987474,0.003742633,stable
146976195009950,146976.194200000,0.001338164,-0.172278553,-0.040228188,0.966892165,-0.255155752,-0.000990700,0.003755156,stable
146976210503700,146976.210200000,0.001344163,-0.172276780,-0.040235586,0.966897581,-0.255134963,-0.000995070,0.003772048,stable
146976226585700,146976.226200000,0.001349333,-0.172275349,-0.040241577,0.966901954,-0.255118160,-0.000998840,0.003786606,stable
146976241513100,146976.241200000,0.001355251,-0.172273487,-0.040249303,0.966907609,-0.255096462,-0.001003147,0.003803277,stable
146976257068300,146976.256100000,0.001360532,-0.172271580,-0.040257316,0.966913491,-0.255073927,-0.001007081,0.003818107,stable
146976272957550,146976.272100000,0.001365148,-0.172270507,-0.040261727,0.966916702,-0.255061557,-0.001012999,0.003829749,stable
146976289015050,146976.288100000,0.001370234,-0.172268927,-0.040268335,0.966921543,-0.255042964,-0.001013774,0.003845626,stable
146976304595150,146976.304100000,0.001373635,-0.172267541,-0.040274147,0.966925803,-0.255026669,-0.001018614,0.003853955,stable
146976320092200,146976.319100000,0.001377143,-0.172266066,-0.040280327,0.966930326,-0.255009352,-0.001019907,0.003864513,stable
146976336028100,146976.335100000,0.001380275,-0.172265097,-0.040284380,0.966933312,-0.254997910,-0.001028169,0.003870162,stable
146976350675700,146976.350100000,0.001383997,-0.172264040,-0.040288776,0.966936532,-0.254985542,-0.001033578,0.003879213,stable
146976366900700,146976.366100000,0.001387557,-0.172262728,-0.040294215,0.966940513,-0.254970280,-0.001035573,0.003889558,stable
146976381505100,146976.381100000,0.001393321,-0.172261611,-0.040298805,0.966943857,-0.254957347,-0.001043687,0.003903708,stable
146976398017250,146976.397100000,0.001397914,-0.172260404,-0.040303849,0.966947537,-0.254943187,-0.001048841,0.003915684,stable
146976412628350,146976.412100000,0.001401309,-0.172259808,-0.040306237,0.966949266,-0.254936482,-0.001054214,0.003923702,stable
146976427702050,146976.427100000,0.001404506,-0.172258481,-0.040311810,0.966953360,-0.254920815,-0.001059052,0.003931382,stable
146976444192750,146976.443100000,0.001409156,-0.172257692,-0.040315021,0.966955698,-0.254911744,-0.001065403,0.003942898,stable
146976459742100,146976.459100000,0.001410077,-0.172256529,-0.040319964,0.966959338,-0.254897887,-0.001065089,0.003946026,stable
146976476066800,146976.475100000,0.001414011,-0.172255114,-0.040325847,0.966963639,-0.254881379,-0.001065598,0.003958358,stable
146976490774400,146976.490100000,0.001416903,-0.172253788,-0.040331393,0.966967703,-0.254865826,-0.001068589,0.003966040,stable
146976506381300,146976.506100000,0.001420629,-0.172252700,-0.040335920,0.966971023,-0.254853065,-0.001073545,0.003975347,stable
146976521774850,146976.521100000,0.001423633,-0.172251552,-0.040340740,0.966974562,-0.254839511,-0.001079228,0.003981956,stable
146976537811650,146976.537100000,0.001426517,-0.172250450,-0.040345315,0.966977914,-0.254826654,-0.001081489,0.003989996,stable
146976553407500,146976.553100000,0.001430848,-0.172248900,-0.040351823,0.966982682,-0.254808371,-0.001088042,0.004000396,stable
146976568833150,146976.568100000,0.001435025,-0.172247663,-0.040356927,0.966986402,-0.254794057,-0.001091765,0.004011800,stable
146976584050800,146976.583100000,0.001437881,-0.172246605,-0.040361326,0.966989627,-0.254781691,-0.001095723,0.004018849,stable
146976599545500,146976.599100000,0.001439652,-0.172245756,-0.040364899,0.966992261,-0.254771620,-0.001099631,0.004022453,stable
146976614946100,146976.614100000,0.001442701,-0.172244877,-0.040368546,0.966994927,-0.254761364,-0.001104108,0.004029843,stable
146976630982000,146976.630100000,0.001446476,-0.172243625,-0.040373776,0.966998752,-0.254746674,-0.001109325,0.004039168,stable
146976646511700,146976.646100000,0.001450063,-0.172242537,-0.040378291,0.967002043,-0.254734012,-0.001112432,0.004049010,stable
146976662023350,146976.661100000,0.001453413,-0.172241300,-0.040383436,0.967005827,-0.254719490,-0.001115750,0.004057984,stable
146976678049550,146976.677100000,0.001456278,-0.172239929,-0.040389143,0.967010016,-0.254703461,-0.001121346,0.004064197,stable
146976694034750,146976.693100000,0.001459833,-0.172238961,-0.040393159,0.967012939,-0.254692196,-0.001124548,0.004073886,stable
146976708675150,146976.708100000,0.001463157,-0.172237620,-0.040398750,0.967017045,-0.254676457,-0.001130067,0.004081607,stable
146976725025650,146976.724100000,0.001466782,-0.172236845,-0.040401898,0.967019331,-0.254667613,-0.001134984,0.004090606,stable
146976740966900,146976.740100000,0.001469566,-0.172236055,-0.040405206,0.967021743,-0.254658320,-0.001138109,0.004097866,stable
146976755751450,146976.755100000,0.001472071,-0.172235116,-0.040409125,0.967024621,-0.254647284,-0.001142984,0.004103304,stable
146976771360100,146976.771000000,0.001475074,-0.172234401,-0.040412027,0.967026732,-0.254639123,-0.001146276,0.004111174,stable
146976786536800,146976.786000000,0.001478121,-0.172233656,-0.040415093,0.967028966,-0.254630503,-0.001150840,0.004118509,stable
146976802634350,146976.802000000,0.001480183,-0.172233179,-0.040417068,0.967030399,-0.254624961,-0.001153125,0.004123901,stable
146976818103800,146976.817000000,0.001482649,-0.172232032,-0.040421847,0.967033908,-0.254611518,-0.001155497,0.004130545,stable
146976834400950,146976.834000000,0.001485402,-0.172231331,-0.040424768,0.967036029,-0.254603332,-0.001158861,0.004137579,stable
146976849604650,146976.849000000,0.001488241,-0.172230586,-0.040427808,0.967038245,-0.254594780,-0.001162391,0.004144798,stable
146976865663700,146976.865000000,0.001491471,-0.172229961,-0.040430330,0.967040080,-0.254587653,-0.001164973,0.004153770,stable
146976881437650,146976.881000000,0.001493800,-0.172229409,-0.040432647,0.967041769,-0.254581132,-0.001169384,0.004158888,stable
146976896974400,146976.896000000,0.001495569,-0.172228694,-0.040435579,0.967043917,-0.254572893,-0.001172761,0.004162765,stable
146976912584200,146976.912000000,0.001496837,-0.172227874,-0.040439047,0.967046463,-0.254563157,-0.001173480,0.004166449,stable
146976927965000,146976.927000000,0.001499233,-0.172226638,-0.040444192,0.967050238,-0.254548708,-0.001177112,0.004172204,stable
146976945038300,146976.944000000,0.001502169,-0.172226444,-0.040444937,0.967050761,-0.254546589,-0.001182623,0.004178675,stable
146976959519700,146976.959000000,0.001504148,-0.172225773,-0.040447745,0.967052815,-0.254538684,-0.001183547,0.004184527,stable
146976974921350,146976.974000000,0.001507470,-0.172224760,-0.040451940,0.967055873,-0.254526917,-0.001189646,0.004191930,stable
146976989976650,146976.989000000,0.001510806,-0.172224343,-0.040453579,0.967057058,-0.254522265,-0.001196149,0.004199158,stable
146977006112900,146977.005000000,0.001513272,-0.172223523,-0.040456943,0.967059512,-0.254512822,-0.001199379,0.004205343,stable
146977021082100,146977.020000000,0.001516199,-0.172222942,-0.040459331,0.967061249,-0.254506087,-0.001203734,0.004212404,stable
146977035801300,146977.035000000,0.001518868,-0.172222301,-0.040461984,0.967063186,-0.254498599,-0.001207265,0.004219077,stable
146977051757350,146977.051000000,0.001521669,-0.172221661,-0.040464573,0.967065070,-0.254491307,-0.001211554,0.004225771,stable
146977066969100,146977.066000000,0.001524006,-0.172220960,-0.040467456,0.967067166,-0.254483233,-0.001215113,0.004231368,stable
146977081976950,146977.081000000,0.001526204,-0.172220573,-0.040469036,0.967068315,-0.254478753,-0.001216516,0.004237660,stable
146977097525050,146977.097000000,0.001527355,-0.172219843,-0.040472079,0.967070553,-0.254470206,-0.001220686,0.004239139,stable
146977112939950,146977.112000000,0.001529535,-0.172218516,-0.040477656,0.967074653,-0.254454527,-0.001225939,0.004243342,stable
146977129071400,146977.128000000,0.001532247,-0.172218174,-0.040479023,0.967075629,-0.254450688,-0.001229245,0.004250269,stable
146977144631550,146977.144000000,0.001534104,-0.172217831,-0.040480427,0.967076650,-0.254446713,-0.001230509,0.004255546,stable
146977160951950,146977.160000000,0.001536401,-0.172217533,-0.040481590,0.967077481,-0.254443448,-0.001234910,0.004260561,stable
146977175700100,146977.175000000,0.001537582,-0.172217131,-0.040483247,0.967078693,-0.254438790,-0.001237727,0.004262851,stable
146977191682000,146977.191000000,0.001539319,-0.172216699,-0.040485021,0.967079988,-0.254433779,-0.001239112,0.004267677,stable
146977208043900,146977.207000000,0.001541247,-0.172215924,-0.040488224,0.967082327,-0.254424782,-0.001238170,0.004274356,stable
146977222674300,146977.222000000,0.001542218,-0.172215238,-0.040491119,0.967084456,-0.254416642,-0.001239344,0.004276849,stable
146977238572650,146977.238000000,0.001544210,-0.172214642,-0.040493548,0.967086215,-0.254409853,-0.001240790,0.004282463,stable
146977254033600,146977.253000000,0.001545825,-0.172213808,-0.040497035,0.967088773,-0.254400047,-0.001242058,0.004286967,stable
146977269758200,146977.269100000,0.001548216,-0.172213465,-0.040498428,0.967089781,-0.254396112,-0.001248150,0.004291389,stable
146977285651100,146977.285100000,0.001549798,-0.172212750,-0.040501442,0.967091995,-0.254387620,-0.001251139,0.004294873,stable
146977301435900,146977.301100000,0.001552067,-0.172212169,-0.040503796,0.967093718,-0.254380974,-0.001257313,0.004298863,stable
146977316817750,146977.316100000,0.001554261,-0.172211677,-0.040505793,0.967095163,-0.254375374,-0.001260731,0.004304074,stable
146977331769800,146977.331100000,0.001555620,-0.172211692,-0.040505704,0.967095094,-0.254375580,-0.001265138,0.004306080,stable
146977347474100,146977.347100000,0.001557172,-0.172211140,-0.040507965,0.967096743,-0.254369242,-0.001269050,0.004308978,stable
146977362884400,146977.362100000,0.001557220,-0.172210753,-0.040509630,0.967097972,-0.254364558,-0.001266898,0.004310278,stable
146977378467200,146977.378100000,0.001558921,-0.172210157,-0.040512063,0.967099735,-0.254357772,-0.001269338,0.004314434,stable
146977393967250,146977.393100000,0.001559412,-0.172209814,-0.040513538,0.967100819,-0.254353616,-0.001267440,0.004317016,stable
146977409465800,146977.409100000,0.001559799,-0.172209725,-0.040513884,0.967101082,-0.254352610,-0.001270871,0.004316433,stable
146977424577150,146977.424100000,0.001560286,-0.172209173,-0.040516201,0.967102794,-0.254346079,-0.001272029,0.004317385,stable
146977440531400,146977.440100000,0.001561474,-0.172208637,-0.040518418,0.967104410,-0.254339881,-0.001274999,0.004319615,stable
146977455982100,146977.455100000,0.001563004,-0.172208503,-0.040518984,0.967104821,-0.254338241,-0.001276600,0.004323665,stable
146977471578100,146977.471100000,0.001563139,-0.172208220,-0.040520124,0.967105660,-0.254335053,-0.001278374,0.004323155,stable
146977487530500,146977.487100000,0.001564540,-0.172207832,-0.040521737,0.967106837,-0.254330519,-0.001282743,0.004325325,stable
146977503073150,146977.502100000,0.001566887,-0.172207460,-0.040523212,0.967107905,-0.254326347,-0.001287218,0.004330461,stable
146977518697700,146977.518100000,0.001568496,-0.172207549,-0.040522825,0.967107605,-0.254327418,-0.001291908,0.004333117,stable
146977534626800,146977.534100000,0.001569944,-0.172206998,-0.040525060,0.967109248,-0.254321109,-0.001296319,0.004335414,stable
146977551049950,146977.550100000,0.001572212,-0.172206581,-0.040526748,0.967110476,-0.254316334,-0.001300774,0.004340312,stable
146977565673900,146977.565100000,0.001573947,-0.172206432,-0.040527310,0.967110867,-0.254314749,-0.001300382,0.004346073,stable
146977582035300,146977.581100000,0.001574761,-0.172206476,-0.040527102,0.967110695,-0.254315361,-0.001301498,0.004348085,stable
146977596363450,146977.596100000,0.001575156,-0.172206134,-0.040528532,0.967111750,-0.254311333,-0.001302016,0.004349079,stable
146977611836350,146977.611100000,0.001576324,-0.172205627,-0.040530637,0.967113287,-0.254305429,-0.001303277,0.004352153,stable
146977627827150,146977.627100000,0.001576876,-0.172205359,-0.040531799,0.967114141,-0.254302156,-0.001304665,0.004353186,stable
146977643818450,146977.643100000,0.001578041,-0.172205284,-0.040532067,0.967114321,-0.254301411,-0.001305735,0.004356348,stable
146977658552000,146977.658100000,0.001578279,-0.172205076,-0.040532935,0.967114970,-0.254298936,-0.001307485,0.004356180,stable
146977675054400,146977.674100000,0.001578007,-0.172204763,-0.040534280,0.967115972,-0.254295148,-0.001309603,0.004354191,stable
146977691100100,146977.690100000,0.001579650,-0.172204971,-0.040533323,0.967115255,-0.254297800,-0.001313642,0.004357299,stable
146977705574450,146977.705100000,0.001579268,-0.172204703,-0.040534455,0.967116092,-0.254294641,-0.001313833,0.004355978,stable
146977721376950,146977.721100000,0.001580250,-0.172204360,-0.040535871,0.967117128,-0.254290640,-0.001312218,0.004359982,stable
146977736409350,146977.736100000,0.001582567,-0.172204033,-0.040537201,0.967118087,-0.254286886,-0.001317474,0.004364608,stable
146977751790850,146977.751100000,0.001583946,-0.172203541,-0.040539224,0.967119553,-0.254281231,-0.001316818,0.004369378,stable
146977767416400,146977.767100000,0.001584775,-0.172203273,-0.040540364,0.967120380,-0.254278041,-0.001317171,0.004371846,stable
146977782812900,146977.782100000,0.001586064,-0.172202885,-0.040541906,0.967121517,-0.254273661,-0.001320351,0.004374288,stable
146977797745400,146977.797000000,0.001587566,-0.172202468,-0.040543627,0.967122758,-0.254268860,-0.001321026,0.004378738,stable
146977813301150,146977.812000000,0.001588696,-0.172202349,-0.040544119,0.967123114,-0.254267458,-0.001324768,0.004380372,stable
146977829524150,146977.829000000,0.001587746,-0.172202438,-0.040543765,0.967122879,-0.254268415,-0.001327762,0.004375739,stable
146977844925950,146977.844000000,0.001589717,-0.172202453,-0.040543597,0.967122729,-0.254268898,-0.001333359,0.004379072,stable
146977860562850,146977.860000000,0.001590094,-0.172202393,-0.040543858,0.967122919,-0.254268156,-0.001333641,0.004380129,stable
146977875909450,146977.875000000,0.001591137,-0.172202021,-0.040545411,0.967124059,-0.254263761,-0.001333227,0.004383690,stable
146977891879300,146977.891000000,0.001591504,-0.172201470,-0.040547702,0.967125748,-0.254257329,-0.001336309,0.004383237,stable
146977907592200,146977.907000000,0.001591979,-0.172201529,-0.040547457,0.967125563,-0.254258013,-0.001338534,0.004383573,stable
146977922951550,146977.922000000,0.001591928,-0.172201291,-0.040548500,0.967126342,-0.254255063,-0.001340700,0.004382262,stable
146977938850300,146977.938000000,0.001592284,-0.172200784,-0.040550627,0.967127902,-0.254249106,-0.001339932,0.004383815,stable
146977954414450,146977.954000000,0.001593019,-0.172201052,-0.040549420,0.967127009,-0.254252473,-0.001342318,0.004384897,stable
146977969820200,146977.969000000,0.001592626,-0.172201082,-0.040549312,0.967126935,-0.254252768,-0.001340254,0.004384733,stable
146977985841800,146977.985000000,0.001592724,-0.172200948,-0.040549885,0.967127347,-0.254251187,-0.001338308,0.004386083,stable
146978001460200,146978.001000000,0.001594406,-0.172200873,-0.040550135,0.967127514,-0.254250468,-0.001340845,0.004390120,stable
146978016918650,146978.016000000,0.001595389,-0.172200680,-0.040550958,0.967128103,-0.254248173,-0.001341266,0.004393043,stable
146978032884300,146978.032000000,0.001595355,-0.172200948,-0.040549800,0.967127248,-0.254251430,-0.001341074,0.004393035,stable
146978048895350,146978.048000000,0.001595616,-0.172201276,-0.040548410,0.967126227,-0.254255303,-0.001342438,0.004393140,stable
146978064578050,146978.064000000,0.001594950,-0.172201455,-0.040547647,0.967125674,-0.254257444,-0.001342715,0.004390861,stable
146978079865750,146978.079000000,0.001594936,-0.172201380,-0.040548000,0.967125933,-0.254256466,-0.001344108,0.004390078,stable
146978096105850,146978.095000000,0.001596143,-0.172201037,-0.040549397,0.967126958,-0.254252505,-0.001345206,0.004393361,stable
146978110561800,146978.110000000,0.001597299,-0.172201052,-0.040549256,0.967126835,-0.254252922,-0.001348882,0.004395105,stable
146978125698050,146978.125000000,0.001597119,-0.172200620,-0.040551104,0.967128200,-0.254247735,-0.001347963,0.004395022,stable
146978140816400,146978.140000000,0.001596524,-0.172200620,-0.040551156,0.967128249,-0.254247583,-0.001347654,0.004393284,stable
146978157064800,146978.156000000,0.001597098,-0.172200501,-0.040551633,0.967128601,-0.254246210,-0.001347697,0.004395098,stable
146978171900850,146978.171000000,0.001597096,-0.172200635,-0.040551055,0.967128181,-0.254247820,-0.001350291,0.004393712,stable
146978187476700,146978.187000000,0.001597269,-0.172200754,-0.040550541,0.967127795,-0.254249287,-0.001352537,0.004393073,stable
146978202939350,146978.202000000,0.001598749,-0.172200292,-0.040552456,0.967129196,-0.254243887,-0.001355988,0.004395981,stable
146978218494100,146978.218000000,0.001599193,-0.172200277,-0.040552471,0.967129208,-0.254243829,-0.001358866,0.004395872,stable
146978234508600,146978.234000000,0.001599597,-0.172200248,-0.040552605,0.967129305,-0.254243437,-0.001358991,0.004397100,stable
146978249889000,146978.249000000,0.001599444,-0.172200337,-0.040552218,0.967129020,-0.254244542,-0.001361769,0.004395132,stable
146978265571300,146978.265000000,0.001598333,-0.172200441,-0.040551800,0.967128728,-0.254245706,-0.001359379,0.004392845,stable
146978281004600,146978.280000000,0.001599393,-0.172200814,-0.040550228,0.967127560,-0.254250107,-0.001364086,0.004393734,stable
146978296097150,146978.295000000,0.001599705,-0.172200739,-0.040550508,0.967127764,-0.254249309,-0.001363348,0.004395125,stable
146978311691800,146978.311000000,0.001598335,-0.172201052,-0.040549200,0.967126802,-0.254253032,-0.001359765,0.004392640,stable
146978327610050,146978.327000000,0.001598964,-0.172201142,-0.040548816,0.967126519,-0.254254079,-0.001361057,0.004393966,stable
146978342594800,146978.342000000,0.001600187,-0.172201201,-0.040548541,0.967126300,-0.254254859,-0.001364629,0.004395980,stable
146978359063100,146978.358000000,0.001600029,-0.172201410,-0.040547647,0.967125649,-0.254257350,-0.001366111,0.004394685,stable
146978373791950,146978.373000000,0.001600009,-0.172201425,-0.040547580,0.967125611,-0.254257503,-0.001367833,0.004393705,stable
146978390059250,146978.389000000,0.001600373,-0.172201246,-0.040548325,0.967126142,-0.254255461,-0.001367828,0.004394876,stable
146978404717700,146978.404000000,0.001601120,-0.172200814,-0.040550120,0.967127469,-0.254250385,-0.001371539,0.004395301,stable
146978420377700,146978.420000000,0.001601693,-0.172201037,-0.040549129,0.967126733,-0.254253165,-0.001374606,0.004395503,stable
146978436414350,146978.436000000,0.001602273,-0.172201395,-0.040547639,0.967125631,-0.254257329,-0.001375868,0.004396682,stable
146978451834200,146978.451000000,0.001603573,-0.172201648,-0.040546503,0.967124788,-0.254260486,-0.001381386,0.004397910,stable
146978467364800,146978.467000000,0.001604135,-0.172201797,-0.040545836,0.967124287,-0.254262373,-0.001384386,0.004398114,stable
146978482832300,146978.482000000,0.001604489,-0.172201976,-0.040545054,0.967123720,-0.254264511,-0.001384689,0.004399082,stable
146978498817750,146978.498000000,0.001603943,-0.172202289,-0.040543761,0.967122763,-0.254268176,-0.001383157,0.004398146,stable
146978514422900,146978.514000000,0.001603293,-0.172202662,-0.040542219,0.967121639,-0.254272499,-0.001386373,0.004394352,stable
146978530416300,146978.530000000,0.001603742,-0.172202423,-0.040543202,0.967122361,-0.254269729,-0.001386764,0.004395583,stable
146978545897600,146978.545000000,0.001603154,-0.172202319,-0.040543638,0.967122701,-0.254268473,-0.001387981,0.004393057,stable
146978561501200,146978.561000000,0.001602160,-0.172202423,-0.040543281,0.967122439,-0.254269525,-0.001388092,0.004389816,stable
146978576879700,146978.576000000,0.001601642,-0.172202468,-0.040543083,0.967122306,-0.254270058,-0.001388507,0.004387936,stable
146978591835050,146978.591000000,0.001601876,-0.172202870,-0.040541377,0.967121049,-0.254274825,-0.001388327,0.004388777,stable
146978607447600,146978.607000000,0.001601337,-0.172203124,-0.040540319,0.967120276,-0.254277806,-0.001390581,0.004385852,stable
146978622959300,146978.622100000,0.001602359,-0.172202975,-0.040540919,0.967120712,-0.254276098,-0.001392318,0.004388200,stable
146978638971450,146978.638100000,0.001601315,-0.172203019,-0.040540785,0.967120623,-0.254276492,-0.001392017,0.004385020,stable
146978654995600,146978.654100000,0.001601428,-0.172203258,-0.040539768,0.967119873,-0.254279345,-0.001393483,0.004384598,stable
146978670595200,146978.670100000,0.001600838,-0.172203526,-0.040538650,0.967119068,-0.254282451,-0.001396430,0.004381144,stable
146978686096650,146978.685100000,0.001600871,-0.172203436,-0.040538989,0.967119310,-0.254281528,-0.001396875,0.004381014,stable
146978701677350,146978.701100000,0.001600248,-0.172203362,-0.040539369,0.967119600,-0.254280453,-0.001395559,0.004379719,stable
146978718101650,146978.717100000,0.001599916,-0.172203660,-0.040538095,0.967118664,-0.254284034,-0.001395613,0.004378625,stable
146978733114750,146978.732100000,0.001599146,-0.172203720,-0.040537842,0.967118494,-0.254284722,-0.001395977,0.004375966,stable
146978747460000,146978.747100000,0.001598566,-0.172203436,-0.040539116,0.967119436,-0.254281172,-0.001395372,0.004374435,stable
146978762866450,146978.762100000,0.001598466,-0.172203481,-0.040538903,0.967119289,-0.254281733,-0.001395021,0.004374300,stable
146978778528450,146978.778100000,0.001598284,-0.172204077,-0.040536389,0.967117444,-0.254288767,-0.001397107,0.004372604,stable
146978794000000,146978.793100000,0.001597146,-0.172204286,-0.040535547,0.967116823,-0.254291188,-0.001396152,0.004369469,stable
146978810000650,146978.809100000,0.001595850,-0.172204137,-0.040536221,0.967117334,-0.254289306,-0.001393211,0.004366885,stable
146978824995250,146978.824100000,0.001594188,-0.172204494,-0.040534768,0.967116283,-0.254293393,-0.001392779,0.004361791,stable
146978841116250,146978.840100000,0.001592664,-0.172204807,-0.040533502,0.967115370,-0.254296934,-0.001388674,0.004359090,stable
146978857143400,146978.856100000,0.001592480,-0.172205061,-0.040532436,0.967114591,-0.254299914,-0.001390603,0.004357475,stable
146978871772800,146978.871100000,0.001592504,-0.172205120,-0.040532205,0.967114410,-0.254300598,-0.001389266,0.004358261,stable
146978888110650,146978.887100000,0.001592102,-0.172205374,-0.040531140,0.967113632,-0.254303578,-0.001388843,0.004357195,stable
146978902790750,146978.902100000,0.001591027,-0.172205359,-0.040531237,0.967113707,-0.254303343,-0.001387654,0.004354386,stable
146978918399600,146978.918100000,0.001591174,-0.172205687,-0.040529810,0.967112657,-0.254307329,-0.001387161,0.004355116,stable
146978935123150,146978.934100000,0.001591112,-0.172205746,-0.040529598,0.967112495,-0.254307943,-0.001385775,0.004355652,stable
146978949783000,146978.949100000,0.001591646,-0.172206223,-0.040527545,0.967110970,-0.254313716,-0.001386781,0.004356823,stable
146978965492300,146978.965100000,0.001590259,-0.172206447,-0.040526643,0.967110322,-0.254316251,-0.001384861,0.004353401,stable
146978980868250,146978.980100000,0.001589895,-0.172206730,-0.040525414,0.967109429,-0.254319679,-0.001388649,0.004350221,stable
146978996972000,146978.996100000,0.001590222,-0.172207013,-0.040524255,0.967108570,-0.254322921,-0.001386311,0.004352506,stable
146979012483800,146979.012100000,0.001590536,-0.172207281,-0.040523056,0.967107682,-0.254326290,-0.001389185,0.004351981,stable
146979027505800,146979.027100000,0.001590259,-0.172207490,-0.040522210,0.967107057,-0.254328682,-0.001388818,0.004351288,stable
146979043834450,146979.043100000,0.001590756,-0.172207698,-0.040521290,0.967106378,-0.254331239,-0.001389598,0.004352461,stable
146979059528950,146979.059100000,0.001590570,-0.172207788,-0.040520899,0.967106090,-0.254332344,-0.001389497,0.004351918,stable
146979074537850,146979.074100000,0.001591095,-0.172208026,-0.040519893,0.967105349,-0.254335141,-0.001391952,0.004352290,stable
146979089961500,146979.089100000,0.001589315,-0.172208428,-0.040518232,0.967104142,-0.254339830,-0.001392323,0.004346395,stable
146979105477750,146979.105100000,0.001588302,-0.172209159,-0.040515166,0.967101894,-0.254348431,-0.001391650,0.004343501,stable
146979120907650,146979.120100000,0.001587805,-0.172209308,-0.040514600,0.967101486,-0.254350013,-0.001393058,0.004341162,stable
146979136998300,146979.136100000,0.001584681,-0.172209546,-0.040513668,0.967100821,-0.254352693,-0.001388017,0.004333840,stable
146979152525150,146979.152100000,0.001584491,-0.172209591,-0.040513497,0.967100708,-0.254353142,-0.001390313,0.004332013,stable
146979168044850,146979.167100000,0.001584652,-0.172209501,-0.040513895,0.967101015,-0.254351982,-0.001393938,0.004330602,stable
146979183561400,146979.183100000,0.001583767,-0.172209814,-0.040512547,0.967100025,-0.254355788,-0.001393051,0.004328238,stable
146979198954550,146979.198100000,0.001583256,-0.172210172,-0.040511061,0.967098933,-0.254359970,-0.001393260,0.004326488,stable
146979214621550,146979.214100000,0.001582757,-0.172210485,-0.040509790,0.967098004,-0.254363523,-0.001391585,0.004325776,stable
146979230532800,146979.230100000,0.001582917,-0.172210753,-0.040508613,0.967097128,-0.254366850,-0.001392974,0.004325548,stable
146979247130250,146979.246100000,0.001582323,-0.172210991,-0.040507626,0.967096415,-0.254369594,-0.001393596,0.004323315,stable
146979261613150,146979.261100000,0.001581723,-0.172211185,-0.040506810,0.967095814,-0.254371916,-0.001394851,0.004320726,stable
146979278085550,146979.277100000,0.001580623,-0.172211424,-0.040505838,0.967095114,-0.254374632,-0.001393183,0.004318090,stable
146979291998200,146979.291100000,0.001579724,-0.172211170,-0.040506966,0.967095956,-0.254371474,-0.001391650,0.004316029,stable
146979307727600,146979.307100000,0.001578507,-0.172211453,-0.040505785,0.967095104,-0.254374778,-0.001390986,0.004312485,stable
146979324095250,146979.323100000,0.001579318,-0.172211736,-0.040504567,0.967094201,-0.254378173,-0.001393322,0.004313836,stable
146979339137700,146979.338100000,0.001578635,-0.172211692,-0.040504809,0.967094392,-0.254377491,-0.001394887,0.004310821,stable
146979355096300,146979.354100000,0.001577444,-0.172212094,-0.040503129,0.967093151,-0.254382262,-0.001391006,0.004309065,stable
146979369749100,146979.369100000,0.001575295,-0.172212020,-0.040503561,0.967093501,-0.254381038,-0.001388593,0.004303470,stable
146979385045800,146979.384100000,0.001573726,-0.172212169,-0.040502992,0.967093103,-0.254382637,-0.001388667,0.004298409,stable
146979401002550,146979.400100000,0.001573226,-0.172212422,-0.040501907,0.967092306,-0.254385686,-0.001386395,0.004298014,stable
146979415828850,146979.415100000,0.001571968,-0.172212780,-0.040500402,0.967091211,-0.254389914,-0.001385919,0.004294236,stable
146979431832950,146979.431100000,0.001570930,-0.172212854,-0.040500168,0.967091055,-0.254390574,-0.001388477,0.004289554,stable
146979448125050,146979.447100000,0.001571261,-0.172213063,-0.040499285,0.967090401,-0.254393048,-0.001390352,0.004289618,stable
146979462896500,146979.462100000,0.001571047,-0.172213301,-0.040498260,0.967089657,-0.254395903,-0.001395048,0.004286435,stable
146979477532750,146979.477100000,0.001569776,-0.172213271,-0.040498402,0.967089772,-0.254395529,-0.001393658,0.004283108,stable
146979492639200,146979.492100000,0.001569121,-0.172213063,-0.040499341,0.967090471,-0.254392902,-0.001392255,0.004281758,stable
146979509089150,146979.508100000,0.001569091,-0.172213212,-0.040498715,0.967090020,-0.254394623,-0.001393195,0.004281162,stable
146979523597450,146979.523100000,0.001569181,-0.172213450,-0.040497687,0.967089268,-0.254397489,-0.001396767,0.004279548,stable
146979538617000,146979.538100000,0.001568480,-0.172213584,-0.040497139,0.967088861,-0.254399071,-0.001395741,0.004277850,stable
146979554084550,146979.553100000,0.001567778,-0.172213539,-0.040497392,0.967089070,-0.254398320,-0.001398045,0.004274380,stable
146979569768350,146979.569100000,0.001567517,-0.172213748,-0.040496510,0.967088423,-0.254400795,-0.001398339,0.004273385,stable
146979586073300,146979.585100000,0.001566593,-0.172214046,-0.040495243,0.967087495,-0.254404363,-0.001395224,0.004272080,stable
146979600751700,146979.600100000,0.001565546,-0.172214076,-0.040495187,0.967087468,-0.254404520,-0.001395246,0.004268719,stable
146979617070400,146979.616100000,0.001563992,-0.172213972,-0.040495664,0.967087833,-0.254403210,-0.001393503,0.004264673,stable
146979632430950,146979.632100000,0.001564479,-0.172214210,-0.040494666,0.967087097,-0.254405991,-0.001395636,0.004265096,stable
146979647587800,146979.647100000,0.001563002,-0.172214210,-0.040494680,0.967087129,-0.254405954,-0.001397291,0.004259493,stable
146979662912450,146979.662100000,0.001562463,-0.172214419,-0.040493824,0.967086503,-0.254408362,-0.001396946,0.004257948,stable
146979678514300,146979.678100000,0.001562277,-0.172214448,-0.040493719,0.967086436,-0.254408628,-0.001397523,0.004257045,stable
146979693969300,146979.693100000,0.001560697,-0.172214493,-0.040493574,0.967086346,-0.254409051,-0.001396173,0.004252707,stable
146979709626200,146979.709100000,0.001559282,-0.172214732,-0.040492628,0.967085670,-0.254411700,-0.001397859,0.004247279,stable
146979724592750,146979.724100000,0.001557870,-0.172215134,-0.040490985,0.967084475,-0.254416319,-0.001398223,0.004242565,stable
146979740650000,146979.740100000,0.001557094,-0.172215357,-0.040490013,0.967083772,-0.254419034,-0.001397989,0.004240202,stable
146979756119050,146979.755100000,0.001556641,-0.172215506,-0.040489428,0.967083346,-0.254420669,-0.001396406,0.004239592,stable
146979771627500,146979.771100000,0.001555927,-0.172215581,-0.040489145,0.967083144,-0.254421483,-0.001398153,0.004236380,stable
146979788091000,146979.787100000,0.001554797,-0.172215566,-0.040489227,0.967083225,-0.254421235,-0.001398294,0.004232686,stable
146979802075000,146979.801100000,0.001552988,-0.172215715,-0.040488679,0.967082843,-0.254422794,-0.001401719,0.004225080,stable
146979817676550,146979.817100000,0.001550774,-0.172216147,-0.040486950,0.967081593,-0.254427652,-0.001398615,0.004219640,stable
146979832738050,146979.832100000,0.001550678,-0.172216401,-0.040485863,0.967080798,-0.254430687,-0.001400236,0.004218468,stable
146979849096550,146979.848100000,0.001549585,-0.172216371,-0.040486015,0.967080925,-0.254430271,-0.001402774,0.004213623,stable
146979863773300,146979.863100000,0.001548790,-0.172216550,-0.040485281,0.967080395,-0.254432330,-0.001404022,0.004210415,stable
146979879394300,146979.879100000,0.001548992,-0.172216743,-0.040484454,0.967079792,-0.254434623,-0.001407556,0.004209181,stable
146979894865000,146979.894100000,0.001548106,-0.172217041,-0.040483255,0.967078927,-0.254437968,-0.001410197,0.004204944,stable
146979910445850,146979.910100000,0.001546520,-0.172217369,-0.040481910,0.967077955,-0.254441748,-0.001411286,0.004199286,stable
146979927097750,146979.926100000,0.001545781,-0.172217190,-0.040482666,0.967078523,-0.254439625,-0.001410535,0.004197320,stable
146979941433100,146979.941100000,0.001544468,-0.172217205,-0.040482659,0.967078532,-0.254439657,-0.001409733,0.004193546,stable
146979956867450,146979.956100000,0.001544389,-0.172217354,-0.040482014,0.967078066,-0.254441448,-0.001414145,0.004190948,stable
146979973096300,146979.972100000,0.001544073,-0.172217771,-0.040480264,0.967076779,-0.254446358,-0.001414243,0.004189879,stable
146979988448800,146979.988200000,0.001543939,-0.172218129,-0.040478744,0.967075659,-0.254450623,-0.001415481,0.004188791,stable
146980003827800,146980.003200000,0.001544133,-0.172218546,-0.040476955,0.967074342,-0.254455628,-0.001418340,0.004187889,stable
146980019545100,146980.019200000,0.001542300,-0.172218919,-0.040475477,0.967073277,-0.254459771,-0.001418360,0.004182012,stable
146980034459950,146980.034200000,0.001540390,-0.172219530,-0.040472936,0.967071419,-0.254466922,-0.001414968,0.004177694,stable
146980049860950,146980.049200000,0.001540079,-0.172219679,-0.040472288,0.967070953,-0.254468713,-0.001415475,0.004176429,stable
146980065578500,146980.065200000,0.001538145,-0.172219783,-0.040471952,0.967070720,-0.254469697,-0.001414340,0.004170840,stable
146980081049450,146980.080200000,0.001537052,-0.172220364,-0.040469501,0.967068924,-0.254476581,-0.001414992,0.004166991,stable
146980096526600,146980.096200000,0.001535951,-0.172220320,-0.040469721,0.967069105,-0.254475955,-0.001415899,0.004162988,stable
146980112108400,146980.111200000,0.001535936,-0.172220334,-0.040469687,0.967069091,-0.254476011,-0.001417000,0.004162355,stable
146980128057150,146980.127200000,0.001536282,-0.172220618,-0.040468492,0.967068203,-0.254479380,-0.001420964,0.004161356,stable
146980144007500,146980.143200000,0.001535914,-0.172221139,-0.040466264,0.967066561,-0.254485645,-0.001422890,0.004159148,stable
146980159690250,146980.159200000,0.001536059,-0.172221214,-0.040465910,0.967066302,-0.254486623,-0.001423015,0.004159545,stable
146980174689450,146980.174200000,0.001537038,-0.172221377,-0.040465213,0.967065777,-0.254488563,-0.001422344,0.004163032,stable
146980189817100,146980.189200000,0.001535191,-0.172221601,-0.040464301,0.967065119,-0.254491155,-0.001420509,0.004158096,stable
146980206096900,146980.205200000,0.001534868,-0.172221765,-0.040463611,0.967064613,-0.254493086,-0.001417062,0.004158889,stable
146980220793400,146980.220200000,0.001531856,-0.172222540,-0.040460471,0.967062321,-0.254501944,-0.001415351,0.004150153,stable
146980236787800,146980.236200000,0.001530322,-0.172222733,-0.040459666,0.967061753,-0.254504187,-0.001416328,0.004144726,stable
146980253113500,146980.252200000,0.001528357,-0.172222912,-0.040458985,0.967061269,-0.254506122,-0.001414888,0.004139202,stable
146980267859150,146980.267200000,0.001527285,-0.172223359,-0.040457111,0.967059906,-0.254511355,-0.001414008,0.004136231,stable
146980283464450,146980.283200000,0.001525402,-0.172224119,-0.040453989,0.967057623,-0.254520127,-0.001413481,0.004130480,stable
146980298938950,146980.298200000,0.001523764,-0.172224313,-0.040453210,0.967057065,-0.254522326,-0.001411738,0.004126162,stable
146980315094400,146980.314200000,0.001523191,-0.172224715,-0.040451519,0.967055826,-0.254527068,-0.001412709,0.004123809,stable
146980330451000,146980.330200000,0.001521164,-0.172225147,-0.040449776,0.967054558,-0.254531981,-0.001409945,0.004118787,stable
146980345833850,146980.345200000,0.001519700,-0.172225386,-0.040448770,0.967053832,-0.254534811,-0.001407930,0.004115170,stable
146980361470100,146980.361200000,0.001519647,-0.172225535,-0.040448144,0.967053368,-0.254536571,-0.001407185,0.004115393,stable
146980376886900,146980.376200000,0.001518679,-0.172225714,-0.040447459,0.967052883,-0.254538476,-0.001410498,0.004110537,stable
146980392992800,146980.392200000,0.001518187,-0.172225744,-0.040447325,0.967052785,-0.254538869,-0.001409296,0.004109602,stable
146980408175550,146980.407200000,0.001516440,-0.172226042,-0.040446088,0.967051889,-0.254542356,-0.001406937,0.004105262,stable
146980423621150,146980.423200000,0.001515755,-0.172226429,-0.040444475,0.967050705,-0.254546888,-0.001406688,0.004103197,stable
146980438714550,146980.438200000,0.001514936,-0.172226638,-0.040443610,0.967050076,-0.254549325,-0.001407656,0.004100062,stable
146980455086050,146980.454200000,0.001513196,-0.172227055,-0.040441927,0.967048849,-0.254554068,-0.001404815,0.004095996,stable
146980469623300,146980.469200000,0.001511356,-0.172227457,-0.040440306,0.967047682,-0.254558590,-0.001402799,0.004091177,stable
146980486124550,146980.485200000,0.001509815,-0.172228113,-0.040437561,0.967045669,-0.254566313,-0.001402025,0.004086648,stable
146980500812800,146980.500200000,0.001507677,-0.172228590,-0.040435575,0.967044231,-0.254571884,-0.001401306,0.004080187,stable
146980516411900,146980.516200000,0.001506529,-0.172229186,-0.040433120,0.967042425,-0.254578808,-0.001403231,0.004075485,stable
146980533115100,146980.532200000,0.001505900,-0.172229514,-0.040431760,0.967041440,-0.254582586,-0.001404379,0.004072860,stable
146980547868600,146980.547200000,0.001504179,-0.172229692,-0.040431064,0.967040954,-0.254584520,-0.001404347,0.004067369,stable
146980563459700,146980.563200000,0.001503274,-0.172229797,-0.040430635,0.967040633,-0.254585780,-0.001402884,0.004065251,stable
146980579511800,146980.579200000,0.001501779,-0.172230408,-0.040428061,0.967038756,-0.254592985,-0.001402783,0.004060513,stable
146980594989850,146980.594200000,0.001500834,-0.172231004,-0.040425543,0.967036908,-0.254600049,-0.001401474,0.004058179,stable
146980610485800,146980.610200000,0.001500503,-0.172231168,-0.040424887,0.967036416,-0.254601937,-0.001402350,0.004056655,stable
146980626508850,146980.626200000,0.001499459,-0.172231600,-0.040423058,0.967035090,-0.254607029,-0.001402161,0.004053411,stable
146980641556400,146980.641200000,0.001498996,-0.172232032,-0.040421274,0.967033782,-0.254612023,-0.001402766,0.004051603,stable
146980656916950,146980.656200000,0.001498405,-0.172232449,-0.040419485,0.967032461,-0.254617071,-0.001403152,0.004049504,stable
146980672480550,146980.672200000,0.001496703,-0.172233090,-0.040416826,0.967030514,-0.254624543,-0.001400290,0.004045570,stable
146980688509000,146980.688200000,0.001496284,-0.172233120,-0.040416751,0.967030471,-0.254624726,-0.001399785,0.004044499,stable
146980703969700,146980.703200000,0.001496204,-0.172233656,-0.040414438,0.967028753,-0.254631255,-0.001400334,0.004043945,stable
146980719609250,146980.719200000,0.001496084,-0.172234014,-0.040412910,0.967027627,-0.254635533,-0.001398431,0.004044567,stable
146980735607000,146980.735200000,0.001494806,-0.172234416,-0.040411241,0.967026410,-0.254640221,-0.001399136,0.004040102,stable
146980751043300,146980.750200000,0.001493431,-0.172235012,-0.040408783,0.967024605,-0.254647145,-0.001399301,0.004035609,stable
146980766653300,146980.766200000,0.001492804,-0.172235265,-0.040407695,0.967023818,-0.254650167,-0.001399533,0.004033477,stable
146980781729750,146980.781200000,0.001493162,-0.172235489,-0.040406715,0.967023090,-0.254652921,-0.001401700,0.004033471,stable
146980796678150,146980.796200000,0.001491347,-0.172235951,-0.040404819,0.967021707,-0.254658253,-0.001398114,0.004029564,stable
146980812436550,146980.812200000,0.001490711,-0.172236741,-0.040401515,0.967019275,-0.254667524,-0.001398874,0.004027117,stable
146980829103550,146980.828200000,0.001489752,-0.172237217,-0.040399529,0.967017812,-0.254673119,-0.001396504,0.004025302,stable
146980843747650,146980.843200000,0.001489582,-0.172237739,-0.040397312,0.967016172,-0.254679354,-0.001396381,0.004024820,stable
146980859417700,146980.859200000,0.001488984,-0.172237858,-0.040396802,0.967015804,-0.254680783,-0.001395922,0.004023147,stable
146980874463100,146980.874100000,0.001487360,-0.172238350,-0.040394761,0.967014318,-0.254686506,-0.001395318,0.004018268,stable
146980889813600,146980.889100000,0.001485444,-0.172238573,-0.040393900,0.967013699,-0.254688944,-0.001392550,0.004013607,stable
146980906103450,146980.905100000,0.001483979,-0.172238946,-0.040392324,0.967012555,-0.254693366,-0.001394244,0.004008015,stable
146980920909700,146980.920100000,0.001482695,-0.172239318,-0.040390793,0.967011444,-0.254697649,-0.001394395,0.004003824,stable
146980936965400,146980.936100000,0.001481238,-0.172239631,-0.040389497,0.967010506,-0.254701289,-0.001396594,0.003997992,stable
146980952540750,146980.952100000,0.001479759,-0.172239691,-0.040389311,0.967010384,-0.254701824,-0.001396123,0.003993510,stable
146980967933450,146980.967100000,0.001478998,-0.172239706,-0.040389303,0.967010385,-0.254701855,-0.001394656,0.003991853,stable
146980983502150,146980.983100000,0.001477369,-0.172239959,-0.040388279,0.967009646,-0.254704739,-0.001393141,0.003987445,stable
146980998979350,146980.998100000,0.001476533,-0.172240317,-0.040386770,0.967008550,-0.254708951,-0.001396509,0.003982978,stable
146981014644250,146981.014100000,0.001475451,-0.172241062,-0.040383603,0.967006215,-0.254717859,-0.001392722,0.003981520,stable
146981030637700,146981.030100000,0.001473493,-0.172241047,-0.040383745,0.967006342,-0.254717472,-0.001391429,0.003975942,stable
146981046011900,146981.045100000,0.001472040,-0.172241390,-0.040382329,0.967005316,-0.254721432,-0.001388883,0.003972641,stable
146981061725800,146981.061100000,0.001469237,-0.172241658,-0.040381301,0.967004581,-0.254724349,-0.001384734,0.003965871,stable
146981077038900,146981.076100000,0.001467619,-0.172241911,-0.040380266,0.967003839,-0.254727247,-0.001384255,0.003960948,stable
146981094004850,146981.093100000,0.001467986,-0.172242403,-0.040378202,0.967002307,-0.254733049,-0.001385676,0.003961362,stable
146981108485100,146981.108100000,0.001466811,-0.172242597,-0.040377371,0.967001698,-0.254735414,-0.001384350,0.003958307,stable
146981123768950,146981.123100000,0.001466328,-0.172243029,-0.040375564,0.967000379,-0.254740449,-0.001385219,0.003956297,stable
146981139772450,146981.139100000,0.001465384,-0.172243387,-0.040374067,0.966999287,-0.254744647,-0.001387341,0.003952147,stable
146981155469250,146981.155100000,0.001465218,-0.172243774,-0.040372409,0.966998073,-0.254749277,-0.001392114,0.003949081,stable
146981170969250,146981.170100000,0.001463908,-0.172244176,-0.040370740,0.966996850,-0.254753978,-0.001390697,0.003945636,stable
146981186538900,146981.186100000,0.001462186,-0.172244653,-0.040368766,0.966995403,-0.254759546,-0.001386913,0.003942131,stable
146981201874250,146981.201100000,0.001460046,-0.172245011,-0.040367361,0.966994393,-0.254763481,-0.001385409,0.003936079,stable
146981217537200,146981.217100000,0.001458936,-0.172245204,-0.040366564,0.966993819,-0.254765720,-0.001386943,0.003931715,stable
146981232581450,146981.232100000,0.001459599,-0.172245681,-0.040364515,0.966992299,-0.254771466,-0.001390219,0.003932092,stable
146981247930850,146981.247100000,0.001459204,-0.172245905,-0.040363539,0.966991590,-0.254774179,-0.001390916,0.003930455,stable
146981263542050,146981.263100000,0.001457358,-0.172246292,-0.040361956,0.966990434,-0.254778658,-0.001391565,0.003924204,stable
146981278884100,146981.278100000,0.001457328,-0.172246754,-0.040360034,0.966989005,-0.254784082,-0.001391611,0.003924080,stable
146981295139400,146981.294100000,0.001456409,-0.172247186,-0.040358186,0.966987668,-0.254789203,-0.001391883,0.003920990,stable
146981310672800,146981.310100000,0.001455568,-0.172247484,-0.040356953,0.966986770,-0.254792659,-0.001394175,0.003917082,stable
146981326681750,146981.326100000,0.001454306,-0.172247797,-0.040355675,0.966985835,-0.254796270,-0.001394581,0.003912828,stable
146981342784650,146981.342100000,0.001451892,-0.172247887,-0.040355369,0.966985630,-0.254797157,-0.001391171,0.003906911,stable
146981359064350,146981.358200000,0.001450612,-0.172248036,-0.040354796,0.966985228,-0.254798741,-0.001389401,0.003903755,stable
146981373666800,146981.373200000,0.001449911,-0.172248051,-0.040354714,0.966985166,-0.254799008,-0.001387487,0.003902525,stable
146981390112750,146981.389200000,0.001449307,-0.172248408,-0.040353261,0.966984104,-0.254803063,-0.001386073,0.003901342,stable
146981404743250,146981.404200000,0.001447823,-0.172248781,-0.040351719,0.966982976,-0.254807415,-0.001384916,0.003897204,stable
146981420439750,146981.420200000,0.001446840,-0.172249004,-0.040350758,0.966982282,-0.254810089,-0.001382021,0.003895592,stable
146981437156100,146981.436200000,0.001444827,-0.172249377,-0.040349275,0.966981196,-0.254814302,-0.001380468,0.003889976,stable
146981451712850,146981.451200000,0.001444045,-0.172249392,-0.040349204,0.966981150,-0.254814514,-0.001379119,0.003888189,stable
146981468118250,146981.467200000,0.001443440,-0.172249362,-0.040349375,0.966981286,-0.254814027,-0.001380390,0.003885579,stable
146981482675450,146981.482200000,0.001444267,-0.172249556,-0.040348548,0.966980673,-0.254816317,-0.001381187,0.003887799,stable
146981499122600,146981.498200000,0.001443224,-0.172249928,-0.040346947,0.966979500,-0.254820823,-0.001382195,0.003883927,stable
146981513769750,146981.513200000,0.001442304,-0.172249943,-0.040346958,0.966979519,-0.254820796,-0.001382752,0.003880688,stable
146981528826150,146981.528200000,0.001441389,-0.172250316,-0.040345371,0.966978362,-0.254825232,-0.001383324,0.003877453,stable
146981545109950,146981.544200000,0.001439916,-0.172250405,-0.040345069,0.966978141,-0.254826131,-0.001378907,0.003875081,stable
146981559795900,146981.559200000,0.001438722,-0.172250733,-0.040343702,0.966977149,-0.254829949,-0.001377130,0.003872203,stable
146981575750800,146981.575200000,0.001437186,-0.172251120,-0.040342100,0.966975974,-0.254834470,-0.001371668,0.003870181,stable
146981591501400,146981.591200000,0.001435500,-0.172251374,-0.040341064,0.966975222,-0.254837395,-0.001368337,0.003866554,stable
146981606785200,146981.606200000,0.001435194,-0.172251582,-0.040340196,0.966974580,-0.254839842,-0.001367789,0.003865863,stable
146981622030200,146981.621200000,0.001433641,-0.172252342,-0.040336996,0.966972228,-0.254848837,-0.001365778,0.003861955,stable
146981638471300,146981.638200000,0.001433118,-0.172252715,-0.040335409,0.966971056,-0.254853311,-0.001366251,0.003860029,stable
146981653973000,146981.653200000,0.001433328,-0.172253028,-0.040334061,0.966970068,-0.254857059,-0.001369378,0.003859038,stable
146981669529300,146981.669200000,0.001432082,-0.172253296,-0.040332980,0.966969292,-0.254860068,-0.001370666,0.003854366,stable
146981684951850,146981.684200000,0.001430413,-0.172253743,-0.040331129,0.966967944,-0.254865258,-0.001369200,0.003849803,stable
146981700104200,146981.699200000,0.001429564,-0.172254235,-0.040329088,0.966966439,-0.254871008,-0.001369108,0.003847131,stable
146981715666150,146981.715200000,0.001428932,-0.172254816,-0.040326595,0.966964608,-0.254877986,-0.001369504,0.003844895,stable
146981731658350,146981.731200000,0.001427218,-0.172255099,-0.040325444,0.966963765,-0.254881260,-0.001366779,0.003840855,stable
146981747005500,146981.746200000,0.001426600,-0.172255352,-0.040324401,0.966962994,-0.254884212,-0.001364891,0.003839878,stable
146981762575850,146981.762200000,0.001425802,-0.172256023,-0.040321559,0.966960905,-0.254892170,-0.001362955,0.003838345,stable
146981778188800,146981.777200000,0.001424965,-0.172256574,-0.040319260,0.966959220,-0.254898603,-0.001364246,0.003834978,stable
146981795159450,146981.794200000,0.001424370,-0.172256872,-0.040317997,0.966958284,-0.254902184,-0.001363830,0.003833294,stable
146981809737250,146981.809200000,0.001423132,-0.172257394,-0.040315777,0.966956664,-0.254908380,-0.001361567,0.003830529,stable
146981825615100,146981.825200000,0.001422341,-0.172257632,-0.040314797,0.966955945,-0.254911151,-0.001363365,0.003827042,stable
146981841643100,146981.841200000,0.001420883,-0.172257915,-0.040313628,0.966955088,-0.254914467,-0.001360600,0.003823843,stable
146981857166000,146981.856200000,0.001418358,-0.172258079,-0.040313046,0.966954696,-0.254916069,-0.001359396,0.003816400,stable
146981872780050,146981.872200000,0.001418323,-0.172258466,-0.040311385,0.966953461,-0.254920752,-0.001356928,0.003817593,stable
146981889162000,146981.888200000,0.001418335,-0.172258645,-0.040310651,0.966952918,-0.254922807,-0.001356113,0.003818066,stable
146981903818700,146981.903200000,0.001418672,-0.172259152,-0.040308449,0.966951282,-0.254928998,-0.001356473,0.003818947,stable
146981919532400,146981.919200000,0.001418732,-0.172259703,-0.040306065,0.966949512,-0.254935709,-0.001356906,0.003818906,stable
146981934459600,146981.934200000,0.001418125,-0.172260091,-0.040304463,0.966948345,-0.254940170,-0.001358810,0.003815950,stable
146981949890050,146981.949200000,0.001416983,-0.172260359,-0.040303342,0.966947520,-0.254943347,-0.001356896,0.003813309,stable
146981966145550,146981.965200000,0.001416276,-0.172260776,-0.040301573,0.966946228,-0.254948284,-0.001356745,0.003811126,stable
146981980931150,146981.980200000,0.001415174,-0.172261015,-0.040300593,0.966945519,-0.254951027,-0.001357264,0.003807323,stable
146981997018450,146981.996200000,0.001414621,-0.172261685,-0.040297754,0.966943420,-0.254959011,-0.001355912,0.003806265,stable
146982012577300,146982.012200000,0.001412643,-0.172262117,-0.040295992,0.966942138,-0.254963964,-0.001355106,0.003800361,stable
146982028565250,146982.028200000,0.001410837,-0.172262475,-0.040294532,0.966941085,-0.254968038,-0.001353593,0.003795383,stable
146982043983750,146982.043200000,0.001409617,-0.172263011,-0.040292285,0.966939426,-0.254974389,-0.001354019,0.003791250,stable
146982059535400,146982.059200000,0.001409281,-0.172263339,-0.040290870,0.966938376,-0.254978388,-0.001353637,0.003790376,stable
146982074605500,146982.074200000,0.001408012,-0.172263607,-0.040289760,0.966937574,-0.254981481,-0.001350492,0.003787981,stable
146982090025450,146982.089200000,0.001407204,-0.172263801,-0.040288974,0.966937003,-0.254983693,-0.001353744,0.003783670,stable
146982105590900,146982.105200000,0.001407571,-0.172264248,-0.040287025,0.966935562,-0.254989144,-0.001355345,0.003783992,stable
146982121109600,146982.120200000,0.001404858,-0.172264591,-0.040285707,0.966934620,-0.254992842,-0.001355083,0.003775451,stable
146982136966700,146982.136200000,0.001404142,-0.172265276,-0.040282793,0.966932468,-0.255001036,-0.001354561,0.003773433,stable
146982152618050,146982.152200000,0.001402657,-0.172265455,-0.040282074,0.966931962,-0.255003026,-0.001355212,0.003768334,stable
146982168030000,146982.167200000,0.001401485,-0.172265932,-0.040280052,0.966930482,-0.255008690,-0.001353146,0.003765675,stable
146982183693100,146982.183200000,0.001401444,-0.172266528,-0.040277541,0.966928621,-0.255015750,-0.001354225,0.003764968,stable
146982200144800,146982.199200000,0.001400214,-0.172266856,-0.040276144,0.966927593,-0.255019696,-0.001349912,0.003763319,stable
146982214631500,146982.214200000,0.001399527,-0.172266930,-0.040275883,0.966927404,-0.255020438,-0.001347763,0.003762258,stable
146982229715550,146982.229200000,0.001398440,-0.172267303,-0.040274277,0.966926231,-0.255024943,-0.001349592,0.003757811,stable
146982246094950,146982.245200000,0.001397628,-0.172267765,-0.040272389,0.966924835,-0.255030271,-0.001348847,0.003755605,stable
146982260686300,146982.260200000,0.001396207,-0.172268152,-0.040270757,0.966923661,-0.255034790,-0.001348329,0.003751330,stable
146982276674400,146982.276200000,0.001395717,-0.172268242,-0.040270373,0.966923371,-0.255035911,-0.001348538,0.003749650,stable
146982293176200,146982.292200000,0.001393674,-0.172268465,-0.040269516,0.966922752,-0.255038349,-0.001347039,0.003743909,stable
146982307845650,146982.307200000,0.001393645,-0.172269225,-0.040266261,0.966920356,-0.255047435,-0.001347019,0.003743820,stable
146982324127750,146982.323200000,0.001392535,-0.172269791,-0.040263850,0.966918575,-0.255054232,-0.001344257,0.003741729,stable
146982340124800,146982.339200000,0.001391209,-0.172270283,-0.040261783,0.966917061,-0.255060037,-0.001344806,0.003737192,stable
146982354738550,146982.354200000,0.001389631,-0.172270641,-0.040260337,0.966916009,-0.255064096,-0.001344458,0.003732328,stable
146982370480150,146982.370200000,0.001388305,-0.172271118,-0.040258367,0.966914564,-0.255069635,-0.001343930,0.003728359,stable
146982385750300,146982.385200000,0.001388211,-0.172271326,-0.040257417,0.966913865,-0.255072292,-0.001344986,0.003727499,stable
146982401133150,146982.400200000,0.001387298,-0.172271505,-0.040256735,0.966913374,-0.255074196,-0.001344542,0.003724813,stable
146982416783550,146982.416100000,0.001386606,-0.172271818,-0.040255405,0.966912401,-0.255077916,-0.001343788,0.003722997,stable
146982432747000,146982.432100000,0.001385776,-0.172272131,-0.040254090,0.966911434,-0.255081623,-0.001345471,0.003719446,stable
146982447912400,146982.447100000,0.001385271,-0.172272578,-0.040252168,0.966910017,-0.255087020,-0.001346275,0.003717401,stable
146982463515200,146982.463100000,0.001384536,-0.172273263,-0.040249258,0.966907874,-0.255095172,-0.001344978,0.003715731,stable
146982478992400,146982.478100000,0.001384579,-0.172273472,-0.040248413,0.966907245,-0.255097563,-0.001348506,0.003713998,stable
146982494730950,146982.494100000,0.001384144,-0.172273636,-0.040247668,0.966906701,-0.255099647,-0.001348667,0.003712520,stable
146982510146900,146982.509100000,0.001383311,-0.172273979,-0.040246259,0.966905676,-0.255103578,-0.001351825,0.003708181,stable
146982527111250,146982.526100000,0.001381275,-0.172274023,-0.040246140,0.966905613,-0.255103905,-0.001348980,0.003703173,stable
146982542145600,146982.541100000,0.001380717,-0.172274217,-0.040245358,0.966905028,-0.255106143,-0.001346833,0.003702525,stable
146982556829250,146982.556100000,0.001379768,-0.172274604,-0.040243689,0.966903822,-0.255110759,-0.001347995,0.003698872,stable
146982573131850,146982.572100000,0.001378552,-0.172274873,-0.040242586,0.966903011,-0.255113895,-0.001350052,0.003693890,stable
146982588433200,146982.588100000,0.001378387,-0.172275186,-0.040241282,0.966902054,-0.255117530,-0.001349830,0.003693476,stable
146982603779900,146982.603100000,0.001377159,-0.172275782,-0.040238753,0.966900190,-0.255124648,-0.001347526,0.003690765,stable
146982619488950,146982.619100000,0.001376622,-0.172276258,-0.040236730,0.966898702,-0.255130311,-0.001348064,0.003688758,stable
146982635478300,146982.635100000,0.001374757,-0.172276497,-0.040235769,0.966897999,-0.255133056,-0.001345560,0.003684119,stable
146982650880250,146982.650100000,0.001374032,-0.172276571,-0.040235456,0.966897769,-0.255133952,-0.001342668,0.003683334,stable
146982667051900,146982.666100000,0.001374392,-0.172276825,-0.040234398,0.966896988,-0.255136901,-0.001345003,0.003683245,stable
146982681866200,146982.681100000,0.001373603,-0.172276780,-0.040234625,0.966897161,-0.255136274,-0.001340801,0.003682947,stable
146982697156000,146982.696100000,0.001373778,-0.172277004,-0.040233649,0.966896436,-0.255139013,-0.001340950,0.003683429,stable
146982712654000,146982.712100000,0.001373010,-0.172277376,-0.040232066,0.966895271,-0.255143461,-0.001340245,0.003681340,stable
146982728749100,146982.728200000,0.001370945,-0.172277644,-0.040231019,0.966894519,-0.255146401,-0.001337639,0.003676117,stable
146982744096250,146982.743200000,0.001369510,-0.172278076,-0.040229186,0.966893173,-0.255151564,-0.001335262,0.003672782,stable
146982759748850,146982.759200000,0.001368059,-0.172278255,-0.040228494,0.966892680,-0.255153497,-0.001335435,0.003668049,stable
146982775747700,146982.775200000,0.001367016,-0.172278583,-0.040227093,0.966891643,-0.255157470,-0.001332566,0.003666232,stable
146982792119250,146982.791200000,0.001366351,-0.172278851,-0.040226005,0.966890849,-0.255160504,-0.001330463,0.003665217,stable
146982806784350,146982.806200000,0.001365740,-0.172279015,-0.040225320,0.966890353,-0.255162407,-0.001329215,0.003663921,stable
146982821891500,146982.821200000,0.001364321,-0.172279224,-0.040224481,0.966889729,-0.255164829,-0.001326398,0.003660875,stable
146982836745650,146982.836200000,0.001363702,-0.172279447,-0.040223543,0.966889045,-0.255167444,-0.001323036,0.003660675,stable
146982853192250,146982.852200000,0.001362313,-0.172279552,-0.040223096,0.966888727,-0.255168707,-0.001321162,0.003657224,stable
146982867741550,146982.867200000,0.001362366,-0.172280118,-0.040220723,0.966886969,-0.255175374,-0.001324106,0.003655830,stable
146982884157400,146982.883200000,0.001360145,-0.172280535,-0.040218994,0.966885712,-0.255180231,-0.001320985,0.003650378,stable
146982898762850,146982.898200000,0.001358851,-0.172280833,-0.040217720,0.966884782,-0.255183813,-0.001320678,0.003646399,stable
146982915168650,146982.914200000,0.001357585,-0.172281325,-0.040215656,0.966883271,-0.255189590,-0.001318643,0.003643423,stable
146982930403200,146982.930200000,0.001356244,-0.172281891,-0.040213320,0.966881557,-0.255196150,-0.001320028,0.003638395,stable
146982945880650,146982.945200000,0.001356286,-0.172281832,-0.040213533,0.966881715,-0.255195548,-0.001319683,0.003638713,stable
146982962111200,146982.961200000,0.001355556,-0.172282368,-0.040211290,0.966880055,-0.255201869,-0.001319956,0.003636231,stable
146982977972900,146982.977200000,0.001354743,-0.172282562,-0.040210452,0.966879451,-0.255204191,-0.001317994,0.003634669,stable
146982993845800,146982.993200000,0.001354049,-0.172283188,-0.040207796,0.966877487,-0.255211672,-0.001320924,0.003630891,stable
146983009537800,146983.009200000,0.001352649,-0.172283426,-0.040206835,0.966876793,-0.255214360,-0.001318995,0.003627432,stable
146983024509300,146983.024200000,0.001351337,-0.172283754,-0.040205516,0.966875826,-0.255218082,-0.001318777,0.003623350,stable
146983040547050,146983.040200000,0.001349634,-0.172284141,-0.040203903,0.966874658,-0.255222587,-0.001320753,0.003616852,stable
146983055919550,146983.055200000,0.001348567,-0.172284603,-0.040201928,0.966873208,-0.255228127,-0.001318967,0.003614383,stable
146983071546300,146983.071200000,0.001346847,-0.172284663,-0.040201757,0.966873093,-0.255228634,-0.001317491,0.003609664,stable
146983087045650,146983.086200000,0.001346901,-0.172284946,-0.040200517,0.966872181,-0.255232087,-0.001316418,0.003610403,stable
146983102732800,146983.102200000,0.001345522,-0.172285169,-0.040199626,0.966871536,-0.255234593,-0.001317735,0.003605293,stable
146983118500500,146983.118200000,0.001343591,-0.172285587,-0.040197916,0.966870292,-0.255239393,-0.001316601,0.003599714,stable
146983135190050,146983.134200000,0.001342438,-0.172285914,-0.040196512,0.966869267,-0.255243324,-0.001315859,0.003596417,stable
146983149780950,146983.149200000,0.001342103,-0.172286317,-0.040194828,0.966868022,-0.255248064,-0.001319156,0.003593595,stable
146983165512400,146983.165200000,0.001341150,-0.172286868,-0.040192463,0.966866279,-0.255254706,-0.001317649,0.003591341,stable
146983181543000,146983.181200000,0.001341462,-0.172287241,-0.040190902,0.966865127,-0.255259052,-0.001317391,0.003592472,stable
146983196923250,146983.196200000,0.001340346,-0.172287479,-0.040189926,0.966864410,-0.255261823,-0.001318003,0.003588578,stable
146983212639700,146983.212200000,0.001339793,-0.172287643,-0.040189236,0.966863903,-0.255263768,-0.001319002,0.003586281,stable
146983227588100,146983.227200000,0.001339607,-0.172287673,-0.040189091,0.966863803,-0.255264159,-0.001319751,0.003585286,stable
146983244084450,146983.243200000,0.001339545,-0.172288030,-0.040187534,0.966862657,-0.255268508,-0.001322538,0.003583609,stable
146983259599150,146983.259200000,0.001339806,-0.172288686,-0.040184740,0.966860577,-0.255276378,-0.001324134,0.003583595,stable
146983275590900,146983.275200000,0.001339297,-0.172289118,-0.040182918,0.966859246,-0.255281439,-0.001322512,0.003582820,stable
146983291120600,146983.290200000,0.001339779,-0.172289297,-0.040182125,0.966858658,-0.255283647,-0.001323608,0.003583783,stable
146983306677250,146983.306200000,0.001338874,-0.172289982,-0.040179186,0.966856491,-0.255291896,-0.001324084,0.003580630,stable
146983322083650,146983.321200000,0.001336665,-0.172290266,-0.040178046,0.966855672,-0.255295089,-0.001321141,0.003575120,stable
146983338194000,146983.337200000,0.001335749,-0.172290400,-0.040177528,0.966855290,-0.255296573,-0.001320074,0.003572757,stable
146983353130500,146983.352200000,0.001335071,-0.172290727,-0.040176172,0.966854290,-0.255300391,-0.001319064,0.003571121,stable
146983367805550,146983.367200000,0.001334552,-0.172290847,-0.040175669,0.966853915,-0.255301831,-0.001318104,0.003569969,stable
146983383166850,146983.382200000,0.001333857,-0.172291100,-0.040174589,0.966853129,-0.255304840,-0.001317799,0.003567907,stable
146983398767250,146983.398200000,0.001334151,-0.172291592,-0.040172450,0.966851555,-0.255310794,-0.001320582,0.003567369,stable
146983414279400,146983.413200000,0.001333280,-0.172291949,-0.040170975,0.966850461,-0.255314975,-0.001320028,0.003564874,stable
146983430191100,146983.429200000,0.001332533,-0.172292084,-0.040170431,0.966850069,-0.255316487,-0.001318802,0.003563132,stable
146983444683450,146983.444200000,0.001332386,-0.172292188,-0.040169999,0.966849747,-0.255317719,-0.001321060,0.003561466,stable
146983460177000,146983.459200000,0.001330084,-0.172292307,-0.040169530,0.966849420,-0.255319052,-0.001317420,0.003556030,stable
146983477178500,146983.476200000,0.001328695,-0.172292233,-0.040169910,0.966849726,-0.255317951,-0.001316021,0.003552330,stable
146983490944100,146983.490200000,0.001327789,-0.172292724,-0.040167816,0.966848177,-0.255323852,-0.001313914,0.003550545,stable
146983507172900,146983.506200000,0.001327458,-0.172293082,-0.040166263,0.966847033,-0.255328200,-0.001313426,0.003549742,stable
146983521720750,146983.521200000,0.001326397,-0.172293454,-0.040164724,0.966845903,-0.255332522,-0.001312269,0.003546959,stable
146983536644900,146983.536200000,0.001325178,-0.172293976,-0.040162534,0.966844287,-0.255338690,-0.001310149,0.003544181,stable
146983551772900,146983.551200000,0.001324271,-0.172294408,-0.040160716,0.966842941,-0.255343822,-0.001307656,0.003542598,stable
146983568192350,146983.567200000,0.001323635,-0.172294766,-0.040159177,0.966841817,-0.255348100,-0.001305114,0.003541908,stable
146983582812750,146983.582200000,0.001322579,-0.172295108,-0.040157765,0.966840781,-0.255352074,-0.001306839,0.003537615,stable
146983599163900,146983.598200000,0.001320758,-0.172295496,-0.040156133,0.966839588,-0.255356663,-0.001302632,0.003534017,stable
146983613856950,146983.613200000,0.001319894,-0.172295794,-0.040154926,0.966838693,-0.255360090,-0.001302222,0.003531467,stable
146983629759400,146983.629200000,0.001318342,-0.172296166,-0.040153362,0.966837554,-0.255364469,-0.001301637,0.003526813,stable
146983646159750,146983.645200000,0.001317774,-0.172296628,-0.040151417,0.966836121,-0.255369922,-0.001302578,0.003524492,stable
146983660905500,146983.660200000,0.001317974,-0.172297046,-0.040149622,0.966834790,-0.255374954,-0.001303493,0.003524644,stable
146983676811400,146983.676200000,0.001317306,-0.172297239,-0.040148795,0.966834192,-0.255377248,-0.001304342,0.003522057,stable
146983692480700,146983.692200000,0.001315683,-0.172297686,-0.040146943,0.966832840,-0.255382439,-0.001304834,0.003516603,stable
146983707979350,146983.707200000,0.001313464,-0.172297642,-0.040147204,0.966833046,-0.255381745,-0.001299666,0.003512245,stable
146983723522100,146983.723200000,0.001313057,-0.172297701,-0.040146936,0.966832865,-0.255382459,-0.001303920,0.003508687,stable
146983739506100,146983.739200000,0.001312494,-0.172298029,-0.040145583,0.966831863,-0.255386277,-0.001304179,0.003506748,stable
146983755033850,146983.754200000,0.001312086,-0.172298267,-0.040144544,0.966831096,-0.255389200,-0.001305151,0.003504927,stable
146983770532500,146983.770200000,0.001311166,-0.172298431,-0.040143896,0.966830633,-0.255390992,-0.001303922,0.003502633,stable
146983785965300,146983.785200000,0.001309983,-0.172298998,-0.040141489,0.966828851,-0.255397788,-0.001302713,0.003499486,stable
146983800970700,146983.800200000,0.001308933,-0.172299400,-0.040139768,0.966827586,-0.255402613,-0.001298966,0.003498111,stable
146983816587500,146983.816200000,0.001308416,-0.172299743,-0.040138327,0.966826522,-0.255406668,-0.001300868,0.003495450,stable
146983832663400,146983.832200000,0.001306511,-0.172300249,-0.040136240,0.966825001,-0.255412501,-0.001297251,0.003491267,stable
146983848130700,146983.847200000,0.001304815,-0.172300622,-0.040134713,0.966823883,-0.255416797,-0.001292462,0.003488377,stable
146983863657250,146983.863200000,0.001304441,-0.172300965,-0.040133249,0.966822791,-0.255420950,-0.001293326,0.003486723,stable
146983878709950,146983.878200000,0.001304599,-0.172301352,-0.040131588,0.966821563,-0.255425590,-0.001293137,0.003487326,stable
146983894195500,146983.893200000,0.001303375,-0.172301531,-0.040130809,0.966821012,-0.255427732,-0.001295149,0.003482344,stable
146983910085400,146983.909200000,0.001303101,-0.172301725,-0.040129982,0.966820389,-0.255430095,-0.001292215,0.003483020,stable
146983926189800,146983.925200000,0.001302024,-0.172301725,-0.040130053,0.966820462,-0.255429874,-0.001294767,0.003478223,stable
146983941241700,146983.940200000,0.001300431,-0.172301903,-0.040129311,0.966819924,-0.255431975,-0.001293370,0.003473869,stable
146983957172750,146983.956100000,0.001299613,-0.172302485,-0.040126845,0.966818110,-0.255438882,-0.001295396,0.003470174,stable
146983971735750,146983.971100000,0.001298453,-0.172303021,-0.040124618,0.966816468,-0.255445148,-0.001295886,0.003466200,stable
146983987509900,146983.987100000,0.001296177,-0.172303513,-0.040122550,0.966814959,-0.255450954,-0.001294423,0.003459694,stable
146984004191450,146984.003100000,0.001296001,-0.172304049,-0.040120233,0.966813249,-0.255457440,-0.001296797,0.003457868,stable
146984018861750,146984.018100000,0.001295386,-0.172304034,-0.040120348,0.966813341,-0.255457121,-0.001298304,0.003455104,stable
146984034931800,146984.034100000,0.001295234,-0.172304168,-0.040119767,0.966812919,-0.255458729,-0.001301454,0.003452949,stable
146984050027700,146984.049100000,0.001295010,-0.172304109,-0.040120013,0.966813111,-0.255458018,-0.001303995,0.003450888,stable
146984065578400,146984.065200000,0.001292011,-0.172304511,-0.040118374,0.966811922,-0.255462638,-0.001299100,0.003443888,stable
146984080907000,146984.080200000,0.001290989,-0.172304705,-0.040117618,0.966811367,-0.255464779,-0.001297527,0.003441452,stable
146984096085950,146984.095200000,0.001289966,-0.172304824,-0.040117111,0.966810987,-0.255466249,-0.001290785,0.003441750,stable
146984111610900,146984.111200000,0.001290335,-0.172304899,-0.040116791,0.966810747,-0.255467142,-0.001291801,0.003442391,stable
146984127613600,146984.127200000,0.001289702,-0.172304794,-0.040117230,0.966811094,-0.255465858,-0.001293569,0.003439429,stable
146984142585300,146984.142200000,0.001288525,-0.172304690,-0.040117715,0.966811452,-0.255464547,-0.001289990,0.003437564,stable
146984158099450,146984.157200000,0.001288018,-0.172305018,-0.040116370,0.966810459,-0.255468321,-0.001286196,0.003437948,stable
146984173708600,146984.173200000,0.001287450,-0.172305688,-0.040113460,0.966808305,-0.255476501,-0.001288735,0.003434782,stable
146984189033700,146984.188200000,0.001286126,-0.172306120,-0.040111706,0.966807023,-0.255481410,-0.001288780,0.003430523,stable
146984204600900,146984.204200000,0.001284481,-0.172306463,-0.040110249,0.966805962,-0.255485496,-0.001288194,0.003425568,stable
146984220051650,146984.219200000,0.001282313,-0.172306553,-0.040109929,0.966805752,-0.255486382,-0.001287461,0.003419023,stable
146984236051550,146984.235200000,0.001281986,-0.172306940,-0.040108263,0.966804519,-0.255491066,-0.001289401,0.003416949,stable
146984251622050,146984.251200000,0.001281901,-0.172307298,-0.040106732,0.966803393,-0.255495329,-0.001289477,0.003416634,stable
146984267089300,146984.266200000,0.001280298,-0.172307417,-0.040106274,0.966803062,-0.255496648,-0.001288351,0.003412103,stable
146984282609200,146984.282200000,0.001280657,-0.172307849,-0.040104404,0.966801674,-0.255501889,-0.001290889,0.003411903,stable
146984298082600,146984.297200000,0.001280730,-0.172308192,-0.040102940,0.966800589,-0.255505998,-0.001294388,0.003410281,stable
146984313737000,146984.313200000,0.001279043,-0.172308385,-0.040102173,0.966800039,-0.255508140,-0.001287940,0.003408299,stable
146984328729350,146984.328200000,0.001279033,-0.172308847,-0.040100206,0.966798573,-0.255513690,-0.001288469,0.003407985,stable
146984344091700,146984.343200000,0.001278635,-0.172309145,-0.040098913,0.966797623,-0.255517297,-0.001286498,0.003407756,stable
146984359685450,146984.359200000,0.001278255,-0.172309682,-0.040096633,0.966795935,-0.255523699,-0.001287295,0.003406114,stable
146984374648400,146984.374200000,0.001276995,-0.172309846,-0.040095948,0.966795438,-0.255525631,-0.001285094,0.003403249,stable
146984390822500,146984.390200000,0.001275130,-0.172309980,-0.040095441,0.966795079,-0.255527061,-0.001282175,0.003398831,stable
146984407199150,146984.406200000,0.001273871,-0.172310337,-0.040093962,0.966793995,-0.255531216,-0.001281274,0.003395278,stable
146984421831500,146984.421200000,0.001272780,-0.172310755,-0.040092219,0.966792716,-0.255536097,-0.001279039,0.003392970,stable
146984437704650,146984.437200000,0.001271807,-0.172310933,-0.040091444,0.966792140,-0.255538308,-0.001275787,0.003391580,stable
146984454217100,146984.453200000,0.001271902,-0.172311649,-0.040088382,0.966789872,-0.255546890,-0.001276826,0.003391327,stable
146984468839000,146984.468200000,0.001270037,-0.172311798,-0.040087797,0.966789452,-0.255548558,-0.001276942,0.003385301,stable
146984484824000,146984.484200000,0.001270153,-0.172312096,-0.040086541,0.966788527,-0.255552053,-0.001277904,0.003385163,stable
146984500984550,146984.500200000,0.001269719,-0.172312334,-0.040085513,0.966787767,-0.255554946,-0.001278520,0.003383447,stable
146984516541450,146984.516200000,0.001269827,-0.172312409,-0.040085159,0.966787508,-0.255555925,-0.001280488,0.003382749,stable
146984532542700,146984.532200000,0.001268791,-0.172312737,-0.040083814,0.966786521,-0.255559701,-0.001278479,0.003380497,stable
146984547959350,146984.547200000,0.001266866,-0.172312751,-0.040083818,0.966786541,-0.255559707,-0.001279126,0.003374000,stable
146984563511400,146984.563200000,0.001266715,-0.172312677,-0.040084124,0.966786772,-0.255558840,-0.001278534,0.003373831,stable
146984578521350,146984.578200000,0.001265538,-0.172313064,-0.040082488,0.966785571,-0.255563428,-0.001275968,0.003371423,stable
146984594035550,146984.593200000,0.001263551,-0.172313035,-0.040082663,0.966785716,-0.255562958,-0.001272866,0.003366709,stable
146984608811800,146984.608200000,0.001263273,-0.172313169,-0.040082101,0.966785305,-0.255564523,-0.001273977,0.003365234,stable
146984623868550,146984.623200000,0.001264173,-0.172313303,-0.040081512,0.966784853,-0.255566199,-0.001275364,0.003367377,stable
146984638846950,146984.638200000,0.001263162,-0.172313303,-0.040081520,0.966784884,-0.255566131,-0.001278124,0.003362681,stable
146984654524300,146984.654200000,0.001262468,-0.172314063,-0.040078316,0.966782511,-0.255575135,-0.001276551,0.003361291,stable
146984669738250,146984.669200000,0.001260675,-0.172314599,-0.040076021,0.966780829,-0.255581569,-0.001275137,0.003356301,stable
146984685576800,146984.685200000,0.001259475,-0.172314793,-0.040075228,0.966780248,-0.255583808,-0.001270974,0.003354666,stable
146984700981550,146984.700200000,0.001259835,-0.172314957,-0.040074550,0.966779738,-0.255585722,-0.001271410,0.003355586,stable
146984716546650,146984.716200000,0.001260660,-0.172315553,-0.040071972,0.966777818,-0.255592961,-0.001276432,0.003355561,stable
146984732560200,146984.732200000,0.001259458,-0.172316119,-0.040069561,0.966776041,-0.255599729,-0.001275004,0.003352472,stable
146984748024850,146984.747200000,0.001258881,-0.172316670,-0.040067203,0.966774299,-0.255606341,-0.001274856,0.003350701,stable
146984763593900,146984.763200000,0.001257153,-0.172316715,-0.040067080,0.966774231,-0.255606667,-0.001272556,0.003346390,stable
146984779545300,146984.779200000,0.001256152,-0.172316819,-0.040066648,0.966773919,-0.255607885,-0.001270982,0.003344023,stable
146984794981900,146984.794200000,0.001255904,-0.172317296,-0.040064592,0.966772394,-0.255613673,-0.001274444,0.003341395,stable
146984810579200,146984.810200000,0.001253951,-0.172317460,-0.040063985,0.966771973,-0.255615341,-0.001271788,0.003336555,stable
146984826650700,146984.826200000,0.001251710,-0.172317699,-0.040062990,0.966771249,-0.255618170,-0.001270779,0.003329919,stable
146984841656600,146984.841200000,0.001250791,-0.172317967,-0.040061850,0.966770423,-0.255621331,-0.001269241,0.003327794,stable
146984857087450,146984.856200000,0.001248129,-0.172318205,-0.040060949,0.966769763,-0.255623923,-0.001262363,0.003322922,stable
146984872680200,146984.872200000,0.001248111,-0.172318280,-0.040060587,0.966769494,-0.255624944,-0.001263864,0.003322069,stable
146984888159050,146984.887200000,0.001248220,-0.172318503,-0.040059648,0.966768802,-0.255627557,-0.001264456,0.003322102,stable
146984903781200,146984.903200000,0.001246603,-0.172318757,-0.040058587,0.966768023,-0.255630566,-0.001261678,0.003318401,stable
146984919221800,146984.918200000,0.001245697,-0.172318920,-0.040057916,0.966767537,-0.255632441,-0.001261860,0.003315407,stable
146984935059050,146984.934200000,0.001245294,-0.172319070,-0.040057324,0.966767106,-0.255634092,-0.001263051,0.003313487,stable
146984950513800,146984.950200000,0.001244367,-0.172319368,-0.040056076,0.966766187,-0.255637602,-0.001261883,0.003311140,stable
146984965958300,146984.965200000,0.001243568,-0.172319666,-0.040054820,0.966765264,-0.255641127,-0.001262413,0.003308303,stable
146984982169250,146984.981200000,0.001243649,-0.172319531,-0.040055387,0.966765685,-0.255639533,-0.001262357,0.003308590,stable
146984997167150,146984.996200000,0.001243409,-0.172320053,-0.040053118,0.966764010,-0.255645879,-0.001264974,0.003306435,stable
146985011969700,146985.011200000,0.001243766,-0.172320083,-0.040052973,0.966763895,-0.255646298,-0.001263228,0.003308500,stable
146985027770150,146985.027200000,0.001241271,-0.172320187,-0.040052596,0.966763634,-0.255647380,-0.001258981,0.003302770,stable
146985042888100,146985.042200000,0.001240850,-0.172320232,-0.040052433,0.966763519,-0.255647828,-0.001257994,0.003301944,stable
146985058584300,146985.058200000,0.001239541,-0.172320604,-0.040050879,0.966762376,-0.255652207,-0.001258721,0.003297373,stable
146985073896000,146985.073200000,0.001239189,-0.172320619,-0.040050834,0.966762345,-0.255652333,-0.001256466,0.003297442,stable
146985089586750,146985.089200000,0.001238979,-0.172321111,-0.040048707,0.966760765,-0.255658316,-0.001255681,0.003297181,stable
146985104873500,146985.104200000,0.001239124,-0.172321558,-0.040046789,0.966759344,-0.255663683,-0.001255551,0.003297713,stable
146985120584600,146985.120200000,0.001238024,-0.172321454,-0.040047292,0.966759728,-0.255662273,-0.001252371,0.003295878,stable
146985136019850,146985.135200000,0.001237082,-0.172321349,-0.040047746,0.966760064,-0.255661031,-0.001248432,0.003294953,stable
146985151564750,146985.151200000,0.001236370,-0.172321469,-0.040047262,0.966759707,-0.255662402,-0.001244489,0.003294763,stable
146985167083550,146985.166200000,0.001235046,-0.172322050,-0.040044785,0.966757888,-0.255669338,-0.001246174,0.003289631,stable
146985182692650,146985.182200000,0.001234067,-0.172322422,-0.040043198,0.966756722,-0.255673785,-0.001243378,0.003287979,stable
146985198076650,146985.197200000,0.001233781,-0.172322556,-0.040042672,0.966756332,-0.255675267,-0.001242542,0.003287506,stable
146985213646700,146985.213200000,0.001234053,-0.172322690,-0.040042050,0.966755865,-0.255677028,-0.001245693,0.003286708,stable
146985228669550,146985.228200000,0.001233197,-0.172323033,-0.040040597,0.966754802,-0.255681084,-0.001245204,0.003284228,stable
146985244140050,146985.243200000,0.001232780,-0.172323167,-0.040040057,0.966754407,-0.255682594,-0.001245263,0.003282861,stable
146985259667000,146985.259200000,0.001231804,-0.172323763,-0.040037535,0.966752546,-0.255689669,-0.001244212,0.003280294,stable
146985275739900,146985.275200000,0.001231036,-0.172323793,-0.040037401,0.966752453,-0.255690048,-0.001243145,0.003278401,stable
146985291167200,146985.290200000,0.001230842,-0.172323793,-0.040037446,0.966752484,-0.255689937,-0.001241858,0.003278464,stable
146985306731850,146985.306200000,0.001228708,-0.172323987,-0.040036686,0.966751939,-0.255692080,-0.001239241,0.003273024,stable
146985322136100,146985.321200000,0.001227941,-0.172323942,-0.040036853,0.966752076,-0.255691594,-0.001239352,0.003270513,stable
146985337200400,146985.336200000,0.001228133,-0.172324583,-0.040034082,0.966750013,-0.255699393,-0.001242119,0.003269657,stable
146985352676450,146985.352200000,0.001228280,-0.172324479,-0.040034570,0.966750386,-0.255697980,-0.001245407,0.003268389,stable
146985369211050,146985.368200000,0.001228100,-0.172324732,-0.040033463,0.966749560,-0.255701112,-0.001244838,0.003268113,stable
146985383868100,146985.383200000,0.001226282,-0.172325000,-0.040032353,0.966748760,-0.255704205,-0.001242592,0.003263486,stable
146985399861200,146985.399200000,0.001226519,-0.172325388,-0.040030718,0.966747532,-0.255708830,-0.001238825,0.003266237,stable
146985416236400,146985.415200000,0.001224973,-0.172325507,-0.040030241,0.966747192,-0.255710176,-0.001236904,0.003262307,stable
146985432181050,146985.431200000,0.001225176,-0.172325492,-0.040030304,0.966747238,-0.255709994,-0.001237465,0.003262660,stable
146985446987850,146985.446300000,0.001224149,-0.172325701,-0.040029418,0.966746585,-0.255712498,-0.001233929,0.003261247,stable
146985462584300,146985.462300000,0.001224067,-0.172325835,-0.040028818,0.966746147,-0.255714161,-0.001236519,0.003259613,stable
146985478550800,146985.478300000,0.001222866,-0.172325924,-0.040028494,0.966745922,-0.255715059,-0.001235311,0.003256411,stable
146985493828000,146985.493300000,0.001221488,-0.172326222,-0.040027268,0.966745022,-0.255718514,-0.001232652,0.003253411,stable
146985510191500,146985.509300000,0.001220772,-0.172326446,-0.040026329,0.966744325,-0.255721172,-0.001230047,0.003252499,stable
146985524215250,146985.523300000,0.001220192,-0.172326401,-0.040026519,0.966744475,-0.255720628,-0.001229792,0.003250781,stable
146985541230600,146985.540300000,0.001219350,-0.172326565,-0.040025819,0.966743963,-0.255722601,-0.001231575,0.003247144,stable
146985555743750,146985.555300000,0.001219035,-0.172326371,-0.040026717,0.966744629,-0.255720100,-0.001232220,0.003245793,stable
146985572231600,146985.571300000,0.001217950,-0.172326341,-0.040026836,0.966744726,-0.255719766,-0.001226564,0.003245318,stable
146985586857650,146985.586300000,0.001218039,-0.172326624,-0.040025599,0.966743808,-0.255723233,-0.001227103,0.003245316,stable
146985602959250,146985.602300000,0.001219499,-0.172326759,-0.040024981,0.966743340,-0.255724948,-0.001229537,0.003248697,stable
146985618550000,146985.618300000,0.001218657,-0.172327116,-0.040023468,0.966742220,-0.255729213,-0.001228338,0.003246635,stable
146985634532700,146985.634300000,0.001217679,-0.172327697,-0.040021036,0.966740432,-0.255736008,-0.001225800,0.003244848,stable
146985649935650,146985.649300000,0.001217786,-0.172327623,-0.040021356,0.966740660,-0.255735141,-0.001224976,0.003245626,stable
146985665582550,146985.665300000,0.001216796,-0.172327891,-0.040020246,0.966739840,-0.255738274,-0.001222194,0.003243932,stable
146985682007000,146985.681300000,0.001216085,-0.172327980,-0.040019847,0.966739555,-0.255739380,-0.001222489,0.003241502,stable
146985697603100,146985.697300000,0.001214570,-0.172328383,-0.040018193,0.966738341,-0.255744024,-0.001219379,0.003238303,stable
146985713062550,146985.712300000,0.001214357,-0.172328651,-0.040017001,0.966737451,-0.255747393,-0.001217323,0.003238708,stable
146985728036650,146985.727300000,0.001213790,-0.172328874,-0.040016104,0.966736795,-0.255749896,-0.001216812,0.003237164,stable
146985743072800,146985.742300000,0.001213978,-0.172328979,-0.040015597,0.966736414,-0.255751320,-0.001213029,0.003239765,stable
146985758569600,146985.758300000,0.001213916,-0.172329336,-0.040014055,0.966735262,-0.255755682,-0.001213785,0.003239166,stable
146985774084850,146985.773300000,0.001213160,-0.172329605,-0.040012941,0.966734452,-0.255758772,-0.001213378,0.003236962,stable
146985789237950,146985.788300000,0.001212156,-0.172329649,-0.040012814,0.966734359,-0.255759166,-0.001214256,0.003233286,stable
146985804818200,146985.804300000,0.001211765,-0.172330156,-0.040010590,0.966732725,-0.255765359,-0.001215230,0.003231516,stable
146985820226850,146985.819300000,0.001210747,-0.172330484,-0.040009219,0.966731718,-0.255769205,-0.001214034,0.003228893,stable
146985837226750,146985.836300000,0.001210485,-0.172330841,-0.040007707,0.966730592,-0.255773468,-0.001213454,0.003228360,stable
146985851856300,146985.851300000,0.001208932,-0.172331184,-0.040006302,0.966729568,-0.255777399,-0.001212511,0.003223891,stable
146985867494500,146985.867300000,0.001208268,-0.172331214,-0.040006146,0.966729448,-0.255777876,-0.001209759,0.003223223,stable
146985882539900,146985.882300000,0.001207709,-0.172331110,-0.040006638,0.966729824,-0.255776480,-0.001210991,0.003220787,stable
146985898204950,146985.897300000,0.001208141,-0.172331199,-0.040006243,0.966729536,-0.255777556,-0.001213694,0.003220736,stable
146985913726750,146985.913300000,0.001206534,-0.172331735,-0.040003978,0.966727865,-0.255783933,-0.001213032,0.003215945,stable
146985928743100,146985.928300000,0.001206697,-0.172332153,-0.040002201,0.966726547,-0.255788908,-0.001213000,0.003216481,stable
146985944096000,146985.943300000,0.001205907,-0.172332287,-0.040001638,0.966726130,-0.255790517,-0.001213770,0.003213547,stable
146985959778600,146985.959300000,0.001205186,-0.172332838,-0.039999261,0.966724389,-0.255797130,-0.001214347,0.003210930,stable
146985974704800,146985.974300000,0.001204215,-0.172333091,-0.039998200,0.966723611,-0.255800109,-0.001214471,0.003207759,stable
146985991212100,146985.990300000,0.001202876,-0.172333226,-0.039997671,0.966723230,-0.255801595,-0.001211728,0.003204930,stable
146986006202900,146986.005300000,0.001202362,-0.172333151,-0.039997976,0.966723454,-0.255800771,-0.001211619,0.003203343,stable
146986021705300,146986.021300000,0.001201490,-0.172333464,-0.039996706,0.966722519,-0.255804338,-0.001211785,0.003200465,stable
146986036833700,146986.036300000,0.001201140,-0.172333479,-0.039996617,0.966722459,-0.255804577,-0.001210092,0.003200243,stable
146986052105850,146986.051300000,0.001200700,-0.172333837,-0.039995089,0.966721326,-0.255808882,-0.001213130,0.003197226,stable
146986067864000,146986.067300000,0.001200081,-0.172334075,-0.039994109,0.966720610,-0.255811610,-0.001212351,0.003195656,stable
146986083205900,146986.082300000,0.001199995,-0.172333926,-0.039994758,0.966721088,-0.255809806,-0.001212379,0.003195369,stable
146986098720000,146986.098300000,0.001199253,-0.172334194,-0.039993603,0.966720238,-0.255813050,-0.001212001,0.003193193,stable
146986114137400,146986.113300000,0.001199250,-0.172334000,-0.039994430,0.966720855,-0.255810717,-0.001212422,0.003192963,stable
146986131227650,146986.130300000,0.001198336,-0.172334448,-0.039992552,0.966719466,-0.255816001,-0.001210146,0.003191243,stable
146986145855850,146986.145300000,0.001197077,-0.172334522,-0.039992236,0.966719232,-0.255816926,-0.001206105,0.003189356,stable
146986162244400,146986.161300000,0.001196790,-0.172334731,-0.039991338,0.966718573,-0.255819429,-0.001207086,0.003187918,stable
146986177536850,146986.177300000,0.001195668,-0.172334835,-0.039990973,0.966718318,-0.255820438,-0.001207744,0.003183979,stable
146986192863400,146986.192300000,0.001196288,-0.172334731,-0.039991364,0.966718606,-0.255819333,-0.001211189,0.003184141,stable
146986208556100,146986.208300000,0.001197253,-0.172335446,-0.039988250,0.966716285,-0.255828066,-0.001212061,0.003186761,stable
146986224012500,146986.223300000,0.001196632,-0.172335431,-0.039988365,0.966716379,-0.255827733,-0.001210999,0.003185338,stable
146986239844200,146986.239300000,0.001196954,-0.172335744,-0.039987009,0.966715362,-0.255831561,-0.001209244,0.003187294,stable
146986255592350,146986.255300000,0.001196685,-0.172335789,-0.039986786,0.966715202,-0.255832176,-0.001208429,0.003186866,stable
146986270970900,146986.270300000,0.001195372,-0.172336042,-0.039985724,0.966714417,-0.255835183,-0.001202849,0.003185616,stable
146986287237250,146986.286300000,0.001194119,-0.172336429,-0.039984100,0.966713222,-0.255839742,-0.001199120,0.003183580,stable
146986301983600,146986.301300000,0.001192865,-0.172336385,-0.039984323,0.966713399,-0.255839116,-0.001196199,0.003181119,stable
146986317579550,146986.317300000,0.001191797,-0.172336504,-0.039983839,0.966713041,-0.255840502,-0.001191255,0.003180317,stable
146986333617400,146986.333300000,0.001192358,-0.172336966,-0.039981831,0.966711549,-0.255846120,-0.001192343,0.003181534,stable
146986349044400,146986.348300000,0.001191395,-0.172337368,-0.039980169,0.966710320,-0.255850803,-0.001192538,0.003178349,stable
146986364659000,146986.364300000,0.001191683,-0.172337189,-0.039980892,0.966710854,-0.255848776,-0.001193448,0.003178789,stable
146986380612900,146986.380300000,0.001191537,-0.172337577,-0.039979268,0.966709646,-0.255853348,-0.001194351,0.003177841,stable
146986395597900,146986.395300000,0.001190427,-0.172337830,-0.039978184,0.966708865,-0.255856342,-0.001193516,0.003174734,stable
146986411106100,146986.410300000,0.001191892,-0.172338039,-0.039977245,0.966708157,-0.255858965,-0.001197770,0.003177165,stable
146986426111250,146986.425300000,0.001190838,-0.172337890,-0.039977904,0.966708647,-0.255857150,-0.001194989,0.003175269,stable
146986441130300,146986.440300000,0.001189446,-0.172337875,-0.039978009,0.966708737,-0.255856861,-0.001193102,0.003171815,stable
146986457248150,146986.456300000,0.001189414,-0.172338158,-0.039976832,0.966707864,-0.255860158,-0.001191853,0.003172374,stable
146986471989500,146986.471300000,0.001189447,-0.172338098,-0.039977089,0.966708060,-0.255859418,-0.001191524,0.003172654,stable
146986487592800,146986.487300000,0.001188374,-0.172338232,-0.039976530,0.966707643,-0.255861027,-0.001188315,0.003170919,stable
146986503126700,146986.502300000,0.001187380,-0.172338545,-0.039975204,0.966706668,-0.255864747,-0.001186513,0.003168691,stable
146986518639100,146986.518300000,0.001187619,-0.172339037,-0.039973099,0.966705103,-0.255870659,-0.001189625,0.003167807,stable
146986534675550,146986.534300000,0.001186409,-0.172339141,-0.039972670,0.966704800,-0.255871850,-0.001188531,0.003164516,stable
146986550212000,146986.549300000,0.001184563,-0.172339231,-0.039972339,0.966704574,-0.255872777,-0.001188672,0.003158538,stable
146986565612000,146986.565300000,0.001184329,-0.172339380,-0.039971694,0.966704099,-0.255874580,-0.001188170,0.003158054,stable
146986580632350,146986.580300000,0.001184104,-0.172339171,-0.039972618,0.966704785,-0.255871995,-0.001189008,0.003156895,stable
146986596217250,146986.595300000,0.001183829,-0.172339320,-0.039971948,0.966704284,-0.255873896,-0.001185676,0.003157777,stable
146986610759400,146986.610300000,0.001183018,-0.172339752,-0.039970115,0.966702933,-0.255879027,-0.001183946,0.003156097,stable
146986626805500,146986.626300000,0.001183748,-0.172339723,-0.039970208,0.966702996,-0.255878760,-0.001183576,0.003158626,stable
146986641916350,146986.641300000,0.001183522,-0.172340140,-0.039968409,0.966701667,-0.255883792,-0.001184805,0.003157251,stable
146986657234450,146986.656300000,0.001183523,-0.172340453,-0.039967101,0.966700686,-0.255887496,-0.001183186,0.003158108,stable
146986672794650,146986.672300000,0.001184004,-0.172340751,-0.039965816,0.966699726,-0.255891100,-0.001182076,0.003160233,stable
146986688525000,146986.688300000,0.001183701,-0.172340736,-0.039965857,0.966699758,-0.255890990,-0.001180723,0.003159980,stable
146986703973500,146986.703300000,0.001184454,-0.172340825,-0.039965484,0.966699478,-0.255892022,-0.001184183,0.003160557,stable
146986719569350,146986.719300000,0.001182516,-0.172341272,-0.039963569,0.966698069,-0.255897422,-0.001183345,0.003154801,stable
146986734545050,146986.734300000,0.001182247,-0.172341257,-0.039963663,0.966698145,-0.255897144,-0.001183513,0.003153851,stable
146986749925250,146986.749300000,0.001180410,-0.172341511,-0.039962608,0.966697382,-0.255900096,-0.001181623,0.003148976,stable
146986765537300,146986.765300000,0.001180410,-0.172341526,-0.039962579,0.966697360,-0.255900179,-0.001182222,0.003148660,stable
146986782363850,146986.781400000,0.001179699,-0.172341391,-0.039963175,0.966697807,-0.255898518,-0.001181004,0.003147031,stable
146986796954450,146986.796300000,0.001179731,-0.172341391,-0.039963175,0.966697807,-0.255898518,-0.001181360,0.003146944,stable
146986812588200,146986.812400000,0.001180241,-0.172341630,-0.039962124,0.966697030,-0.255901438,-0.001184601,0.003146860,stable
146986827651850,146986.827400000,0.001180330,-0.172341943,-0.039960761,0.966696019,-0.255905254,-0.001184490,0.003147201,stable
146986844109600,146986.843400000,0.001178826,-0.172341987,-0.039960586,0.966695900,-0.255905760,-0.001183531,0.003142900,stable
146986859689050,146986.859400000,0.001177862,-0.172341958,-0.039960787,0.966696048,-0.255905231,-0.001180230,0.003141564,stable
146986874718050,146986.874400000,0.001178789,-0.172341958,-0.039960749,0.966696017,-0.255905313,-0.001180454,0.003144410,stable
146986890091450,146986.889400000,0.001178156,-0.172341779,-0.039961539,0.966696608,-0.255903106,-0.001179867,0.003142699,stable
146986905237900,146986.904400000,0.001179160,-0.172341898,-0.039960958,0.966696170,-0.255904725,-0.001181967,0.003144797,stable
146986920957200,146986.920400000,0.001179832,-0.172341898,-0.039960992,0.966696197,-0.255904597,-0.001181599,0.003147138,stable
146986936885400,146986.936400000,0.001180149,-0.172341883,-0.039961036,0.966696216,-0.255904513,-0.001183316,0.003147243,stable
146986953237350,146986.952400000,0.001178047,-0.172341824,-0.039961312,0.966696443,-0.255903735,-0.001182047,0.003141196,stable
146986967931000,146986.967400000,0.001176363,-0.172341794,-0.039961513,0.966696604,-0.255903194,-0.001180833,0.003136452,stable
146986983736650,146986.982400000,0.001175578,-0.172341883,-0.039961152,0.966696352,-0.255904174,-0.001179180,0.003134818,stable
146986998056800,146986.997400000,0.001174338,-0.172341764,-0.039961718,0.966696782,-0.255902598,-0.001179808,0.003130519,stable
146987013627300,146987.013400000,0.001174019,-0.172341928,-0.039960980,0.966696237,-0.255904668,-0.001179139,0.003129854,stable
146987028689800,146987.028300000,0.001172728,-0.172342330,-0.039959297,0.966694999,-0.255909394,-0.001178502,0.003126061,stable
146987044211650,146987.043300000,0.001172186,-0.172342584,-0.039958227,0.966694196,-0.255912442,-0.001174762,0.003126307,stable
146987059736100,146987.059300000,0.001170769,-0.172342941,-0.039956711,0.966693092,-0.255916666,-0.001173710,0.003122329,stable
146987074768800,146987.074300000,0.001170490,-0.172343105,-0.039956056,0.966692613,-0.255918483,-0.001171911,0.003122387,stable
146987090223950,146987.089300000,0.001169859,-0.172342673,-0.039957903,0.966693983,-0.255913328,-0.001170582,0.003121076,stable
146987105768750,146987.105300000,0.001169214,-0.172343075,-0.039956205,0.966692728,-0.255918095,-0.001170105,0.003119264,stable
146987122271900,146987.121300000,0.001167485,-0.172343478,-0.039954498,0.966691476,-0.255922893,-0.001170746,0.003113395,stable
146987137183800,146987.136300000,0.001167796,-0.172343433,-0.039954703,0.966691621,-0.255922334,-0.001172571,0.003113424,stable
146987152844550,146987.152300000,0.001167296,-0.172343433,-0.039954703,0.966691625,-0.255922335,-0.001169963,0.003113205,stable
146987169174350,146987.168300000,0.001166548,-0.172343791,-0.039953172,0.966690497,-0.255926627,-0.001171155,0.003110181,stable
146987185266600,146987.184300000,0.001165676,-0.172343820,-0.039953094,0.966690453,-0.255926826,-0.001171335,0.003107297,stable
146987201216750,146987.200300000,0.001164973,-0.172343671,-0.039953753,0.966690947,-0.255924981,-0.001167333,0.003107167,stable
146987215778300,146987.215300000,0.001164692,-0.172343671,-0.039953779,0.966690968,-0.255924913,-0.001167032,0.003106426,stable
146987231784400,146987.231300000,0.001163575,-0.172344074,-0.039952032,0.966689684,-0.255929806,-0.001166928,0.003102911,stable
146987247341900,146987.246300000,0.001162438,-0.172344461,-0.039950397,0.966688478,-0.255934394,-0.001162185,0.003101779,stable
146987263753750,146987.262300000,0.001162143,-0.172344431,-0.039950572,0.966688606,-0.255933919,-0.001160458,0.003101752,stable
146987278734750,146987.278300000,0.001161358,-0.172344640,-0.039949652,0.966687917,-0.255936547,-0.001158187,0.003100441,stable
146987294912550,146987.294300000,0.001160355,-0.172345057,-0.039947920,0.966686642,-0.255941399,-0.001156114,0.003098327,stable
146987311243850,146987.310300000,0.001160475,-0.172345340,-0.039946701,0.966685743,-0.255944795,-0.001157445,0.003098006,stable
146987327253450,146987.326300000,0.001160776,-0.172345757,-0.039944883,0.966684389,-0.255949896,-0.001158263,0.003098534,stable
146987341577500,146987.341300000,0.001160305,-0.172345698,-0.039945163,0.966684598,-0.255949129,-0.001160947,0.003095609,stable
146987356939550,146987.356300000,0.001159534,-0.172345757,-0.039944910,0.966684428,-0.255949801,-0.001161078,0.003093073,stable
146987373276650,146987.372300000,0.001160334,-0.172346175,-0.039943118,0.966683093,-0.255954817,-0.001163555,0.003094319,stable
146987388625400,146987.388300000,0.001160939,-0.172346339,-0.039942395,0.966682544,-0.255956870,-0.001164555,0.003095723,stable
146987404066250,146987.403300000,0.001160277,-0.172346577,-0.039941382,0.966681790,-0.255959736,-0.001160138,0.003095943,stable
146987419605400,146987.419300000,0.001159504,-0.172346801,-0.039940428,0.966681099,-0.255962379,-0.001161750,0.003092615,stable
146987434652500,146987.434300000,0.001157692,-0.172346920,-0.039939940,0.966680752,-0.255963753,-0.001158523,0.003088530,stable
146987450165900,146987.449300000,0.001157895,-0.172347218,-0.039938655,0.966679788,-0.255967386,-0.001158782,0.003089040,stable
146987465694900,146987.465300000,0.001158386,-0.172347248,-0.039938498,0.966679682,-0.255967777,-0.001164372,0.003087651,stable
146987480665200,146987.480300000,0.001159395,-0.172347412,-0.039937776,0.966679136,-0.255969801,-0.001164491,0.003090814,stable
146987496139650,146987.495300000,0.001159455,-0.172347561,-0.039937112,0.966678647,-0.255971648,-0.001166237,0.003090082,stable
146987511696700,146987.511300000,0.001158707,-0.172347620,-0.039936889,0.966678489,-0.255972277,-0.001167714,0.003086908,stable
146987526691550,146987.526300000,0.001158579,-0.172347754,-0.039936330,0.966678072,-0.255973857,-0.001167755,0.003086475,stable
146987542724250,146987.542300000,0.001157173,-0.172347724,-0.039936502,0.966678210,-0.255973385,-0.001165976,0.003082922,stable
146987558155000,146987.557300000,0.001156609,-0.172347620,-0.039936982,0.966678582,-0.255972004,-0.001166607,0.003080786,stable
146987573641300,146987.573300000,0.001156126,-0.172347829,-0.039936054,0.966677890,-0.255974631,-0.001164776,0.003080208,stable
146987589021050,146987.588300000,0.001155595,-0.172348052,-0.039935138,0.966677211,-0.255977217,-0.001164575,0.003078618,stable
146987604547850,146987.604300000,0.001154602,-0.172348350,-0.039933849,0.966676265,-0.255980826,-0.001163583,0.003075964,stable
146987620026250,146987.619300000,0.001153920,-0.172348484,-0.039933290,0.966675861,-0.255982379,-0.001165295,0.003072878,stable
146987636026800,146987.635300000,0.001155000,-0.172348320,-0.039933976,0.966676355,-0.255980476,-0.001166558,0.003075663,stable
146987651624400,146987.651300000,0.001152837,-0.172348574,-0.039932970,0.966675625,-0.255983303,-0.001160741,0.003071824,stable
146987667120300,146987.666300000,0.001153900,-0.172348469,-0.039933372,0.966675917,-0.255982169,-0.001163874,0.003073566,stable
146987683078700,146987.682300000,0.001153193,-0.172348619,-0.039932769,0.966675483,-0.255983834,-0.001163637,0.003071430,stable
146987699138600,146987.698300000,0.001152144,-0.172348931,-0.039931461,0.966674512,-0.255987540,-0.001162952,0.003068435,stable
146987714675050,146987.714300000,0.001152115,-0.172348976,-0.039931267,0.966674370,-0.255988073,-0.001161611,0.003069054,stable
146987730691250,146987.730300000,0.001151100,-0.172348961,-0.039931357,0.966674443,-0.255987836,-0.001160849,0.003066211,stable
146987746169700,146987.745300000,0.001150634,-0.172349051,-0.039930977,0.966674174,-0.255988873,-0.001161955,0.003064136,stable
146987761665100,146987.761300000,0.001148925,-0.172349080,-0.039930891,0.966674126,-0.255989114,-0.001160130,0.003059637,stable
146987776658600,146987.776300000,0.001149786,-0.172349095,-0.039930817,0.966674065,-0.255989321,-0.001163831,0.003060430,stable
146987793250200,146987.792300000,0.001149364,-0.172349617,-0.039928526,0.966672361,-0.255995764,-0.001161105,0.003060521,stable
146987807889150,146987.807300000,0.001148935,-0.172349885,-0.039927386,0.966671514,-0.255998980,-0.001160310,0.003059569,stable
146987823871600,146987.823300000,0.001150052,-0.172349960,-0.039927080,0.966671281,-0.255999816,-0.001160716,0.003062924,stable
146987838894950,146987.838300000,0.001151000,-0.172350258,-0.039925758,0.966670284,-0.256003545,-0.001160592,0.003066020,stable
146987855271650,146987.854300000,0.001149782,-0.172350049,-0.039926667,0.966670969,-0.256001004,-0.001160682,0.003062081,stable
146987869914850,146987.869300000,0.001149160,-0.172350243,-0.039925832,0.966670349,-0.256003368,-0.001158908,0.003061029,stable
146987886006600,146987.885300000,0.001149224,-0.172350258,-0.039925776,0.966670311,-0.256003507,-0.001158651,0.003061368,stable
146987901564000,146987.900300000,0.001148458,-0.172350004,-0.039926920,0.966671169,-0.256000294,-0.001156993,0.003059799,stable
146987917064800,146987.916300000,0.001146793,-0.172350034,-0.039926816,0.966671107,-0.256000592,-0.001157549,0.003054182,stable
146987932998550,146987.932300000,0.001145420,-0.172350541,-0.039924692,0.966669543,-0.256006549,-0.001157704,0.003049707,stable
146987948666200,146987.948300000,0.001144773,-0.172350660,-0.039924186,0.966669170,-0.256007975,-0.001153079,0.003050081,stable
146987964122000,146987.963300000,0.001145528,-0.172350541,-0.039924681,0.966669533,-0.256006576,-0.001154088,0.003051963,stable
146987979149450,146987.978300000,0.001146524,-0.172351003,-0.039922625,0.966668000,-0.256012332,-0.001156427,0.003053907,stable
146987994590500,146987.994300000,0.001146275,-0.172350824,-0.039923418,0.966668587,-0.256010124,-0.001156412,0.003053119,stable
146988010004850,146988.009300000,0.001146566,-0.172351077,-0.039922360,0.966667803,-0.256013072,-0.001156287,0.003054115,stable
146988025006950,146988.024300000,0.001147113,-0.172351390,-0.039920956,0.966666748,-0.256017041,-0.001158926,0.003054466,stable
146988040965450,146988.040300000,0.001146985,-0.172351673,-0.039919715,0.966665831,-0.256020507,-0.001158163,0.003054458,stable
146988056060850,146988.055400000,0.001145221,-0.172351718,-0.039919622,0.966665788,-0.256020734,-0.001156919,0.003049477,stable
146988071660200,146988.071400000,0.001144688,-0.172351822,-0.039919171,0.966665451,-0.256022021,-0.001154116,0.003049256,stable
146988087089750,146988.086400000,0.001145438,-0.172352165,-0.039917655,0.966664326,-0.256026241,-0.001154760,0.003051312,stable
146988102605600,146988.101400000,0.001144771,-0.172352120,-0.039917875,0.966664480,-0.256025683,-0.001153039,0.003050087,stable
146988118028200,146988.117400000,0.001145516,-0.172351941,-0.039918642,0.966665042,-0.256023530,-0.001152095,0.003052972,stable
146988134183250,146988.133400000,0.001146227,-0.172352344,-0.039916851,0.966663708,-0.256028544,-0.001153543,0.003054475,stable
146988148703400,146988.148400000,0.001145259,-0.172352254,-0.039917272,0.966664022,-0.256027386,-0.001149607,0.003053463,stable
146988165257500,146988.164400000,0.001145384,-0.172352180,-0.039917596,0.966664270,-0.256026451,-0.001151646,0.003052786,stable
146988180304900,146988.179500000,0.001144330,-0.172352448,-0.039916486,0.966663458,-0.256029554,-0.001150060,0.003050254,stable
146988196224700,146988.195500000,0.001144246,-0.172352627,-0.039915681,0.966662858,-0.256031818,-0.001147274,0.003051456,stable
146988211717550,146988.211500000,0.001143837,-0.172352746,-0.039915197,0.966662490,-0.256033218,-0.001144604,0.003051560,stable
146988227757150,146988.227500000,0.001143171,-0.172353417,-0.039912317,0.966660355,-0.256041296,-0.001140212,0.003051749,stable
146988242722900,146988.242500000,0.001143329,-0.172353387,-0.039912451,0.966660452,-0.256040918,-0.001138674,0.003053069,stable
146988258190950,146988.257500000,0.001141811,-0.172353595,-0.039911613,0.966659838,-0.256043297,-0.001138767,0.003048166,stable
146988273759250,146988.273500000,0.001141271,-0.172353670,-0.039911263,0.966659583,-0.256044277,-0.001137834,0.003046933,stable
146988289153850,146988.288500000,0.001140978,-0.172353685,-0.039911222,0.966659559,-0.256044375,-0.001135674,0.003047139,stable
146988304556750,146988.304500000,0.001141106,-0.172353655,-0.039911386,0.966659680,-0.256043915,-0.001136803,0.003046950,stable
146988320099350,146988.319500000,0.001140545,-0.172353372,-0.039912589,0.966660576,-0.256040548,-0.001134250,0.003046509,stable
146988336107100,146988.335500000,0.001140320,-0.172353759,-0.039910924,0.966659338,-0.256045229,-0.001133223,0.003046330,stable
146988351548900,146988.351500000,0.001140423,-0.172354147,-0.039909258,0.966658105,-0.256049883,-0.001133334,0.003046598,stable
146988367029400,146988.366500000,0.001140189,-0.172354475,-0.039907858,0.966657067,-0.256053812,-0.001134471,0.003045247,stable
146988382129950,146988.381500000,0.001138608,-0.172354504,-0.039907739,0.966656987,-0.256054164,-0.001129737,0.003042695,stable
146988396954250,146988.396500000,0.001137972,-0.172354460,-0.039907947,0.966657141,-0.256053605,-0.001128414,0.003041361,stable
146988412495950,146988.412500000,0.001138225,-0.172354802,-0.039906483,0.966656047,-0.256057728,-0.001129084,0.003041815,stable
146988427485100,146988.427500000,0.001137733,-0.172354653,-0.039907157,0.966656558,-0.256055814,-0.001128768,0.003040411,stable
146988442519650,146988.442500000,0.001137025,-0.172354862,-0.039906252,0.966655887,-0.256058373,-0.001127020,0.003039069,stable
146988458004000,146988.457500000,0.001137213,-0.172354907,-0.039906077,0.966655758,-0.256058847,-0.001125252,0.003040604,stable
146988473494150,146988.473500000,0.001137916,-0.172355086,-0.039905299,0.966655174,-0.256061026,-0.001125718,0.003042604,stable
146988488976950,146988.488500000,0.001137669,-0.172355026,-0.039905515,0.966655337,-0.256060426,-0.001128232,0.003040487,stable
146988504104000,146988.503500000,0.001136994,-0.172355041,-0.039905470,0.966655313,-0.256060540,-0.001127174,0.003038888,stable
146988519635900,146988.519500000,0.001136107,-0.172355056,-0.039905455,0.966655310,-0.256060583,-0.001125665,0.003036850,stable
146988534763900,146988.534500000,0.001136614,-0.172355130,-0.039905101,0.966655034,-0.256061603,-0.001124960,0.003038843,stable
146988550882000,146988.550500000,0.001136656,-0.172355443,-0.039903786,0.966654057,-0.256065292,-0.001126364,0.003038233,stable
146988567254200,146988.566400000,0.001137014,-0.172355443,-0.039903749,0.966654024,-0.256065402,-0.001125552,0.003039806,stable
146988582258000,146988.581400000,0.001138516,-0.172355399,-0.039903890,0.966654118,-0.256064994,-0.001126621,0.003044043,stable
146988598268050,146988.597400000,0.001138278,-0.172355667,-0.039902773,0.966653290,-0.256068125,-0.001126117,0.003043548,stable
146988612859400,146988.612400000,0.001137820,-0.172355831,-0.039902069,0.966652768,-0.256070112,-0.001123899,0.003043256,stable
146988627823700,146988.627400000,0.001136686,-0.172355890,-0.039901841,0.966652611,-0.256070742,-0.001121634,0.003040828,stable
146988643825950,146988.643400000,0.001136251,-0.172355905,-0.039901808,0.966652600,-0.256070798,-0.001120300,0.003040142,stable
146988659883500,146988.659400000,0.001135672,-0.172356099,-0.039900988,0.966651982,-0.256073149,-0.001118758,0.003039105,stable
146988674834800,146988.674400000,0.001135655,-0.172356442,-0.039899465,0.966650842,-0.256077452,-0.001119019,0.003038912,stable
146988690214200,146988.689400000,0.001134722,-0.172356516,-0.039899193,0.966650655,-0.256078195,-0.001118304,0.003036307,stable
146988706267650,146988.705400000,0.001134006,-0.172356740,-0.039898209,0.966649928,-0.256080964,-0.001117260,0.003034567,stable
146988720969550,146988.720400000,0.001133772,-0.172357038,-0.039896931,0.966648981,-0.256084542,-0.001115150,0.003034935,stable
146988736920700,146988.736400000,0.001132935,-0.172357306,-0.039895818,0.966648169,-0.256087633,-0.001111631,0.003034118,stable
146988752139200,146988.751400000,0.001132430,-0.172357380,-0.039895542,0.966647968,-0.256088416,-0.001114179,0.003031156,stable
146988767650300,146988.767400000,0.001132856,-0.172357380,-0.039895479,0.966647917,-0.256088597,-0.001116448,0.003031318,stable
146988782711950,146988.782400000,0.001132150,-0.172357455,-0.039895188,0.966647700,-0.256089437,-0.001114039,0.003030334,stable
146988797796750,146988.797400000,0.001131119,-0.172357723,-0.039894097,0.966646897,-0.256092499,-0.001110088,0.003029127,stable
146988814307400,146988.813400000,0.001131745,-0.172357827,-0.039893605,0.966646520,-0.256093897,-0.001109471,0.003031452,stable
146988830281600,146988.829400000,0.001132765,-0.172357917,-0.039893214,0.966646238,-0.256094928,-0.001112446,0.003033137,stable
146988844889750,146988.844400000,0.001133161,-0.172358051,-0.039892584,0.966645749,-0.256096759,-0.001111243,0.003035041,stable
146988861275200,146988.860400000,0.001131995,-0.172358140,-0.039892238,0.966645508,-0.256097712,-0.001111455,0.003031200,stable
146988877324750,146988.876400000,0.001131826,-0.172357976,-0.039892960,0.966646035,-0.256095727,-0.001110601,0.003031113,stable
146988892293400,146988.891400000,0.001131302,-0.172358081,-0.039892532,0.966645738,-0.256096875,-0.001113027,0.003028155,stable
146988907003750,146988.906400000,0.001132280,-0.172358483,-0.039890777,0.966644422,-0.256101805,-0.001113279,0.003031146,stable
146988922608600,146988.922400000,0.001132927,-0.172358841,-0.039889224,0.966643257,-0.256106177,-0.001112501,0.003033624,stable
146988938666250,146988.938400000,0.001133517,-0.172358766,-0.039889507,0.966643462,-0.256105380,-0.001112995,0.003035247,stable
146988954112850,146988.953400000,0.001133336,-0.172358766,-0.039889488,0.966643456,-0.256105408,-0.001111606,0.003035405,stable
146988969690500,146988.969400000,0.001134125,-0.172359243,-0.039887443,0.966641936,-0.256111122,-0.001115848,0.003035679,stable
146988985664400,146988.985400000,0.001134249,-0.172359273,-0.039887305,0.966641831,-0.256111513,-0.001114717,0.003036673,stable
146989000957750,146989.000400000,0.001134021,-0.172358766,-0.039889500,0.966643457,-0.256105378,-0.001111775,0.003037504,stable
146989017310900,146989.016400000,0.001133215,-0.172359079,-0.039888147,0.966642452,-0.256109196,-0.001109314,0.003036226,stable
146989032284200,146989.031400000,0.001132561,-0.172359452,-0.039886594,0.966641310,-0.256113530,-0.001109204,0.003034190,stable
146989046978000,146989.046400000,0.001132359,-0.172359511,-0.039886337,0.966641131,-0.256114216,-0.001110265,0.003032985,stable
146989062538200,146989.062400000,0.001131585,-0.172359616,-0.039885856,0.966640765,-0.256115628,-0.001110340,0.003030471,stable
146989078602800,146989.078300000,0.001130463,-0.172360063,-0.039884008,0.966639414,-0.256120775,-0.001112769,0.003025597,stable
146989094001200,146989.093300000,0.001131604,-0.172360376,-0.039882611,0.966638367,-0.256124684,-0.001113124,0.003029054,stable
146989108757000,146989.108300000,0.001131068,-0.172360227,-0.039883241,0.966638839,-0.256122925,-0.001114143,0.003026802,stable
146989123723900,146989.123300000,0.001129812,-0.172360346,-0.039882779,0.966638500,-0.256124241,-0.001109551,0.003025215,stable
146989138705800,146989.138300000,0.001130074,-0.172360554,-0.039881885,0.966637836,-0.256126742,-0.001110821,0.003025379,stable
146989154290500,146989.153300000,0.001129533,-0.172360674,-0.039881360,0.966637456,-0.256128198,-0.001112967,0.003022514,stable
146989169741800,146989.169300000,0.001129701,-0.172360286,-0.039883062,0.966638717,-0.256123431,-0.001111927,0.003023603,stable
146989186279000,146989.185300000,0.001129265,-0.172360316,-0.039882917,0.966638610,-0.256123851,-0.001112020,0.003022161,stable
146989201724000,146989.201300000,0.001129069,-0.172360614,-0.039881632,0.966637658,-0.256127458,-0.001115065,0.003019923,stable
146989218248900,146989.217300000,0.001129886,-0.172360852,-0.039880563,0.966636863,-0.256130432,-0.001116598,0.003021721,stable
146989232226200,146989.231300000,0.001129691,-0.172360584,-0.039881751,0.966637758,-0.256127065,-0.001118409,0.003020142,stable
146989247928900,146989.247300000,0.001128441,-0.172360435,-0.039882459,0.966638290,-0.256125099,-0.001116377,0.003017220,stable
146989264259650,146989.263300000,0.001128488,-0.172360778,-0.039880957,0.966637168,-0.256129332,-0.001117090,0.003016993,stable
146989279277100,146989.278300000,0.001127345,-0.172360733,-0.039881162,0.966637338,-0.256128735,-0.001116249,0.003013784,stable
146989293952500,146989.293300000,0.001126902,-0.172360748,-0.039881114,0.966637313,-0.256128847,-0.001117121,0.003011906,stable
146989309671900,146989.309300000,0.001126018,-0.172360912,-0.039880425,0.966636798,-0.256130820,-0.001114846,0.003010282,stable
146989324678800,146989.324300000,0.001125955,-0.172361121,-0.039879542,0.966636143,-0.256133292,-0.001114702,0.003010157,stable
146989340659100,146989.340300000,0.001124754,-0.172361061,-0.039879862,0.966636390,-0.256132400,-0.001112917,0.003007260,stable
146989356211650,146989.355300000,0.001123164,-0.172360927,-0.039880451,0.966636838,-0.256130769,-0.001111435,0.003002960,stable
146989371687300,146989.371300000,0.001122534,-0.172361150,-0.039879505,0.966636133,-0.256133454,-0.001111720,0.003000795,stable
146989387274450,146989.386300000,0.001122817,-0.172361046,-0.039879967,0.966636490,-0.256132099,-0.001114343,0.003000313,stable
146989402669000,146989.402300000,0.001123003,-0.172361270,-0.039878998,0.966635778,-0.256134782,-0.001115139,0.003000485,stable
146989418284800,146989.417300000,0.001122299,-0.172361493,-0.039878048,0.966635067,-0.256137493,-0.001116176,0.002997686,stable
146989434289800,146989.433300000,0.001123714,-0.172361404,-0.039878368,0.966635296,-0.256136583,-0.001119875,0.003000256,stable
146989449787700,146989.449300000,0.001123308,-0.172361523,-0.039877899,0.966634947,-0.256137912,-0.001119171,0.002999327,stable
146989465753400,146989.465300000,0.001122939,-0.172361910,-0.039876230,0.966633717,-0.256142565,-0.001116736,0.002999432,stable
146989482285050,146989.481300000,0.001123823,-0.172362044,-0.039875604,0.966633243,-0.256144324,-0.001118874,0.003001127,stable
146989497252500,146989.496300000,0.001122564,-0.172362342,-0.039874326,0.966632299,-0.256147933,-0.001117637,0.002997756,stable
146989512684550,146989.512300000,0.001123371,-0.172362655,-0.039872993,0.966631298,-0.256151677,-0.001115958,0.003001222,stable
146989527701150,146989.527300000,0.001122984,-0.172362357,-0.039874274,0.966632256,-0.256148073,-0.001114703,0.003000649,stable
146989543790450,146989.543400000,0.001122804,-0.172362685,-0.039872874,0.966631214,-0.256152013,-0.001115674,0.002999558,stable
146989559310450,146989.558400000,0.001122418,-0.172363207,-0.039870642,0.966629557,-0.256158275,-0.001113085,0.002999691,stable
146989575319650,146989.574400000,0.001122309,-0.172362849,-0.039872188,0.966630705,-0.256153943,-0.001110922,0.003000486,stable
146989590887550,146989.590400000,0.001121785,-0.172362790,-0.039872438,0.966630901,-0.256153231,-0.001113809,0.002997286,stable
146989607288000,146989.606400000,0.001120063,-0.172362626,-0.039873198,0.966631483,-0.256151097,-0.001113962,0.002991701,stable
146989622774200,146989.621400000,0.001119192,-0.172362730,-0.039872795,0.966631187,-0.256152246,-0.001113195,0.002989321,stable
146989637769800,146989.637400000,0.001119003,-0.172362685,-0.039872956,0.966631307,-0.256151799,-0.001113700,0.002988450,stable
146989653334750,146989.652400000,0.001118433,-0.172362834,-0.039872330,0.966630854,-0.256153532,-0.001114293,0.002986315,stable
146989668797600,146989.668400000,0.001117573,-0.172362611,-0.039873339,0.966631605,-0.256150726,-0.001111705,0.002984935,stable
146989684850500,146989.684400000,0.001118154,-0.172362521,-0.039873701,0.966631868,-0.256149717,-0.001113683,0.002985747,stable
146989700926350,146989.700400000,0.001116452,-0.172362462,-0.039873980,0.966632089,-0.256148940,-0.001111138,0.002981650,stable
146989717269900,146989.716400000,0.001116513,-0.172362357,-0.039874427,0.966632425,-0.256147667,-0.001109484,0.002982724,stable
146989733306600,146989.732400000,0.001117658,-0.172362596,-0.039873429,0.966631683,-0.256150431,-0.001112851,0.002984600,stable
146989747815000,146989.747400000,0.001118149,-0.172362745,-0.039872747,0.966631176,-0.256152332,-0.001115914,0.002984551,stable
146989763563150,146989.763400000,0.001117731,-0.172362879,-0.039872169,0.966630743,-0.256153981,-0.001116764,0.002982765,stable
146989779327550,146989.778400000,0.001117528,-0.172363073,-0.039871316,0.966630103,-0.256156400,-0.001114438,0.002983342,stable
146989793967350,146989.793400000,0.001118302,-0.172363132,-0.039871082,0.966629930,-0.256157027,-0.001115129,0.002985452,stable
146989810280450,146989.809400000,0.001118713,-0.172362894,-0.039872095,0.966630686,-0.256154161,-0.001116294,0.002986150,stable
146989825629300,146989.825400000,0.001118683,-0.172362626,-0.039873272,0.966631556,-0.256150876,-0.001116289,0.002986058,stable
146989841281850,146989.840400000,0.001118438,-0.172362402,-0.039874192,0.966632248,-0.256148279,-0.001117514,0.002984629,stable
146989856056500,146989.855400000,0.001118407,-0.172362402,-0.039874226,0.966632270,-0.256148195,-0.001116384,0.002985129,stable
146989871688700,146989.871400000,0.001118896,-0.172362238,-0.039874915,0.966632768,-0.256146292,-0.001114747,0.002987559,stable
146989886671500,146989.886400000,0.001118744,-0.172362387,-0.039874263,0.966632289,-0.256148109,-0.001115290,0.002986783,stable
146989902750900,146989.902400000,0.001118785,-0.172362283,-0.039874725,0.966632630,-0.256146823,-0.001118040,0.002985461,stable
146989918023750,146989.917400000,0.001117851,-0.172362089,-0.039875593,0.966633285,-0.256144379,-0.001114560,0.002984316,stable
146989933183050,146989.932400000,0.001116492,-0.172362432,-0.039874133,0.966632216,-0.256148465,-0.001114796,0.002979847,stable
146989948727300,146989.948400000,0.001116752,-0.172362730,-0.039872814,0.966631225,-0.256152195,-0.001113661,0.002981276,stable
146989964178800,146989.963400000,0.001115480,-0.172362790,-0.039872590,0.966631073,-0.256152813,-0.001111794,0.002978196,stable
146989980175050,146989.979400000,0.001113872,-0.172362864,-0.039872337,0.966630905,-0.256153500,-0.001109441,0.002974299,stable
146989995758500,146989.995400000,0.001113261,-0.172362953,-0.039871994,0.966630659,-0.256154452,-0.001109287,0.002972425,stable
146990012170200,146990.011400000,0.001112419,-0.172363177,-0.039871044,0.966629947,-0.256157166,-0.001106373,0.002971274,stable
146990027154500,146990.026400000,0.001113120,-0.172363490,-0.039869644,0.966628904,-0.256161077,-0.001107932,0.002972688,stable
146990042246900,146990.041400000,0.001114272,-0.172363430,-0.039869871,0.966629061,-0.256160445,-0.001110443,0.002975045,stable
146990057832700,146990.057400000,0.001113493,-0.172363818,-0.039868258,0.966627868,-0.256164976,-0.001110359,0.002972595,stable
146990073263000,146990.072400000,0.001112606,-0.172363639,-0.039869044,0.966628469,-0.256162741,-0.001110336,0.002969774,stable
146990088868800,146990.088400000,0.001112143,-0.172363609,-0.039869182,0.966628577,-0.256162352,-0.001111289,0.002967789,stable
146990104067000,146990.103300000,0.001110974,-0.172363758,-0.039868578,0.966628137,-0.256164059,-0.001112350,0.002963490,stable
146990119734500,146990.119300000,0.001109437,-0.172363609,-0.039869267,0.966628657,-0.256162147,-0.001108775,0.002960467,stable
146990134735650,146990.134300000,0.001109425,-0.172363594,-0.039869282,0.966628664,-0.256162119,-0.001107678,0.002961010,stable
146990150222550,146990.149300000,0.001109904,-0.172364131,-0.039866999,0.966626964,-0.256168520,-0.001109519,0.002961567,stable
146990165811250,146990.165300000,0.001109514,-0.172364190,-0.039866704,0.966626765,-0.256169290,-0.001113214,0.002958365,stable
146990181694200,146990.180300000,0.001109915,-0.172364488,-0.039865408,0.966625800,-0.256172923,-0.001116489,0.002957913,stable
146990197295600,146990.196300000,0.001108366,-0.172364712,-0.039864492,0.966625133,-0.256175497,-0.001115264,0.002953608,stable
146990212805950,146990.212300000,0.001108798,-0.172364861,-0.039863825,0.966624621,-0.256177411,-0.001115415,0.002954909,stable
146990227846050,146990.227300000,0.001108677,-0.172364950,-0.039863482,0.966624371,-0.256178361,-0.001115526,0.002954463,stable
146990242854450,146990.242300000,0.001109196,-0.172365233,-0.039862227,0.966623444,-0.256181839,-0.001116524,0.002955591,stable
146990258236750,146990.257300000,0.001109183,-0.172365427,-0.039861374,0.966622803,-0.256184257,-0.001115705,0.002955982,stable
146990273869500,146990.273300000,0.001110135,-0.172365636,-0.039860468,0.966622125,-0.256186786,-0.001117850,0.002957891,stable
146990290135200,146990.289300000,0.001109749,-0.172365442,-0.039861333,0.966622765,-0.256184382,-0.001117567,0.002956808,stable
146990304983850,146990.304300000,0.001110508,-0.172365308,-0.039861891,0.966623176,-0.256182801,-0.001114973,0.002960605,stable
146990321288800,146990.320300000,0.001109403,-0.172365293,-0.039861977,0.966623244,-0.256182580,-0.001112128,0.002958579,stable
146990337309750,146990.336300000,0.001109828,-0.172364891,-0.039863691,0.966624510,-0.256177786,-0.001110659,0.002960717,stable
146990351972050,146990.351300000,0.001110370,-0.172364846,-0.039863840,0.966624621,-0.256177351,-0.001113444,0.002960974,stable
146990367653400,146990.367300000,0.001109373,-0.172364622,-0.039864879,0.966625400,-0.256174447,-0.001112766,0.002958147,stable
146990382631800,146990.382300000,0.001108978,-0.172364250,-0.039866503,0.966626610,-0.256169892,-0.001111886,0.002957354,stable
146990398690250,146990.398300000,0.001108930,-0.172364220,-0.039866626,0.966626708,-0.256169529,-0.001113419,0.002956391,stable
146990414056100,146990.413300000,0.001108210,-0.172364190,-0.039866757,0.966626819,-0.256169139,-0.001115118,0.002953190,stable
146990428988450,146990.428300000,0.001107239,-0.172364235,-0.039866600,0.966626701,-0.256169616,-0.001112737,0.002951342,stable
146990443907900,146990.443300000,0.001106435,-0.172364190,-0.039866801,0.966626856,-0.256169060,-0.001112405,0.002948951,stable
146990459806650,146990.459300000,0.001105549,-0.172364160,-0.039866999,0.966627015,-0.256168488,-0.001110491,0.002947128,stable
146990475720400,146990.475300000,0.001105034,-0.172364131,-0.039867099,0.966627090,-0.256168222,-0.001107792,0.002946909,stable
146990491194550,146990.490300000,0.001105398,-0.172363967,-0.039867826,0.966627623,-0.256166197,-0.001107342,0.002948311,stable
146990507218000,146990.506300000,0.001105342,-0.172363847,-0.039868299,0.966627979,-0.256164855,-0.001107214,0.002948202,stable
146990522737300,146990.522300000,0.001105560,-0.172364086,-0.039867278,0.966627219,-0.256167718,-0.001110069,0.002947386,stable
146990538762100,146990.538300000,0.001105730,-0.172364235,-0.039866615,0.966626729,-0.256169564,-0.001111714,0.002947061,stable
146990554288150,146990.553300000,0.001106179,-0.172364578,-0.039865140,0.966625626,-0.256173713,-0.001112869,0.002947883,stable
146990569889550,146990.569300000,0.001105991,-0.172364682,-0.039864700,0.966625306,-0.256174929,-0.001114046,0.002946658,stable
146990585921400,146990.585300000,0.001107388,-0.172364548,-0.039865226,0.966625679,-0.256173473,-0.001114733,0.002950764,stable
146990601811050,146990.601300000,0.001107576,-0.172364637,-0.039864883,0.966625426,-0.256174422,-0.001116601,0.002950378,stable
146990618302900,146990.617400000,0.001108983,-0.172364891,-0.039863694,0.966624529,-0.256177760,-0.001119358,0.002953416,stable
146990633330150,146990.632400000,0.001109113,-0.172365174,-0.039862473,0.966623628,-0.256181155,-0.001120456,0.002953248,stable
146990647854200,146990.647400000,0.001107987,-0.172365516,-0.039861035,0.966622563,-0.256185210,-0.001117590,0.002951162,stable
146990664283400,146990.663400000,0.001108180,-0.172365651,-0.039860435,0.966622128,-0.256186847,-0.001118739,0.002951172,stable
146990679280950,146990.678400000,0.001108338,-0.172365472,-0.039861251,0.966622715,-0.256184623,-0.001117471,0.002952348,stable
146990693897950,146990.693400000,0.001106688,-0.172365502,-0.039861158,0.966622670,-0.256184850,-0.001114627,0.002948576,stable
146990710031500,146990.709400000,0.001106044,-0.172365621,-0.039860632,0.966622291,-0.256186306,-0.001114924,0.002946360,stable
146990725048450,146990.724400000,0.001105634,-0.172365680,-0.039860424,0.966622128,-0.256186936,-0.001116425,0.002944253,stable
146990741107800,146990.740400000,0.001106441,-0.172365755,-0.039860073,0.966621865,-0.256187897,-0.001115998,0.002947062,stable
146990756643900,146990.756400000,0.001105359,-0.172365576,-0.039860841,0.966622445,-0.256185749,-0.001114227,0.002944539,stable
146990772094100,146990.771400000,0.001106119,-0.172365442,-0.039861433,0.966622872,-0.256184111,-0.001115586,0.002946252,stable
146990787693100,146990.787400000,0.001105767,-0.172365308,-0.039861992,0.966623294,-0.256182532,-0.001117098,0.002944325,stable
146990803753300,146990.803400000,0.001106570,-0.172365189,-0.039862506,0.966623676,-0.256181064,-0.001117372,0.002946748,stable
146990819160300,146990.818400000,0.001105212,-0.172365248,-0.039862264,0.966623497,-0.256181780,-0.001113418,0.002944500,stable
146990835182300,146990.834400000,0.001104913,-0.172365054,-0.039863113,0.966624130,-0.256179403,-0.001112043,0.002944269,stable
146990851332650,146990.850400000,0.001105392,-0.172365561,-0.039860927,0.966622500,-0.256185539,-0.001113672,0.002944939,stable
146990865847550,146990.865400000,0.001104657,-0.172365695,-0.039860353,0.966622088,-0.256187118,-0.001112297,0.002943312,stable
146990882006500,146990.881400000,0.001104124,-0.172366008,-0.039859001,0.966621073,-0.256190962,-0.001109333,0.002943177,stable
146990897068600,146990.896500000,0.001102249,-0.172366217,-0.039858144,0.966620459,-0.256193343,-0.001107295,0.002938256,stable
146990912693950,146990.912500000,0.001101544,-0.172366664,-0.039856263,0.966619066,-0.256198627,-0.001108114,0.002935570,stable
146990929350150,146990.928500000,0.001100869,-0.172367021,-0.039854750,0.966617953,-0.256202850,-0.001107499,0.002933734,stable
146990943952050,146990.943500000,0.001101203,-0.172367394,-0.039853141,0.966616757,-0.256207349,-0.001107531,0.002934781,stable
146990959608950,146990.959500000,0.001101237,-0.172367349,-0.039853279,0.966616849,-0.256207000,-0.001106072,0.002935663,stable
146990974690300,146990.974500000,0.001100285,-0.172367156,-0.039854135,0.966617491,-0.256204612,-0.001107659,0.002931782,stable
146990990024200,146990.989500000,0.001099126,-0.172367409,-0.039853130,0.966616769,-0.256207382,-0.001108613,0.002927572,stable
146991005216950,146991.004500000,0.001098968,-0.172367543,-0.039852504,0.966616304,-0.256209142,-0.001108923,0.002926900,stable
146991020719500,146991.020500000,0.001099051,-0.172367781,-0.039851487,0.966615544,-0.256212006,-0.001108508,0.002927384,stable
146991036768350,146991.036500000,0.001099327,-0.172367752,-0.039851639,0.966615661,-0.256211559,-0.001111464,0.002926704,stable
146991052149000,146991.051500000,0.001100178,-0.172367752,-0.039851621,0.966615638,-0.256211614,-0.001111493,0.002929410,stable
146991067769850,146991.067500000,0.001100189,-0.172367647,-0.039852023,0.966615929,-0.256210510,-0.001107775,0.002931412,stable
146991082776750,146991.082500000,0.001100689,-0.172367647,-0.039852001,0.966615909,-0.256210564,-0.001106961,0.002933438,stable
146991098795000,146991.098500000,0.001100795,-0.172367886,-0.039851006,0.966615164,-0.256213373,-0.001106757,0.002933886,stable
146991114164950,146991.113500000,0.001099857,-0.172367617,-0.039852183,0.966616049,-0.256210063,-0.001104759,0.002931943,stable
146991130166700,146991.129400000,0.001099297,-0.172367871,-0.039851099,0.966615259,-0.256213069,-0.001106397,0.002929286,stable
146991145761100,146991.145400000,0.001099061,-0.172367722,-0.039851725,0.966615717,-0.256211349,-0.001107791,0.002927797,stable
146991161328600,146991.160400000,0.001099307,-0.172367796,-0.039851416,0.966615485,-0.256212215,-0.001107335,0.002928822,stable
146991177322950,146991.176400000,0.001098414,-0.172367588,-0.039852362,0.966616196,-0.256209562,-0.001104026,0.002927718,stable
146991192777950,146991.192400000,0.001099232,-0.172367513,-0.039852642,0.966616404,-0.256208751,-0.001106638,0.002928953,stable
146991209312750,146991.208400000,0.001098000,-0.172367692,-0.039851893,0.966615856,-0.256210864,-0.001107173,0.002924730,stable
146991223819100,146991.223400000,0.001097537,-0.172367424,-0.039853051,0.966616711,-0.256207649,-0.001103771,0.002925050,stable
146991239818800,146991.239400000,0.001098679,-0.172367617,-0.039852183,0.966616051,-0.256210093,-0.001102070,0.002929601,stable
146991256285800,146991.255400000,0.001099487,-0.172367886,-0.039851028,0.966615200,-0.256213278,-0.001102649,0.002931876,stable
146991270941450,146991.270400000,0.001099510,-0.172367990,-0.039850581,0.966614859,-0.256214562,-0.001103124,0.002931698,stable
146991286829500,146991.286400000,0.001098492,-0.172367826,-0.039851312,0.966615413,-0.256212510,-0.001101858,0.002929113,stable
146991302809250,146991.301400000,0.001097650,-0.172368094,-0.039850209,0.966614590,-0.256215642,-0.001100796,0.002926981,stable
146991317342400,146991.316400000,0.001097361,-0.172368154,-0.039849918,0.966614379,-0.256216440,-0.001096526,0.002928313,stable
146991334354800,146991.333400000,0.001098194,-0.172368452,-0.039848585,0.966613376,-0.256220198,-0.001097111,0.002930667,stable
146991349097300,146991.348400000,0.001098934,-0.172368258,-0.039849430,0.966613999,-0.256217819,-0.001096528,0.002933340,stable
146991365302100,146991.364400000,0.001098501,-0.172368556,-0.039848160,0.966613064,-0.256221357,-0.001093707,0.002933447,stable
146991381323600,146991.380400000,0.001097354,-0.172368720,-0.039847512,0.966612586,-0.256223204,-0.001094546,0.002929336,stable
146991396039750,146991.395400000,0.001096255,-0.172368705,-0.039847579,0.966612651,-0.256222997,-0.001095238,0.002925457,stable
146991411670850,146991.411400000,0.001095517,-0.172368854,-0.039846919,0.966612159,-0.256224884,-0.001097672,0.002921810,stable
146991427744700,146991.427400000,0.001095199,-0.172368973,-0.039846446,0.966611818,-0.256226184,-0.001098852,0.002920169,stable
146991444028450,146991.443400000,0.001094816,-0.172369227,-0.039845370,0.966611032,-0.256229163,-0.001097781,0.002919508,stable
146991459705700,146991.459400000,0.001095645,-0.172369391,-0.039844606,0.966610447,-0.256231340,-0.001097961,0.002922065,stable
146991474680000,146991.474400000,0.001096625,-0.172369495,-0.039844122,0.966610083,-0.256232679,-0.001099040,0.002924624,stable
146991490159350,146991.489400000,0.001096683,-0.172369674,-0.039843369,0.966609527,-0.256234776,-0.001099550,0.002924539,stable
146991505257200,146991.504400000,0.001096878,-0.172369584,-0.039843738,0.966609794,-0.256233757,-0.001096607,0.002926720,stable
146991520736100,146991.520400000,0.001096454,-0.172369793,-0.039842892,0.966609157,-0.256236174,-0.001095166,0.002926123,stable
146991535798450,146991.535400000,0.001095267,-0.172369763,-0.039843019,0.966609264,-0.256235813,-0.001095781,0.002922006,stable
146991550953850,146991.550400000,0.001095239,-0.172369808,-0.039842859,0.966609145,-0.256236260,-0.001093910,0.002922905,stable
146991567197450,146991.566400000,0.001096138,-0.172370285,-0.039840769,0.966607589,-0.256242099,-0.001095616,0.002924875,stable
146991582532450,146991.582400000,0.001096469,-0.172370523,-0.039839707,0.966606794,-0.256245090,-0.001097238,0.002925074,stable
146991597635500,146991.597400000,0.001095884,-0.172370449,-0.039840017,0.966607039,-0.256244184,-0.001094704,0.002924542,stable
146991613109800,146991.612400000,0.001096259,-0.172370568,-0.039839529,0.966606670,-0.256245566,-0.001097139,0.002924454,stable
146991628036700,146991.627400000,0.001096698,-0.172370613,-0.039839327,0.966606519,-0.256246124,-0.001100756,0.002923944,stable
146991644081500,146991.643400000,0.001097024,-0.172370479,-0.039839894,0.966606942,-0.256244516,-0.001100960,0.002924879,stable
146991658879450,146991.658400000,0.001096493,-0.172370479,-0.039839894,0.966606948,-0.256244517,-0.001101729,0.002922776,stable
146991674872450,146991.674400000,0.001095807,-0.172370568,-0.039839499,0.966606654,-0.256245651,-0.001102201,0.002920332,stable
146991690345400,146991.689400000,0.001096721,-0.172370628,-0.039839268,0.966606472,-0.256246306,-0.001102591,0.002923048,stable
146991705786450,146991.705400000,0.001095948,-0.172370687,-0.039839037,0.966606311,-0.256246936,-0.001101218,0.002921303,stable
146991722350700,146991.721400000,0.001096081,-0.172370583,-0.039839454,0.966606619,-0.256245777,-0.001104329,0.002920084,stable
146991737283150,146991.736400000,0.001097656,-0.172370881,-0.039838143,0.966605644,-0.256249407,-0.001109822,0.002922213,stable
146991752952550,146991.752400000,0.001097799,-0.172370970,-0.039837718,0.966605327,-0.256250596,-0.001109092,0.002923055,stable
146991769311550,146991.768400000,0.001098141,-0.172371060,-0.039837323,0.966605024,-0.256251727,-0.001109702,0.002923827,stable
146991784612050,146991.784400000,0.001097622,-0.172371417,-0.039835826,0.966603914,-0.256255933,-0.001108954,0.002922561,stable
146991800034350,146991.799400000,0.001097310,-0.172371015,-0.039837558,0.966605205,-0.256251072,-0.001108958,0.002921562,stable
146991816336950,146991.815400000,0.001096783,-0.172370940,-0.039837867,0.966605439,-0.256250206,-0.001108010,0.002920380,stable
146991832300700,146991.831400000,0.001097256,-0.172371030,-0.039837517,0.966605184,-0.256251156,-0.001109497,0.002921105,stable
146991846998600,146991.846400000,0.001098280,-0.172371268,-0.039836425,0.966604368,-0.256254200,-0.001111402,0.002923369,stable
146991862679700,146991.862400000,0.001098299,-0.172371358,-0.039836030,0.966604067,-0.256255332,-0.001111164,0.002923556,stable
146991878726200,146991.878400000,0.001098722,-0.172371268,-0.039836433,0.966604372,-0.256254172,-0.001114029,0.002923395,stable
146991894262500,146991.893400000,0.001098883,-0.172371507,-0.039835412,0.966603612,-0.256257035,-0.001115985,0.002922874,stable
146991909793450,146991.909400000,0.001097840,-0.172371730,-0.039834410,0.966602859,-0.256259902,-0.001108359,0.002923569,stable
146991925816100,146991.925400000,0.001097609,-0.172371700,-0.039834600,0.966603006,-0.256259357,-0.001109254,0.002922360,stable
146991940751200,146991.940400000,0.001096415,-0.172371626,-0.039834943,0.966603268,-0.256258409,-0.001107166,0.002919648,stable
146991956243300,146991.955400000,0.001096895,-0.172371402,-0.039835919,0.966603981,-0.256255697,-0.001104779,0.002922444,stable
146991971878300,146991.971400000,0.001097049,-0.172371492,-0.039835483,0.966603658,-0.256256912,-0.001104484,0.002923093,stable
146991987776800,146991.987400000,0.001096585,-0.172371283,-0.039836444,0.966604380,-0.256254202,-0.001103377,0.002922194,stable
146992004315250,146992.003400000,0.001096740,-0.172371417,-0.039835829,0.966603920,-0.256255935,-0.001106505,0.002921035,stable
146992018890850,146992.018400000,0.001095270,-0.172371522,-0.039835412,0.966603629,-0.256257085,-0.001105128,0.002917065,stable
146992034937650,146992.034400000,0.001094486,-0.172371745,-0.039834496,0.966602955,-0.256259657,-0.001105022,0.002914612,stable
146992051344200,146992.050400000,0.001093985,-0.172371715,-0.039834607,0.966603037,-0.256259365,-0.001104069,0.002913515,stable
146992065933900,146992.065400000,0.001092834,-0.172371730,-0.039834555,0.966603002,-0.256259535,-0.001102695,0.002910562,stable
146992081858700,146992.081400000,0.001092541,-0.172371805,-0.039834268,0.966602809,-0.256260278,-0.001104467,0.002908688,stable
146992097051800,146992.096400000,0.001092443,-0.172371939,-0.039833661,0.966602351,-0.256262009,-0.001104350,0.002908434,stable
146992112672500,146992.112400000,0.001091669,-0.172372371,-0.039831828,0.966600998,-0.256267140,-0.001104972,0.002905630,stable
146992128709450,146992.128400000,0.001090782,-0.172372788,-0.039830059,0.966599686,-0.256272117,-0.001103297,0.002903677,stable
146992144007450,146992.143400000,0.001090846,-0.172372833,-0.039829861,0.966599545,-0.256272648,-0.001104249,0.002903381,stable
146992159707300,146992.159400000,0.001090723,-0.172372848,-0.039829817,0.966599505,-0.256272802,-0.001103729,0.002903261,stable
146992175358150,146992.174400000,0.001090978,-0.172372594,-0.039830875,0.966600295,-0.256269812,-0.001102785,0.002904576,stable
146992190085550,146992.189400000,0.001089801,-0.172372550,-0.039831117,0.966600487,-0.256269128,-0.001100661,0.002901937,stable
146992205644400,146992.205400000,0.001090301,-0.172372803,-0.039830010,0.966599648,-0.256272272,-0.001098351,0.002904754,stable
146992221044650,146992.220400000,0.001090263,-0.172372982,-0.039829236,0.966599074,-0.256274437,-0.001098105,0.002904761,stable
146992236933100,146992.236400000,0.001090376,-0.172372833,-0.039829895,0.966599552,-0.256272620,-0.001093593,0.002907510,stable
146992252727150,146992.252400000,0.001089746,-0.172372982,-0.039829243,0.966599076,-0.256274438,-0.001093502,0.002905542,stable
146992267986800,146992.267500000,0.001089051,-0.172372878,-0.039829724,0.966599438,-0.256273098,-0.001092867,0.002903659,stable
146992283083900,146992.282500000,0.001089251,-0.172372997,-0.039829202,0.966599050,-0.256274552,-0.001092340,0.002904574,stable
146992297782200,146992.297500000,0.001089382,-0.172372788,-0.039830089,0.966599701,-0.256272091,-0.001091533,0.002905421,stable
146992313307700,146992.312500000,0.001089844,-0.172373131,-0.039828621,0.966598607,-0.256276198,-0.001090554,0.002907412,stable
146992328278900,146992.327500000,0.001091035,-0.172373354,-0.039827608,0.966597854,-0.256279005,-0.001095456,0.002908630,stable
146992343821850,146992.343500000,0.001091053,-0.172373489,-0.039827049,0.966597434,-0.256280584,-0.001093054,0.002909954,stable
146992359355450,146992.358500000,0.001091305,-0.172373548,-0.039826777,0.966597229,-0.256281352,-0.001095818,0.002909298,stable
146992374352800,146992.373500000,0.001091954,-0.172373712,-0.039826006,0.966596653,-0.256283503,-0.001096890,0.002910805,stable
146992389783400,146992.389500000,0.001091176,-0.172373608,-0.039826524,0.966597049,-0.256282037,-0.001095742,0.002908928,stable
146992405297700,146992.404500000,0.001090687,-0.172373965,-0.039824992,0.966595915,-0.256286328,-0.001094589,0.002907969,stable
146992420903900,146992.420500000,0.001090558,-0.172374234,-0.039823778,0.966595016,-0.256289725,-0.001094771,0.002907460,stable
146992436917900,146992.436500000,0.001090070,-0.172374472,-0.039822780,0.966594276,-0.256292535,-0.001096486,0.002904991,stable
146992452113350,146992.451500000,0.001090080,-0.172374323,-0.039823424,0.966594753,-0.256290733,-0.001093887,0.002906401,stable
146992467784250,146992.467500000,0.001091499,-0.172374219,-0.039823838,0.966595045,-0.256289583,-0.001095705,0.002909975,stable
146992482855900,146992.482500000,0.001091481,-0.172373876,-0.039825357,0.966596175,-0.256285321,-0.001095253,0.002910158,stable
146992497849800,146992.497500000,0.001090925,-0.172374010,-0.039824743,0.966595724,-0.256287042,-0.001095122,0.002908451,stable
146992513259750,146992.512500000,0.001089890,-0.172374070,-0.039824512,0.966595559,-0.256287700,-0.001094154,0.002905653,stable
146992529314950,146992.528500000,0.001089667,-0.172374040,-0.039824683,0.966595687,-0.256287225,-0.001093838,0.002905108,stable
146992544864350,146992.544500000,0.001089540,-0.172374189,-0.039824039,0.966595207,-0.256289042,-0.001094556,0.002904320,stable
146992560372250,146992.559500000,0.001090326,-0.172374085,-0.039824486,0.966595540,-0.256287756,-0.001093370,0.002907461,stable
146992575860850,146992.575500000,0.001089363,-0.172374085,-0.039824478,0.966595541,-0.256287786,-0.001093612,0.002904255,stable
146992591763950,146992.591500000,0.001088502,-0.172374293,-0.039823622,0.966594915,-0.256290177,-0.001093315,0.002901657,stable
146992607163350,146992.606500000,0.001086415,-0.172374085,-0.039824545,0.966595615,-0.256287611,-0.001092638,0.002895344,stable
146992622756400,146992.622500000,0.001086031,-0.172374353,-0.039823398,0.966594759,-0.256290854,-0.001092632,0.002894120,stable
146992638770700,146992.638500000,0.001085942,-0.172374234,-0.039823946,0.966595179,-0.256289275,-0.001094337,0.002892934,stable
146992654280300,146992.653500000,0.001085097,-0.172374293,-0.039823696,0.966594997,-0.256289989,-0.001090935,0.002892029,stable
146992669798300,146992.669500000,0.001085077,-0.172374353,-0.039823461,0.966594823,-0.256290646,-0.001091383,0.002891729,stable
146992684731450,146992.684500000,0.001085700,-0.172374591,-0.039822370,0.966594002,-0.256293718,-0.001090652,0.002894106,stable
146992699883900,146992.699500000,0.001086386,-0.172374442,-0.039823044,0.966594504,-0.256291803,-0.001092641,0.002895249,stable
146992715152300,146992.714500000,0.001086329,-0.172374412,-0.039823182,0.966594605,-0.256291425,-0.001091979,0.002895417,stable
146992731096350,146992.730500000,0.001086643,-0.172374859,-0.039821193,0.966593116,-0.256297028,-0.001092911,0.002895927,stable
146992746717500,146992.746500000,0.001084983,-0.172374994,-0.039820645,0.966592729,-0.256298542,-0.001089325,0.002892515,stable
146992762255750,146992.761500000,0.001085476,-0.172374994,-0.039820630,0.966592718,-0.256298569,-0.001090221,0.002893616,stable
146992778267900,146992.777500000,0.001084682,-0.172375038,-0.039820515,0.966592628,-0.256298934,-0.001089733,0.002891335,stable
146992793762000,146992.793500000,0.001085522,-0.172374770,-0.039821614,0.966593441,-0.256295843,-0.001092911,0.002892342,stable
146992809201600,146992.808500000,0.001085804,-0.172374845,-0.039821267,0.966593180,-0.256296821,-0.001094062,0.002892636,stable
146992825229300,146992.824500000,0.001085758,-0.172374830,-0.039821334,0.966593243,-0.256296583,-0.001093815,0.002892619,stable
146992840235950,146992.839500000,0.001086388,-0.172374874,-0.039821140,0.966593090,-0.256297142,-0.001096346,0.002893294,stable
146992855945150,146992.855500000,0.001085863,-0.172374725,-0.039821800,0.966593584,-0.256295299,-0.001095599,0.002892012,stable
146992871689700,146992.871500000,0.001086907,-0.172374755,-0.039821666,0.966593479,-0.256295658,-0.001096695,0.002894770,stable
146992886684400,146992.886500000,0.001086327,-0.172374800,-0.039821502,0.966593365,-0.256296107,-0.001097184,0.002892657,stable
146992902760600,146992.902500000,0.001086010,-0.172375172,-0.039819852,0.966592137,-0.256300748,-0.001095713,0.002892418,stable
146992918075400,146992.917500000,0.001087331,-0.172375411,-0.039818816,0.966591361,-0.256303637,-0.001100618,0.002894046,stable
146992933104350,146992.932500000,0.001086293,-0.172375470,-0.039818563,0.966591180,-0.256304354,-0.001099076,0.002891543,stable
146992948782950,146992.948500000,0.001085785,-0.172375351,-0.039819129,0.966591603,-0.256302776,-0.001097367,0.002890826,stable
146992964181050,146992.963500000,0.001086941,-0.172375277,-0.039819382,0.966591789,-0.256302032,-0.001097351,0.002894528,stable
146992979224750,146992.978500000,0.001086669,-0.172375306,-0.039819289,0.966591713,-0.256302326,-0.001096090,0.002894326,stable
146992994261400,146992.993500000,0.001085776,-0.172375470,-0.039818574,0.966591192,-0.256304327,-0.001097903,0.002890512,stable
146993009789650,146993.009500000,0.001085779,-0.172375783,-0.039817255,0.966590201,-0.256308057,-0.001095521,0.002891778,stable
146993025791900,146993.025500000,0.001085831,-0.172376066,-0.039815996,0.966589271,-0.256311565,-0.001096007,0.002891687,stable
146993040842000,146993.040500000,0.001085537,-0.172375903,-0.039816696,0.966589786,-0.256309636,-0.001097844,0.002889778,stable
146993056315850,146993.055500000,0.001086195,-0.172376111,-0.039815802,0.966589132,-0.256312081,-0.001098407,0.002891581,stable
146993071827350,146993.071500000,0.001084691,-0.172376096,-0.039815906,0.966589226,-0.256311778,-0.001098609,0.002886668,stable
146993086764600,146993.086500000,0.001086005,-0.172376111,-0.039815839,0.966589160,-0.256311985,-0.001101330,0.002889430,stable
146993102835800,146993.102500000,0.001085990,-0.172376141,-0.039815679,0.966589042,-0.256312432,-0.001102445,0.002888793,stable
146993118206300,146993.117500000,0.001088112,-0.172376156,-0.039815564,0.966588935,-0.256312762,-0.001104377,0.002894553,stable
146993134367350,146993.133500000,0.001088144,-0.172376201,-0.039815359,0.966588783,-0.256313335,-0.001103515,0.002895114,stable
146993148859400,146993.148500000,0.001088660,-0.172376230,-0.039815202,0.966588660,-0.256313781,-0.001103693,0.002896666,stable
146993164273950,146993.163400000,0.001088101,-0.172376320,-0.039814841,0.966588397,-0.256314789,-0.001101569,0.002896001,stable
146993180279150,146993.179400000,0.001087469,-0.172376037,-0.039816082,0.966589328,-0.256311296,-0.001099612,0.002895016,stable
146993195837500,146993.194400000,0.001086702,-0.172376037,-0.039816126,0.966589365,-0.256311185,-0.001099664,0.002892538,stable
146993210788500,146993.210400000,0.001086696,-0.172376007,-0.039816253,0.966589461,-0.256310823,-0.001100487,0.002892084,stable
146993226724600,146993.226400000,0.001086264,-0.172375858,-0.039816923,0.966589954,-0.256308978,-0.001099084,0.002891447,stable
146993241731200,146993.241400000,0.001085420,-0.172375843,-0.039816979,0.966590009,-0.256308798,-0.001097933,0.002889355,stable
146993257243950,146993.256400000,0.001084586,-0.172375664,-0.039817806,0.966590632,-0.256306481,-0.001098758,0.002886254,stable
146993272713600,146993.272400000,0.001084558,-0.172375649,-0.039817873,0.966590689,-0.256306271,-0.001100517,0.002885235,stable
146993288769650,146993.288400000,0.001083494,-0.172375813,-0.039817158,0.966590163,-0.256308287,-0.001098030,0.002883148,stable
146993304338250,146993.303400000,0.001083443,-0.172375962,-0.039816540,0.966589705,-0.256310018,-0.001098237,0.002882877,stable
146993318849250,146993.318400000,0.001084247,-0.172375917,-0.039816678,0.966589790,-0.256309667,-0.001098722,0.002885188,stable
146993334975900,146993.334400000,0.001083126,-0.172376096,-0.039815933,0.966589247,-0.256311752,-0.001095191,0.002883471,stable
146993350074350,146993.349400000,0.001082704,-0.172376022,-0.039816268,0.966589494,-0.256310830,-0.001091837,0.002883896,stable
146993366327050,146993.365400000,0.001082248,-0.172376126,-0.039815851,0.966589191,-0.256311991,-0.001093070,0.002881786,stable
146993380641400,146993.380400000,0.001081994,-0.172376275,-0.039815228,0.966588726,-0.256313753,-0.001092845,0.002881091,stable
146993396636250,146993.396400000,0.001083344,-0.172376379,-0.039814711,0.966588343,-0.256315147,-0.001092843,0.002885407,stable
146993412175950,146993.411400000,0.001083408,-0.172376588,-0.039813828,0.966587679,-0.256317650,-0.001093520,0.002885253,stable
146993428033400,146993.427400000,0.001082897,-0.172376901,-0.039812472,0.966586672,-0.256321466,-0.001093159,0.002883807,stable
146993444163300,146993.443400000,0.001083504,-0.172376990,-0.039812066,0.966586366,-0.256322596,-0.001093042,0.002885811,stable
146993459208300,146993.458400000,0.001084097,-0.172376871,-0.039812583,0.966586747,-0.256321140,-0.001092727,0.002887875,stable
146993474163000,146993.473400000,0.001085029,-0.172376901,-0.039812442,0.966586628,-0.256321558,-0.001093745,0.002890316,stable
146993490881350,146993.490400000,0.001084686,-0.172377124,-0.039811436,0.966585889,-0.256324355,-0.001093455,0.002889370,stable
146993506233600,146993.505400000,0.001084456,-0.172377020,-0.039811891,0.966586232,-0.256323069,-0.001093540,0.002888589,stable
146993521732050,146993.521400000,0.001084913,-0.172377184,-0.039811205,0.966585713,-0.256325011,-0.001093430,0.002890110,stable
146993536773400,146993.536400000,0.001084138,-0.172377259,-0.039810877,0.966585483,-0.256325905,-0.001092527,0.002888108,stable
146993552154950,146993.551400000,0.001084182,-0.172377259,-0.039810870,0.966585474,-0.256325935,-0.001090558,0.002889288,stable
146993567747750,146993.567400000,0.001084219,-0.172377244,-0.039810974,0.966585545,-0.256325668,-0.001091462,0.002888928,stable
146993583736450,146993.583400000,0.001084135,-0.172377110,-0.039811514,0.966585941,-0.256324174,-0.001090769,0.002889028,stable
146993598729100,146993.598400000,0.001084750,-0.172377169,-0.039811257,0.966585761,-0.256324829,-0.001089727,0.002891544,stable
146993614329100,146993.613400000,0.001084586,-0.172377244,-0.039810967,0.966585532,-0.256325696,-0.001088503,0.002891667,stable
146993630369150,146993.629500000,0.001083966,-0.172377527,-0.039809767,0.966584636,-0.256329093,-0.001085590,0.002891224,stable
146993645862450,146993.645500000,0.001085260,-0.172377512,-0.039809793,0.966584647,-0.256329006,-0.001087154,0.002894533,stable
146993661417550,146993.660500000,0.001085232,-0.172377571,-0.039809484,0.966584418,-0.256329871,-0.001087270,0.002894382,stable
146993676400150,146993.675500000,0.001084586,-0.172377691,-0.039809037,0.966584100,-0.256331090,-0.001085073,0.002893477,stable
146993691855800,146993.691500000,0.001084991,-0.172377557,-0.039809592,0.966584497,-0.256329579,-0.001085715,0.002894432,stable
146993707298700,146993.706500000,0.001084276,-0.172377571,-0.039809525,0.966584466,-0.256329721,-0.001084183,0.002892958,stable
146993722822750,146993.722500000,0.001083208,-0.172377735,-0.039808832,0.966583952,-0.256331692,-0.001081433,0.002890995,stable
146993738947850,146993.738500000,0.001083224,-0.172377944,-0.039807975,0.966583303,-0.256334138,-0.001079967,0.002891821,stable
146993754004100,146993.753500000,0.001083098,-0.172377929,-0.039808024,0.966583345,-0.256333984,-0.001081219,0.002890757,stable
146993770408550,146993.769500000,0.001083460,-0.172377944,-0.039807945,0.966583286,-0.256334193,-0.001080677,0.002892201,stable
146993784797000,146993.784500000,0.001084597,-0.172377929,-0.039807983,0.966583299,-0.256334107,-0.001082924,0.002894648,stable
146993800212050,146993.799500000,0.001085050,-0.172377989,-0.039807685,0.966583091,-0.256334876,-0.001082392,0.002896376,stable
146993815757200,146993.815500000,0.001086397,-0.172377840,-0.039808292,0.966583520,-0.256333208,-0.001083356,0.002900172,stable
146993831766100,146993.831500000,0.001086638,-0.172377959,-0.039807778,0.966583135,-0.256334647,-0.001080743,0.002902324,stable
146993847265550,146993.846500000,0.001087244,-0.172378138,-0.039807003,0.966582564,-0.256336784,-0.001083996,0.002902541,stable
146993862831200,146993.862500000,0.001087549,-0.172378063,-0.039807335,0.966582806,-0.256335861,-0.001084722,0.002903132,stable
146993877833350,146993.877500000,0.001086627,-0.172378033,-0.039807461,0.966582903,-0.256335529,-0.001083515,0.002900821,stable
146993893822100,146993.893500000,0.001087800,-0.172377840,-0.039808266,0.966583490,-0.256333276,-0.001085601,0.002903469,stable
146993909357150,146993.908500000,0.001087613,-0.172377795,-0.039808471,0.966583643,-0.256332703,-0.001084229,0.002903598,stable
146993924337050,146993.923500000,0.001088169,-0.172377750,-0.039808657,0.966583774,-0.256332185,-0.001081992,0.002906559,stable
146993940326250,146993.939500000,0.001088117,-0.172377676,-0.039808974,0.966584009,-0.256331304,-0.001084434,0.002905102,stable
146993955894000,146993.955500000,0.001086328,-0.172377661,-0.039809071,0.966584098,-0.256331030,-0.001081507,0.002900929,stable
146993971417300,146993.970500000,0.001085526,-0.172378018,-0.039807554,0.966582974,-0.256335294,-0.001079956,0.002899183,stable
146993987432950,146993.986500000,0.001086883,-0.172378153,-0.039806928,0.966582495,-0.256337051,-0.001079936,0.002903530,stable
146994002722700,146994.002500000,0.001085370,-0.172378153,-0.039806973,0.966582541,-0.256336927,-0.001076959,0.002900269,stable
146994018138600,146994.017500000,0.001084638,-0.172378346,-0.039806161,0.966581946,-0.256339194,-0.001074787,0.002899077,stable
146994033193950,146994.032500000,0.001084904,-0.172378615,-0.039805029,0.966581106,-0.256342351,-0.001075713,0.002899436,stable
146994048825500,146994.048500000,0.001084283,-0.172378615,-0.039805032,0.966581111,-0.256342353,-0.001073745,0.002898490,stable
146994064232550,146994.063500000,0.001083072,-0.172378913,-0.039803769,0.966580172,-0.256345931,-0.001070212,0.002896485,stable
146994079325750,146994.078500000,0.001083932,-0.172378853,-0.039803978,0.966580323,-0.256345329,-0.001070157,0.002899264,stable
146994094920100,146994.094500000,0.001084483,-0.172379047,-0.039803158,0.966579707,-0.256347633,-0.001069812,0.002901206,stable
146994111385000,146994.110500000,0.001084844,-0.172379121,-0.039802790,0.966579429,-0.256348667,-0.001069143,0.002902714,stable
146994126362300,146994.125500000,0.001085257,-0.172379166,-0.039802592,0.966579273,-0.256349240,-0.001069536,0.002903824,stable
146994141413250,146994.140500000,0.001085626,-0.172379434,-0.039801456,0.966578432,-0.256352397,-0.001070012,0.002904752,stable
146994156924900,146994.156500000,0.001085682,-0.172379673,-0.039800379,0.966577624,-0.256355442,-0.001069023,0.002905453,stable
146994172379700,146994.171500000,0.001084631,-0.172379807,-0.039799877,0.966577262,-0.256356842,-0.001068449,0.002902393,stable
146994188324250,146994.187400000,0.001085542,-0.172379836,-0.039799664,0.966577096,-0.256357441,-0.001071179,0.002903865,stable
146994204341500,146994.203400000,0.001085844,-0.172379673,-0.039800361,0.966577616,-0.256355470,-0.001071047,0.002904901,stable
146994219018800,146994.218400000,0.001085516,-0.172379866,-0.039799593,0.966577043,-0.256357637,-0.001069451,0.002904692,stable
146994235884650,146994.234400000,0.001084609,-0.172380000,-0.039799005,0.966576614,-0.256359287,-0.001069475,0.002901781,stable
146994251393800,146994.250400000,0.001085376,-0.172380149,-0.039798316,0.966576104,-0.256361186,-0.001071159,0.002903340,stable
146994266080750,146994.265400000,0.001085132,-0.172380045,-0.039798770,0.966576436,-0.256359943,-0.001071295,0.002902492,stable
146994282092900,146994.281400000,0.001086383,-0.172379792,-0.039799891,0.966577264,-0.256356782,-0.001073008,0.002905586,stable
146994297049250,146994.296400000,0.001087380,-0.172379583,-0.039800748,0.966577896,-0.256354362,-0.001073038,0.002908758,stable
146994313357600,146994.312400000,0.001089147,-0.172379702,-0.039800171,0.966577456,-0.256355967,-0.001078384,0.002911580,stable
146994328792250,146994.328400000,0.001086652,-0.172379658,-0.039800432,0.966577666,-0.256355260,-0.001076156,0.002904783,stable
146994344092250,146994.343400000,0.001086532,-0.172379881,-0.039799485,0.966576963,-0.256357914,-0.001076375,0.002904284,stable
146994359759300,146994.359400000,0.001086574,-0.172379896,-0.039799374,0.966576886,-0.256358209,-0.001079150,0.002902950,stable
146994375391800,146994.374400000,0.001087846,-0.172379881,-0.039799452,0.966576931,-0.256357997,-0.001081348,0.002905854,stable
146994390778400,146994.390400000,0.001087411,-0.172379792,-0.039799809,0.966577202,-0.256356990,-0.001080164,0.002905089,stable
146994406764500,146994.406400000,0.001088662,-0.172379985,-0.039798949,0.966576557,-0.256359377,-0.001080245,0.002909046,stable
146994422276350,146994.421400000,0.001088009,-0.172379896,-0.039799366,0.966576863,-0.256358247,-0.001079920,0.002907129,stable
146994438239800,146994.437400000,0.001088558,-0.172380000,-0.039798908,0.966576509,-0.256359559,-0.001080200,0.002908736,stable
146994454362000,146994.453400000,0.001088594,-0.172379911,-0.039799292,0.966576805,-0.256358442,-0.001079255,0.002909352,stable
146994469033000,146994.468400000,0.001087863,-0.172379836,-0.039799631,0.966577056,-0.256357520,-0.001078031,0.002907660,stable
146994484086250,146994.483400000,0.001088209,-0.172379971,-0.039799064,0.966576642,-0.256359072,-0.001080019,0.002907716,stable
146994499720100,146994.499400000,0.001088281,-0.172379971,-0.039799053,0.966576634,-0.256359100,-0.001079702,0.002908114,stable
146994515270900,146994.514400000,0.001088029,-0.172380075,-0.039798610,0.966576310,-0.256360329,-0.001078385,0.002908003,stable
146994530983500,146994.530400000,0.001087902,-0.172380254,-0.039797824,0.966575710,-0.256362593,-0.001077509,0.002908059,stable
146994547286100,146994.546400000,0.001088519,-0.172380492,-0.039796740,0.966574907,-0.256365597,-0.001077785,0.002909886,stable
146994562843550,146994.561400000,0.001088655,-0.172380805,-0.039795432,0.966573936,-0.256369258,-0.001080412,0.002908930,stable
146994576969200,146994.576400000,0.001088581,-0.172380790,-0.039795492,0.966573982,-0.256369092,-0.001081119,0.002908320,stable
146994592687200,146994.592400000,0.001088994,-0.172380850,-0.039795183,0.966573749,-0.256369955,-0.001081942,0.002909204,stable
146994607966650,146994.607400000,0.001087784,-0.172381029,-0.039794441,0.966573207,-0.256372042,-0.001081987,0.002905310,stable
146994624385350,146994.623400000,0.001088045,-0.172380924,-0.039794896,0.966573546,-0.256370756,-0.001081790,0.002906250,stable
146994638696000,146994.638400000,0.001088567,-0.172380909,-0.039794952,0.966573578,-0.256370613,-0.001080666,0.002908512,stable
146994654115450,146994.653400000,0.001088653,-0.172381014,-0.039794534,0.966573271,-0.256371775,-0.001084305,0.002906864,stable
146994670365350,146994.669400000,0.001088949,-0.172381118,-0.039794035,0.966572889,-0.256373199,-0.001081621,0.002909230,stable
146994685745300,146994.685400000,0.001088607,-0.172381341,-0.039793070,0.966572188,-0.256375855,-0.001083431,0.002907178,stable
146994701215000,146994.700400000,0.001089280,-0.172381386,-0.039792869,0.966572024,-0.256376453,-0.001085649,0.002908156,stable
146994716757000,146994.716400000,0.001088958,-0.172381446,-0.039792616,0.966571837,-0.256377166,-0.001082680,0.002908695,stable
146994732737650,146994.732400000,0.001088672,-0.172381192,-0.039793726,0.966572670,-0.256374037,-0.001082987,0.002907619,stable
146994747955550,146994.747400000,0.001088457,-0.172381207,-0.039793693,0.966572649,-0.256374123,-0.001082860,0.002907000,stable
146994764332550,146994.763400000,0.001087481,-0.172381222,-0.039793603,0.966572587,-0.256374390,-0.001080782,0.002904977,stable
146994779369350,146994.778400000,0.001087661,-0.172381341,-0.039793130,0.966572236,-0.256375703,-0.001080055,0.002905937,stable
146994794023250,146994.793400000,0.001086724,-0.172381520,-0.039792340,0.966571651,-0.256377941,-0.001078388,0.002903822,stable
146994809696650,146994.809400000,0.001086612,-0.172381714,-0.039791506,0.966571026,-0.256380302,-0.001079205,0.002903031,stable
146994825392500,146994.824400000,0.001086533,-0.172381699,-0.039791588,0.966571083,-0.256380093,-0.001080164,0.002902274,stable
146994840760750,146994.840400000,0.001087169,-0.172381938,-0.039790522,0.966570286,-0.256383069,-0.001078286,0.002905297,stable
146994856221450,146994.855400000,0.001087172,-0.172381923,-0.039790589,0.966570341,-0.256382857,-0.001074874,0.002907108,stable
146994871792550,146994.871400000,0.001087092,-0.172381610,-0.039791960,0.966571364,-0.256379001,-0.001074270,0.002907175,stable
146994886781050,146994.886400000,0.001087783,-0.172381312,-0.039793227,0.966572304,-0.256375435,-0.001076706,0.002908099,stable
146994902800850,146994.902400000,0.001086563,-0.172381416,-0.039792843,0.966572021,-0.256376542,-0.001073883,0.002905690,stable
146994918180600,146994.917400000,0.001087183,-0.172381490,-0.039792474,0.966571742,-0.256377576,-0.001074843,0.002907163,stable
146994933272800,146994.932400000,0.001085946,-0.172381878,-0.039790809,0.966570518,-0.256382231,-0.001072443,0.002904474,stable
146994948797450,146994.948400000,0.001085929,-0.172381952,-0.039790507,0.966570280,-0.256383125,-0.001071432,0.002904953,stable
146994964297850,146994.963400000,0.001086121,-0.172381982,-0.039790355,0.966570167,-0.256383544,-0.001070243,0.002906195,stable
146994980348900,146994.979400000,0.001086345,-0.172382221,-0.039789326,0.966569398,-0.256386436,-0.001072079,0.002905942,stable
146994995799500,146994.995500000,0.001085510,-0.172382578,-0.039787810,0.966568295,-0.256390630,-0.001075162,0.002901642,stable
146995011245300,146995.010500000,0.001085721,-0.172382832,-0.039786682,0.966567443,-0.256393830,-0.001072392,0.002903778,stable
146995027218650,146995.026500000,0.001086401,-0.172382921,-0.039786331,0.966567177,-0.256394808,-0.001072664,0.002905806,stable
146995042260300,146995.041500000,0.001086008,-0.172383025,-0.039785873,0.966566832,-0.256396121,-0.001070594,0.002905644,stable
146995057912000,146995.057500000,0.001085260,-0.172383174,-0.039785262,0.966566390,-0.256397813,-0.001070297,0.002903409,stable
146995073271900,146995.072500000,0.001085413,-0.172383085,-0.039785638,0.966566662,-0.256396779,-0.001068145,0.002905036,stable
146995089284150,146995.088500000,0.001084778,-0.172383428,-0.039784156,0.966565560,-0.256400946,-0.001062870,0.002905791,stable
146995104215500,146995.103500000,0.001083613,-0.172383443,-0.039784133,0.966565555,-0.256401004,-0.001060742,0.002903190,stable
146995119875050,146995.119500000,0.001084618,-0.172383592,-0.039783482,0.966565065,-0.256402818,-0.001064374,0.002904485,stable
146995135825800,146995.135500000,0.001085254,-0.172383502,-0.039783806,0.966565306,-0.256401895,-0.001066928,0.002905169,stable
146995151171800,146995.150500000,0.001084634,-0.172383472,-0.039783988,0.966565445,-0.256401392,-0.001067284,0.002902999,stable
146995167396350,146995.166500000,0.001084977,-0.172383651,-0.039783157,0.966564815,-0.256403753,-0.001067211,0.002904132,stable
146995181581200,146995.180500000,0.001085382,-0.172383815,-0.039782487,0.966564322,-0.256405598,-0.001066794,0.002905645,stable
146995196806700,146995.196500000,0.001086160,-0.172383830,-0.039782368,0.966564230,-0.256405918,-0.001067928,0.002907535,stable
146995212095250,146995.211400000,0.001086456,-0.172383636,-0.039783183,0.966564836,-0.256403625,-0.001068974,0.002907926,stable
146995228209300,146995.227400000,0.001085109,-0.172383860,-0.039782263,0.966564162,-0.256406213,-0.001067587,0.002904355,stable
146995243823200,146995.243400000,0.001083587,-0.172383651,-0.039783243,0.966564893,-0.256403506,-0.001064628,0.002901053,stable
146995259199150,146995.258400000,0.001084481,-0.172383428,-0.039784156,0.966565572,-0.256400917,-0.001067084,0.002902615,stable
146995275302450,146995.274400000,0.001084863,-0.172383443,-0.039784063,0.966565507,-0.256401154,-0.001068962,0.002902844,stable
146995290211550,146995.289400000,0.001084424,-0.172383368,-0.039784443,0.966565785,-0.256400122,-0.001069449,0.002901183,stable
146995306313000,146995.305400000,0.001084488,-0.172383308,-0.039784681,0.966565971,-0.256399424,-0.001071884,0.002900103,stable
146995321815300,146995.321400000,0.001084139,-0.172383144,-0.039785393,0.966566513,-0.256397397,-0.001074055,0.002897838,stable
146995336912100,146995.336400000,0.001083238,-0.172383144,-0.039785437,0.966566544,-0.256397316,-0.001075486,0.002894203,stable
146995352356950,146995.351400000,0.001083071,-0.172382966,-0.039786231,0.966567138,-0.256395080,-0.001075389,0.002893721,stable
146995367903100,146995.367400000,0.001081692,-0.172382906,-0.039786506,0.966567350,-0.256394328,-0.001072636,0.002890768,stable
146995382776500,146995.382400000,0.001081867,-0.172382891,-0.039786566,0.966567385,-0.256394189,-0.001073016,0.002891129,stable
146995398114700,146995.397400000,0.001080694,-0.172382697,-0.039787445,0.966568054,-0.256391704,-0.001069808,0.002889075,stable
146995414373550,146995.413400000,0.001079738,-0.172383070,-0.039785814,0.966566843,-0.256396303,-0.001069591,0.002886132,stable
146995429675550,146995.429400000,0.001080662,-0.172383040,-0.039785948,0.966566946,-0.256395882,-0.001070537,0.002888585,stable
146995445058950,146995.444400000,0.001080142,-0.172382668,-0.039787557,0.966568145,-0.256391383,-0.001070331,0.002887036,stable
146995460787600,146995.460400000,0.001080521,-0.172382712,-0.039787356,0.966567994,-0.256391943,-0.001072474,0.002887114,stable
146995476724700,146995.476400000,0.001080640,-0.172382683,-0.039787505,0.966568102,-0.256391523,-0.001069679,0.002888971,stable
146995492136850,146995.491400000,0.001080046,-0.172382489,-0.039788369,0.966568753,-0.256389092,-0.001070554,0.002886611,stable
146995507231600,146995.506400000,0.001080195,-0.172382325,-0.039789088,0.966569275,-0.256387121,-0.001071573,0.002886550,stable
146995522756000,146995.522400000,0.001080093,-0.172382325,-0.039789062,0.966569262,-0.256387177,-0.001072877,0.002885533,stable
146995538752800,146995.538400000,0.001080111,-0.172382534,-0.039788138,0.966568583,-0.256389736,-0.001073000,0.002885525,stable
146995554305400,146995.553400000,0.001080377,-0.172382250,-0.039789364,0.966569498,-0.256386282,-0.001074868,0.002885391,stable
146995569778400,146995.569400000,0.001080363,-0.172382832,-0.039786827,0.966567600,-0.256393437,-0.001074845,0.002885355,stable
146995585847400,146995.585400000,0.001080533,-0.172383025,-0.039786004,0.966566990,-0.256395730,-0.001076162,0.002885199,stable
146995600861700,146995.600400000,0.001079810,-0.172383532,-0.039783839,0.966565392,-0.256401783,-0.001075790,0.002883084,stable
146995616302900,146995.615400000,0.001078198,-0.172383204,-0.039785307,0.966566487,-0.256397704,-0.001071329,0.002880290,stable
146995632235050,146995.631400000,0.001077801,-0.172383174,-0.039785452,0.966566601,-0.256397285,-0.001069826,0.002879816,stable
146995647786950,146995.647400000,0.001077767,-0.172382995,-0.039786246,0.966567195,-0.256395050,-0.001071653,0.002878741,stable
146995663376550,146995.662400000,0.001077600,-0.172382951,-0.039786439,0.966567337,-0.256394519,-0.001070980,0.002878566,stable
146995679396200,146995.678400000,0.001077769,-0.172382966,-0.039786320,0.966567244,-0.256394868,-0.001072746,0.002878172,stable
146995694385050,146995.693400000,0.001078870,-0.172383100,-0.039785706,0.966566786,-0.256396558,-0.001073555,0.002881263,stable
146995709921500,146995.709400000,0.001078609,-0.172382757,-0.039787211,0.966567908,-0.256392337,-0.001073481,0.002880470,stable
146995725968400,146995.725400000,0.001080991,-0.172382921,-0.039786451,0.966567325,-0.256394457,-0.001078536,0.002885411,stable
146995740909600,146995.740400000,0.001080959,-0.172382772,-0.039787117,0.966567825,-0.256392571,-0.001078295,0.002885436,stable
146995756077650,146995.755400000,0.001080342,-0.172382504,-0.039788272,0.966568683,-0.256389357,-0.001076363,0.002884487,stable
146995771745600,146995.771400000,0.001081188,-0.172382608,-0.039787803,0.966568328,-0.256390669,-0.001078701,0.002885955,stable
146995787377700,146995.786400000,0.001080720,-0.172382638,-0.039787654,0.966568223,-0.256391076,-0.001076713,0.002885509,stable
146995802184900,146995.801400000,0.001081556,-0.172382280,-0.039789237,0.966569392,-0.256386643,-0.001077554,0.002887741,stable
146995817725400,146995.817400000,0.001081204,-0.172382444,-0.039788537,0.966568872,-0.256388616,-0.001078096,0.002886326,stable
146995832795600,146995.832400000,0.001080767,-0.172382787,-0.039787039,0.966567765,-0.256392809,-0.001080456,0.002883682,stable
146995848196850,146995.847400000,0.001080664,-0.172382921,-0.039786473,0.966567348,-0.256394389,-0.001082423,0.002882312,stable
146995863778400,146995.863400000,0.001080731,-0.172382578,-0.039787974,0.966568463,-0.256390182,-0.001083184,0.002882126,stable
146995879774400,146995.879400000,0.001080675,-0.172382161,-0.039789751,0.966569790,-0.256385180,-0.001081642,0.002882762,stable
146995895832800,146995.895400000,0.001079426,-0.172382310,-0.039789155,0.966569348,-0.256386886,-0.001078217,0.002880581,stable
146995911273300,146995.910400000,0.001079972,-0.172382310,-0.039789096,0.966569296,-0.256387067,-0.001081118,0.002880794,stable
146995927306450,146995.926400000,0.001080779,-0.172382027,-0.039790347,0.966570231,-0.256383515,-0.001081615,0.002883112,stable
146995942374150,146995.941400000,0.001080410,-0.172381982,-0.039790530,0.966570370,-0.256383000,-0.001080511,0.002882514,stable
146995958410500,146995.957400000,0.001080633,-0.172382548,-0.039788105,0.966568556,-0.256389833,-0.001080613,0.002883171,stable
146995973262150,146995.972400000,0.001079452,-0.172382578,-0.039787978,0.966568473,-0.256390185,-0.001079269,0.002880108,stable
146995989380650,146995.988400000,0.001080226,-0.172382683,-0.039787531,0.966568133,-0.256391441,-0.001081006,0.002881663,stable
146996004256400,146996.003400000,0.001080422,-0.172382161,-0.039789755,0.966569793,-0.256385181,-0.001083966,0.002880728,stable
146996019961450,146996.019400000,0.001079959,-0.172382355,-0.039788902,0.966569164,-0.256387570,-0.001083925,0.002879268,stable
146996035913550,146996.034400000,0.001079398,-0.172382310,-0.039789155,0.966569350,-0.256386886,-0.001081594,0.002878705,stable
146996050465400,146996.049400000,0.001079820,-0.172382370,-0.039788876,0.966569143,-0.256387656,-0.001084312,0.002878619,stable
146996065987500,146996.065400000,0.001079293,-0.172382638,-0.039787706,0.966568277,-0.256390939,-0.001084520,0.002876823,stable
146996081933150,146996.081400000,0.001080837,-0.172382519,-0.039788209,0.966568646,-0.256389498,-0.001086795,0.002880555,stable
146996096982450,146996.096400000,0.001080732,-0.172382176,-0.039789658,0.966569729,-0.256385418,-0.001086697,0.002880274,stable
146996113430150,146996.112400000,0.001080040,-0.172382414,-0.039788678,0.966568997,-0.256388199,-0.001084790,0.002879068,stable
146996128712050,146996.128400000,0.001080641,-0.172382131,-0.039789900,0.966569904,-0.256384761,-0.001086298,0.002880194,stable
146996144058150,146996.143400000,0.001080372,-0.172382548,-0.039788071,0.966568546,-0.256389891,-0.001087594,0.002878649,stable
146996159577750,146996.158400000,0.001079962,-0.172382668,-0.039787605,0.966568201,-0.256391203,-0.001085025,0.002878693,stable
146996175746800,146996.175400000,0.001081780,-0.172382653,-0.039787620,0.966568200,-0.256391144,-0.001087417,0.002883241,stable
146996191433750,146996.190400000,0.001081132,-0.172382563,-0.039788011,0.966568491,-0.256390070,-0.001086815,0.002881490,stable
146996206126850,146996.205400000,0.001081567,-0.172382683,-0.039787494,0.966568109,-0.256391495,-0.001086893,0.002882838,stable
146996221660450,146996.220400000,0.001081913,-0.172382906,-0.039786503,0.966567370,-0.256394274,-0.001089632,0.002882495,stable
146996237427350,146996.236500000,0.001081878,-0.172383159,-0.039785385,0.966566539,-0.256397404,-0.001089129,0.002882648,stable
146996252204400,146996.251500000,0.001082549,-0.172383323,-0.039784689,0.966566015,-0.256399360,-0.001091532,0.002883522,stable
146996267696300,146996.267500000,0.001082009,-0.172383264,-0.039784934,0.966566201,-0.256398677,-0.001089889,0.002882663,stable
146996282830000,146996.282500000,0.001082422,-0.172383204,-0.039785162,0.966566369,-0.256398032,-0.001092340,0.002882688,stable
146996298153400,146996.297500000,0.001083654,-0.172383353,-0.039784495,0.966565870,-0.256399874,-0.001094244,0.002885621,stable
146996313827750,146996.313500000,0.001082213,-0.172383383,-0.039784428,0.966565827,-0.256400087,-0.001094022,0.002881132,stable
146996328857200,146996.328500000,0.001082316,-0.172383204,-0.039785162,0.966566370,-0.256398033,-0.001092268,0.002882388,stable
146996344280550,146996.343500000,0.001082605,-0.172382683,-0.039787434,0.966568060,-0.256391646,-0.001089581,0.002884734,stable
146996359834050,146996.359600000,0.001081892,-0.172382429,-0.039788563,0.966568904,-0.256388490,-0.001088988,0.002882770,stable
146996374758800,146996.374600000,0.001080989,-0.172382474,-0.039788421,0.966568792,-0.256388939,-0.001085191,0.002881891,stable
146996389819800,146996.389600000,0.001081489,-0.172382697,-0.039787401,0.966568039,-0.256391760,-0.001086581,0.002882754,stable
146996405042050,146996.404600000,0.001081836,-0.172382712,-0.039787330,0.966567976,-0.256391982,-0.001084617,0.002884899,stable
146996420743850,146996.420600000,0.001081131,-0.172382608,-0.039787821,0.966568348,-0.256390601,-0.001081281,0.002884409,stable
146996437424400,146996.436600000,0.001081072,-0.172382399,-0.039788708,0.966569005,-0.256388127,-0.001082858,0.002883389,stable
146996451988250,146996.451600000,0.001080675,-0.172382072,-0.039790139,0.966570076,-0.256384104,-0.001082566,0.002882277,stable
146996467729950,146996.467600000,0.001080762,-0.172382250,-0.039789382,0.966569515,-0.256386213,-0.001082033,0.002882834,stable
146996482780900,146996.482600000,0.001080646,-0.172382563,-0.039788000,0.966568478,-0.256390127,-0.001080951,0.002883035,stable
146996498711750,146996.498600000,0.001080494,-0.172382906,-0.039786529,0.966567387,-0.256394249,-0.001082885,0.002881525,stable
146996514153050,146996.513600000,0.001081151,-0.172382668,-0.039787553,0.966568148,-0.256391354,-0.001080920,0.002884665,stable
146996529267150,146996.528600000,0.001081468,-0.172382385,-0.039788749,0.966569030,-0.256388013,-0.001078895,0.002886750,stable
146996544814050,146996.544600000,0.001081939,-0.172382444,-0.039788522,0.966568859,-0.256388643,-0.001080106,0.002887613,stable
146996560357350,146996.559600000,0.001082499,-0.172382355,-0.039788883,0.966569121,-0.256387634,-0.001080549,0.002889169,stable
146996576215350,146996.575600000,0.001082744,-0.172382325,-0.039788984,0.966569200,-0.256387327,-0.001080799,0.002889823,stable
146996591217150,146996.590600000,0.001082745,-0.172382489,-0.039788269,0.966568662,-0.256389353,-0.001078432,0.002891076,stable
146996607227150,146996.606600000,0.001081872,-0.172382265,-0.039789237,0.966569388,-0.256386642,-0.001076438,0.002889340,stable
146996622855900,146996.622600000,0.001081666,-0.172382534,-0.039788138,0.966568587,-0.256389677,-0.001080700,0.002886426,stable
146996638823650,146996.638600000,0.001081226,-0.172382236,-0.039789442,0.966569556,-0.256386045,-0.001082185,0.002884239,stable
146996653939200,146996.653600000,0.001081206,-0.172382161,-0.039789770,0.966569794,-0.256385151,-0.001083318,0.002883576,stable
146996669412200,146996.668600000,0.001081367,-0.172382519,-0.039788213,0.966568640,-0.256389496,-0.001083699,0.002883887,stable
146996685270250,146996.684600000,0.001081080,-0.172382385,-0.039788786,0.966569058,-0.256387931,-0.001084440,0.002882580,stable
146996701460500,146996.700600000,0.001081253,-0.172382414,-0.039788671,0.966568987,-0.256388198,-0.001086929,0.002881816,stable
146996716952300,146996.716600000,0.001081885,-0.172382414,-0.039788634,0.966568959,-0.256388280,-0.001088079,0.002883228,stable
146996732924350,146996.732600000,0.001081341,-0.172382548,-0.039788093,0.966568552,-0.256389832,-0.001086706,0.002882215,stable
146996748598400,146996.748600000,0.001082606,-0.172382489,-0.039788269,0.966568674,-0.256389326,-0.001085597,0.002886845,stable
146996763995100,146996.763600000,0.001082576,-0.172382340,-0.039788906,0.966569150,-0.256387536,-0.001087504,0.002885741,stable
146996780001350,146996.779600000,0.001082359,-0.172382295,-0.039789136,0.966569327,-0.256386880,-0.001091049,0.002883174,stable
146996795699200,146996.795600000,0.001082044,-0.172382236,-0.039789390,0.966569520,-0.256386169,-0.001092331,0.002881491,stable
146996810993750,146996.810600000,0.001082535,-0.172382295,-0.039789151,0.966569335,-0.256386853,-0.001094882,0.002881713,stable
146996826933500,146996.826600000,0.001083162,-0.172382027,-0.039790254,0.966570161,-0.256383721,-0.001099176,0.002881450,stable
146996842045350,146996.841600000,0.001083951,-0.172382042,-0.039790187,0.966570107,-0.256383901,-0.001100658,0.002883186,stable
146996857735550,146996.857600000,0.001083944,-0.172381893,-0.039790828,0.966570581,-0.256382113,-0.001101288,0.002882833,stable
146996873081300,146996.872600000,0.001084424,-0.172381878,-0.039790846,0.966570585,-0.256382084,-0.001101999,0.002883992,stable
146996889111050,146996.888600000,0.001084492,-0.172381595,-0.039792079,0.966571510,-0.256378591,-0.001100637,0.002884930,stable
146996904163650,146996.903600000,0.001084918,-0.172381669,-0.039791796,0.966571299,-0.256379371,-0.001100167,0.002886539,stable
146996919871600,146996.919600000,0.001082964,-0.172381788,-0.039791275,0.966570922,-0.256380856,-0.001097336,0.002881789,stable
146996935851500,146996.935600000,0.001082105,-0.172382027,-0.039790314,0.966570209,-0.256383571,-0.001094602,0.002880488,stable
146996951289950,146996.950600000,0.001081970,-0.172382385,-0.039788727,0.966569025,-0.256388042,-0.001095777,0.002879432,stable
146996966901850,146996.966600000,0.001081831,-0.172382176,-0.039789684,0.966569745,-0.256385333,-0.001096101,0.002878818,stable
146996981861100,146996.980600000,0.001081144,-0.172381848,-0.039791111,0.966570813,-0.256381336,-0.001097702,0.002875779,stable
146996997425000,146996.996600000,0.001081113,-0.172381535,-0.039792456,0.966571810,-0.256377578,-0.001098382,0.002875322,stable
146997012988700,146997.012600000,0.001080480,-0.172381356,-0.039793242,0.966572408,-0.256375344,-0.001097054,0.002874000,stable
146997028872400,146997.028600000,0.001080279,-0.172381341,-0.039793342,0.966572480,-0.256375079,-0.001097727,0.002873004,stable
146997043951200,146997.043600000,0.001080718,-0.172381535,-0.039792448,0.966571813,-0.256377579,-0.001097443,0.002874555,stable
146997059754600,146997.059600000,0.001081121,-0.172381774,-0.039791420,0.966571043,-0.256380469,-0.001098931,0.002875054,stable
146997074655600,146997.073600000,0.001080897,-0.172381759,-0.039791480,0.966571102,-0.256380261,-0.001101559,0.002872952,stable
146997090965100,146997.090600000,0.001080094,-0.172381699,-0.039791744,0.966571310,-0.256379509,-0.001103834,0.002869181,stable
146997107483350,146997.106600000,0.001080827,-0.172381759,-0.039791495,0.966571111,-0.256380233,-0.001105213,0.002870797,stable
146997122060700,146997.121600000,0.001080237,-0.172381461,-0.039792825,0.966572113,-0.256376477,-0.001105953,0.002868519,stable
146997137023500,146997.136600000,0.001080888,-0.172381580,-0.039792258,0.966571681,-0.256378082,-0.001105862,0.002870650,stable
146997153440600,146997.152600000,0.001081188,-0.172381282,-0.039793547,0.966572632,-0.256374490,-0.001107106,0.002870953,stable
146997168026550,146997.167600000,0.001080998,-0.172381356,-0.039793238,0.966572415,-0.256375316,-0.001108057,0.002869841,stable
146997183058650,146997.182600000,0.001080435,-0.172381297,-0.039793473,0.966572587,-0.256374688,-0.001108074,0.002868035,stable
146997199112050,146997.198600000,0.001080407,-0.172381103,-0.039794344,0.966573235,-0.256372242,-0.001106903,0.002868564,stable
146997214746750,146997.214600000,0.001079396,-0.172381014,-0.039794728,0.966573538,-0.256371141,-0.001107637,0.002864944,stable
146997230776300,146997.230600000,0.001079578,-0.172381207,-0.039793942,0.966572950,-0.256373348,-0.001107883,0.002865396,stable
146997246199200,146997.245600000,0.001079367,-0.172381148,-0.039794166,0.966573118,-0.256372720,-0.001105449,0.002866008,stable
146997261401100,146997.260500000,0.001080092,-0.172381148,-0.039794128,0.966573087,-0.256372817,-0.001107933,0.002867013,stable
146997278414700,146997.277500000,0.001079940,-0.172381535,-0.039792515,0.966571879,-0.256377372,-0.001105850,0.002867626,stable
146997293772250,146997.293500000,0.001079453,-0.172381148,-0.039794210,0.966573140,-0.256372634,-0.001104817,0.002866616,stable
146997308733350,146997.308500000,0.001079608,-0.172381073,-0.039794523,0.966573375,-0.256371741,-0.001105137,0.002866943,stable
146997324441100,146997.323500000,0.001080122,-0.172381088,-0.039794419,0.966573302,-0.256372006,-0.001109074,0.002866505,stable
146997338364100,146997.337500000,0.001080864,-0.172381043,-0.039794620,0.966573444,-0.256371446,-0.001110545,0.002868101,stable
146997354155900,146997.353500000,0.001080861,-0.172381327,-0.039793376,0.966572521,-0.256374925,-0.001110835,0.002867934,stable
146997369776700,146997.369500000,0.001080756,-0.172381401,-0.039793011,0.966572251,-0.256375946,-0.001110020,0.002868030,stable
146997384719300,146997.384500000,0.001079969,-0.172381252,-0.039793704,0.966572773,-0.256374004,-0.001107634,0.002866776,stable
146997400158000,146997.399500000,0.001079829,-0.172381103,-0.039794356,0.966573248,-0.256372216,-0.001107901,0.002866189,stable
146997415833900,146997.415500000,0.001079901,-0.172381058,-0.039794568,0.966573414,-0.256371587,-0.001107177,0.002866801,stable
146997431824600,146997.431500000,0.001080134,-0.172380909,-0.039795209,0.966573883,-0.256369810,-0.001107109,0.002867583,stable
146997447207800,146997.446500000,0.001080862,-0.172381029,-0.039794676,0.966573476,-0.256371319,-0.001106651,0.002870151,stable
146997462823300,146997.462500000,0.001082005,-0.172380969,-0.039794851,0.966573599,-0.256370814,-0.001106859,0.002873697,stable
146997479601900,146997.478500000,0.001081112,-0.172381058,-0.039794538,0.966573369,-0.256371710,-0.001103563,0.002872582,stable
146997494169950,146997.493500000,0.001079978,-0.172381029,-0.039794676,0.966573483,-0.256371319,-0.001102747,0.002869390,stable
146997510327750,146997.509500000,0.001080294,-0.172381014,-0.039794754,0.966573544,-0.256371083,-0.001106167,0.002868592,stable
146997525175000,146997.524500000,0.001079786,-0.172380969,-0.039794959,0.966573697,-0.256370524,-0.001107298,0.002866372,stable
146997540307400,146997.539500000,0.001079586,-0.172381103,-0.039794359,0.966573250,-0.256372216,-0.001106153,0.002866336,stable
146997555802700,146997.555500000,0.001080529,-0.172380999,-0.039794799,0.966573581,-0.256370942,-0.001110213,0.002867206,stable
146997571266000,146997.570500000,0.001080357,-0.172380880,-0.039795302,0.966573955,-0.256369531,-0.001106487,0.002868624,stable
146997587304400,146997.586500000,0.001079594,-0.172380760,-0.039795857,0.966574373,-0.256367982,-0.001105918,0.002866488,stable
146997603345400,146997.602500000,0.001079629,-0.172380909,-0.039795186,0.966573873,-0.256369867,-0.001106668,0.002866202,stable
146997618911050,146997.618500000,0.001079904,-0.172380999,-0.039794836,0.966573604,-0.256370874,-0.001108312,0.002866212,stable
146997634767300,146997.633500000,0.001080762,-0.172381312,-0.039793435,0.966572558,-0.256374786,-0.001108915,0.002868635,stable
146997650102900,146997.649500000,0.001080129,-0.172381133,-0.039794248,0.966573176,-0.256372481,-0.001110325,0.002865865,stable
146997666414350,146997.665500000,0.001079941,-0.172381043,-0.039794609,0.966573445,-0.256371476,-0.001111000,0.002864908,stable
146997696335100,146997.695500000,0.001080940,-0.172380671,-0.039796170,0.966574596,-0.256367098,-0.001110412,0.002868416,stable
146997712417300,146997.711500000,0.001080364,-0.172380671,-0.039796192,0.966574619,-0.256367030,-0.001109062,0.002867287,stable
146997727460000,146997.726600000,0.001079963,-0.172380924,-0.039795149,0.966573848,-0.256369952,-0.001109880,0.002865572,stable
146997742488700,146997.741600000,0.001079906,-0.172380626,-0.039796393,0.966574767,-0.256366486,-0.001107867,0.002866457,stable
146997758008550,146997.757600000,0.001080029,-0.172380686,-0.039796151,0.966574589,-0.256367156,-0.001108582,0.002866469,stable
146997773796300,146997.773600000,0.001080187,-0.172380745,-0.039795917,0.966574405,-0.256367840,-0.001107510,0.002867543,stable
146997789784500,146997.789600000,0.001079432,-0.172380850,-0.039795447,0.966574074,-0.256369114,-0.001106719,0.002865545,stable
146997804772050,146997.804600000,0.001079042,-0.172380954,-0.039795037,0.966573767,-0.256370288,-0.001108772,0.002863215,stable
146997820363300,146997.819600000,0.001079193,-0.172381058,-0.039794546,0.966573406,-0.256371644,-0.001108522,0.002863828,stable
146997835394600,146997.834600000,0.001079161,-0.172381073,-0.039794497,0.966573366,-0.256371798,-0.001108142,0.002863927,stable
146997850935400,146997.850600000,0.001080144,-0.172380865,-0.039795376,0.966574006,-0.256369350,-0.001108446,0.002866908,stable
146997865486800,146997.864600000,0.001079564,-0.172380626,-0.039796438,0.966574800,-0.256366375,-0.001107135,0.002865747,stable
146997882451100,146997.881600000,0.001078478,-0.172380447,-0.039797217,0.966575394,-0.256364168,-0.001104447,0.002863698,stable
146997896984350,146997.896600000,0.001079013,-0.172380626,-0.039796419,0.966574789,-0.256366432,-0.001105999,0.002864587,stable
146997912818450,146997.912600000,0.001080480,-0.172380760,-0.039795831,0.966574347,-0.256368051,-0.001108416,0.002868001,stable
146997929455300,146997.928600000,0.001080763,-0.172381073,-0.039794479,0.966573344,-0.256371822,-0.001109393,0.002868386,stable
146997943780700,146997.943600000,0.001079144,-0.172381401,-0.039793111,0.966572338,-0.256375669,-0.001106521,0.002864728,stable
146997959292100,146997.958600000,0.001078484,-0.172381312,-0.039793510,0.966572625,-0.256374607,-0.001103831,0.002864038,stable
146997975277400,146997.974600000,0.001078423,-0.172381446,-0.039792918,0.966572193,-0.256376244,-0.001106195,0.002862596,stable
146997990252950,146997.989600000,0.001078893,-0.172381356,-0.039793305,0.966572475,-0.256375167,-0.001108289,0.002862992,stable
146998006317850,146998.005600000,0.001078728,-0.172381476,-0.039792754,0.966572072,-0.256376691,-0.001108148,0.002862538,stable
146998021885250,146998.020600000,0.001079268,-0.172381446,-0.039792888,0.966572171,-0.256376298,-0.001108334,0.002864166,stable
146998037065150,146998.036600000,0.001078601,-0.172381386,-0.039793193,0.966572407,-0.256375433,-0.001107378,0.002862538,stable
146998052127600,146998.051600000,0.001078439,-0.172381386,-0.039793167,0.966572374,-0.256375559,-0.001107210,0.002862108,stable
146998067791800,146998.067600000,0.001078040,-0.172381341,-0.039793346,0.966572512,-0.256375056,-0.001108276,0.002860270,stable
146998082909700,146998.082600000,0.001078665,-0.172381461,-0.039792825,0.966572130,-0.256376481,-0.001111924,0.002860341,stable
146998098312550,146998.097600000,0.001079849,-0.172381267,-0.039793633,0.966572721,-0.256374213,-0.001113394,0.002863351,stable
146998114954300,146998.113600000,0.001079294,-0.172381356,-0.039793301,0.966572473,-0.256375166,-0.001112715,0.002861934,stable
146998129083600,146998.128600000,0.001080264,-0.172381580,-0.039792307,0.966571728,-0.256377944,-0.001114683,0.002863992,stable
146998145462800,146998.144600000,0.001079406,-0.172381401,-0.039793078,0.966572313,-0.256375767,-0.001114490,0.002861353,stable
146998159709100,146998.158600000,0.001079793,-0.172381401,-0.039793093,0.966572325,-0.256375709,-0.001115829,0.002861883,stable
146998175447650,146998.174600000,0.001078787,-0.172381431,-0.039792996,0.966572256,-0.256376005,-0.001114457,0.002859392,stable
146998192469100,146998.191600000,0.001079433,-0.172381520,-0.039792549,0.966571921,-0.256377248,-0.001115832,0.002860729,stable
146998206822900,146998.206600000,0.001079388,-0.172381371,-0.039793186,0.966572403,-0.256375432,-0.001116723,0.002860114,stable
146998222427250,146998.221600000,0.001079783,-0.172381118,-0.039794266,0.966573205,-0.256372399,-0.001118651,0.002860360,stable
146998237409100,146998.236600000,0.001079398,-0.172380850,-0.039795466,0.966574093,-0.256369060,-0.001116036,0.002860513,stable
146998252880700,146998.252600000,0.001078675,-0.172380522,-0.039796885,0.966575150,-0.256365092,-0.001110408,0.002861177,stable
146998269463950,146998.268600000,0.001077067,-0.172380760,-0.039795905,0.966574437,-0.256367834,-0.001108658,0.002856961,stable
146998285421400,146998.284500000,0.001077468,-0.172380775,-0.039795849,0.966574386,-0.256368015,-0.001110553,0.002857241,stable
146998300427900,146998.299500000,0.001077809,-0.172380999,-0.039794844,0.966573630,-0.256370850,-0.001109251,0.002859018,stable
146998315359600,146998.314500000,0.001078076,-0.172380924,-0.039795175,0.966573880,-0.256369899,-0.001108074,0.002860494,stable
146998331375200,146998.330500000,0.001079693,-0.172381043,-0.039794624,0.966573455,-0.256371449,-0.001112508,0.002863320,stable
146998346856200,146998.346500000,0.001080150,-0.172380850,-0.039795462,0.966574086,-0.256369058,-0.001116410,0.002862720,stable
146998362395000,146998.361500000,0.001080294,-0.172380894,-0.039795239,0.966573922,-0.256369672,-0.001116872,0.002862935,stable
146998377432250,146998.376500000,0.001080104,-0.172381133,-0.039794248,0.966573186,-0.256372454,-0.001117116,0.002862198,stable
146998393901950,146998.392500000,0.001080437,-0.172381356,-0.039793231,0.966572423,-0.256375318,-0.001115014,0.002864372,stable
146998410419250,146998.409500000,0.001074488,-0.172379881,-0.039799828,0.966577368,-0.256356870,-0.001105708,0.002850281,stable
146998425455900,146998.424500000,0.001074648,-0.172380671,-0.039796364,0.966574800,-0.256366554,-0.001109813,0.002848618,stable
146998440429600,146998.439500000,0.001075975,-0.172381282,-0.039793715,0.966572819,-0.256373985,-0.001115610,0.002849794,stable
146998455001350,146998.454500000,0.001072056,-0.172379807,-0.039800167,0.966577656,-0.256355883,-0.001113149,0.002838575,stable
146998469793400,146998.469500000,0.001070826,-0.172379464,-0.039801717,0.966578811,-0.256351566,-0.001111336,0.002835605,stable
146998484768100,146998.484500000,0.001070782,-0.172380105,-0.039798960,0.966576774,-0.256359254,-0.001115254,0.002833388,stable
146998499391300,146998.498500000,0.001069042,-0.172378480,-0.039806038,0.966582048,-0.256339428,-0.001112615,0.002829229,stable
146998515293800,146998.514500000,0.001066542,-0.172378570,-0.039805714,0.966581820,-0.256340368,-0.001109219,0.002823034,stable
146998531074250,146998.530500000,0.001060309,-0.172378466,-0.039806284,0.966582299,-0.256338775,-0.001105168,0.002805251,stable
146998546773300,146998.546500000,0.001053698,-0.172377944,-0.039808732,0.966584167,-0.256331954,-0.001099671,0.002787026,stable
146998562368000,146998.561500000,0.001052551,-0.172378376,-0.039806873,0.966582803,-0.256337142,-0.001101754,0.002782255,stable
146998577190400,146998.576500000,0.001050034,-0.172378376,-0.039806955,0.966582893,-0.256336897,-0.001106054,0.002771936,stable
146998593789900,146998.592500000,0.001049404,-0.172378495,-0.039806481,0.966582542,-0.256338238,-0.001103309,0.002771375,stable
146998609025400,146998.608500000,0.001048925,-0.172378883,-0.039804827,0.966581312,-0.256342895,-0.001105438,0.002768717,stable
146998624023200,146998.623500000,0.001047929,-0.172378942,-0.039804582,0.966581138,-0.256343580,-0.001102403,0.002767135,stable
146998639055400,146998.638500000,0.001049397,-0.172378868,-0.039804846,0.966581335,-0.256342796,-0.001108104,0.002768817,stable
146998654148450,146998.653500000,0.001048121,-0.172378108,-0.039808210,0.966583851,-0.256333352,-0.001106813,0.002765422,stable
146998669927350,146998.669500000,0.001049037,-0.172378570,-0.039806180,0.966582323,-0.256339080,-0.001107483,0.002767996,stable
146998685919100,146998.685500000,0.001050025,-0.172378510,-0.039806418,0.966582489,-0.256338421,-0.001107504,0.002771143,stable
146998701802050,146998.700500000,0.001049396,-0.172377869,-0.039809212,0.966584574,-0.256330582,-0.001108271,0.002768730,stable
146998717442600,146998.716500000,0.001048959,-0.172378078,-0.039808292,0.966583900,-0.256333140,-0.001109507,0.002766678,stable
146998733459550,146998.732500000,0.001050173,-0.172378704,-0.039805543,0.966581840,-0.256340866,-0.001110224,0.002770177,stable
146998748185200,146998.747500000,0.001051554,-0.172378719,-0.039805431,0.966581749,-0.256341170,-0.001114847,0.002772150,stable
146998763847500,146998.763500000,0.001053256,-0.172379136,-0.039803579,0.966580358,-0.256346352,-0.001111467,0.002779372,stable
146998778890250,146998.778500000,0.001053042,-0.172379002,-0.039804164,0.966580793,-0.256344716,-0.001110711,0.002779088,stable
146998794879250,146998.793500000,0.001053662,-0.172379211,-0.039803229,0.966580092,-0.256347342,-0.001113084,0.002779817,stable
146998810393400,146998.809500000,0.001053306,-0.172379330,-0.039802752,0.966579742,-0.256348671,-0.001110881,0.002779840,stable
146998826426500,146998.825500000,0.001051819,-0.172378942,-0.039804477,0.966581037,-0.256343839,-0.001109800,0.002775660,stable
146998841444650,146998.840500000,0.001051344,-0.172378868,-0.039804835,0.966581300,-0.256342862,-0.001111098,0.002773459,stable
146998856884600,146998.856500000,0.001051947,-0.172379225,-0.039803267,0.966580144,-0.256347207,-0.001113444,0.002774144,stable
146998873450050,146998.872500000,0.001052927,-0.172379211,-0.039803263,0.966580136,-0.256347205,-0.001116369,0.002775729,stable
146998888449500,146998.887500000,0.001054533,-0.172379106,-0.039803706,0.966580452,-0.256345958,-0.001117374,0.002780333,stable
146998902261250,146998.901500000,0.001053030,-0.172378972,-0.039804328,0.966580922,-0.256344241,-0.001117408,0.002775512,stable
146998917838800,146998.917500000,0.001052720,-0.172379062,-0.039803918,0.966580628,-0.256345361,-0.001118100,0.002774155,stable
146998932974150,146998.932500000,0.001052000,-0.172379315,-0.039802838,0.966579827,-0.256348408,-0.001119153,0.002771295,stable
146998948460800,146998.947500000,0.001052826,-0.172379136,-0.039803576,0.966580363,-0.256346353,-0.001116169,0.002775513,stable
146998964240000,146998.963500000,0.001053137,-0.172379330,-0.039802752,0.966579753,-0.256348643,-0.001117188,0.002775968,stable
146998979224450,146998.978500000,0.001053599,-0.172379524,-0.039801899,0.966579116,-0.256351032,-0.001118478,0.002776763,stable
146998995628900,146998.994500000,0.001055011,-0.172379017,-0.039804056,0.966580709,-0.256344977,-0.001118908,0.002781049,stable
146999010864450,146999.010500000,0.001054717,-0.172379106,-0.039803710,0.966580460,-0.256345930,-0.001121875,0.002778542,stable
146999026798100,146999.026500000,0.001053288,-0.172378629,-0.039805781,0.966582005,-0.256340147,-0.001118843,0.002775581,stable
146999042826400,146999.042500000,0.001053654,-0.172378883,-0.039804678,0.966581180,-0.256343249,-0.001121659,0.002775260,stable
146999058345650,146999.057500000,0.001054950,-0.172378927,-0.039804455,0.966581011,-0.256343846,-0.001124269,0.002778022,stable
146999074006450,146999.073500000,0.001055554,-0.172378689,-0.039805438,0.966581732,-0.256341106,-0.001124405,0.002779882,stable
146999090063150,146999.089600000,0.001055517,-0.172378793,-0.039805014,0.966581425,-0.256342267,-0.001124123,0.002779912,stable
146999106485600,146999.105600000,0.001055577,-0.172379136,-0.039803524,0.966580320,-0.256346431,-0.001125131,0.002779569,stable
146999120048400,146999.119600000,0.001054937,-0.172379136,-0.039803546,0.966580340,-0.256346377,-0.001125110,0.002777535,stable
146999136197800,146999.135600000,0.001054948,-0.172378972,-0.039804280,0.966580885,-0.256344321,-0.001124448,0.002777922,stable
146999151806150,146999.151600000,0.001054998,-0.172378898,-0.039804600,0.966581113,-0.256343456,-0.001120529,0.002780154,stable
146999167381850,146999.166600000,0.001054543,-0.172378555,-0.039806094,0.966582224,-0.256339278,-0.001118723,0.002779654,stable
146999182433450,146999.181600000,0.001053102,-0.172378376,-0.039806880,0.966582823,-0.256337073,-0.001119434,0.002774673,stable
146999198388750,146999.197600000,0.001051850,-0.172377825,-0.039809301,0.966584634,-0.256330285,-0.001119289,0.002770752,stable
146999214074600,146999.213600000,0.001049919,-0.172377631,-0.039810192,0.966585306,-0.256327814,-0.001116850,0.002765868,stable
146999230011700,146999.229600000,0.001049827,-0.172377840,-0.039809298,0.966584644,-0.256330317,-0.001118189,0.002764864,stable
146999245215250,146999.244600000,0.001050573,-0.172378153,-0.039807905,0.966583608,-0.256334199,-0.001120650,0.002765947,stable
146999260841800,146999.260600000,0.001049802,-0.172377914,-0.039808970,0.966584399,-0.256331239,-0.001117489,0.002765156,stable
146999276842900,146999.276600000,0.001050043,-0.172378018,-0.039808493,0.966584049,-0.256332552,-0.001117794,0.002765764,stable
146999292837800,146999.292600000,0.001050371,-0.172378272,-0.039807439,0.966583265,-0.256335499,-0.001118292,0.002766548,stable
146999308014600,146999.307600000,0.001051195,-0.172378212,-0.039807636,0.966583390,-0.256334994,-0.001116177,0.002770298,stable
146999324478550,146999.323600000,0.001052882,-0.172377899,-0.039808940,0.966584355,-0.256331301,-0.001117865,0.002774802,stable
146999340420400,146999.339600000,0.001054209,-0.172378451,-0.039806549,0.966582565,-0.256338006,-0.001118755,0.002778572,stable
146999355259150,146999.354600000,0.001054068,-0.172378719,-0.039805390,0.966581706,-0.256341250,-0.001119645,0.002777646,stable
146999370894750,146999.370600000,0.001055971,-0.172378466,-0.039806403,0.966582457,-0.256338367,-0.001128948,0.002778816,stable
146999386908100,146999.386600000,0.001054522,-0.172378361,-0.039806891,0.966582827,-0.256337015,-0.001124935,0.002776307,stable
146999401793500,146999.401600000,0.001053273,-0.172378659,-0.039805673,0.966581930,-0.256340441,-0.001124060,0.002772775,stable
146999418474100,146999.417600000,0.001054066,-0.172378510,-0.039806310,0.966582393,-0.256338664,-0.001123563,0.002775572,stable
146999433418100,146999.432600000,0.001053835,-0.172378629,-0.039805800,0.966582017,-0.256340091,-0.001121925,0.002775698,stable
146999448121100,146999.447600000,0.001054551,-0.172378764,-0.039805174,0.966581553,-0.256341821,-0.001125915,0.002775879,stable
146999463634800,146999.462600000,0.001054592,-0.172378823,-0.039804917,0.966581355,-0.256342563,-0.001125225,0.002776374,stable
146999479492250,146999.478600000,0.001052854,-0.172378704,-0.039805483,0.966581788,-0.256340986,-0.001120996,0.002773054,stable
146999494024450,146999.493600000,0.001054339,-0.172378913,-0.039804559,0.966581096,-0.256343541,-0.001120114,0.002778265,stable
146999509456800,146999.508600000,0.001053998,-0.172379240,-0.039803144,0.966580032,-0.256347566,-0.001120468,0.002776988,stable
146999525494000,146999.524600000,0.001054050,-0.172378957,-0.039804313,0.966580906,-0.256344267,-0.001119207,0.002777822,stable
146999540542300,146999.539600000,0.001054319,-0.172379300,-0.039802838,0.966579814,-0.256348375,-0.001120147,0.002778183,stable
146999556926250,146999.555600000,0.001054902,-0.172379211,-0.039803211,0.966580076,-0.256347368,-0.001119570,0.002780352,stable
146999572486250,146999.571600000,0.001054293,-0.172379136,-0.039803594,0.966580367,-0.256346293,-0.001119443,0.002778471,stable
146999587888100,146999.587600000,0.001054899,-0.172378659,-0.039805595,0.966581848,-0.256340688,-0.001120852,0.002779667,stable
146999603828500,146999.603600000,0.001053562,-0.172378749,-0.039805267,0.966581622,-0.256341585,-0.001118858,0.002776447,stable
146999618281550,146999.617600000,0.001054106,-0.172379240,-0.039803136,0.966580022,-0.256347594,-0.001117002,0.002779163,stable
146999633357650,146999.632600000,0.001054276,-0.172379330,-0.039802756,0.966579742,-0.256348642,-0.001115150,0.002780687,stable
146999648879900,146999.648600000,0.001053980,-0.172379091,-0.039803773,0.966580505,-0.256345777,-0.001114735,0.002779960,stable
146999665487700,146999.664600000,0.001055413,-0.172379538,-0.039801776,0.966579011,-0.256351363,-0.001118793,0.002782395,stable
146999679773200,146999.679600000,0.001056204,-0.172379673,-0.039801218,0.966578582,-0.256352955,-0.001118244,0.002785212,stable
146999695227650,146999.694600000,0.001056863,-0.172379732,-0.039800886,0.966578335,-0.256353861,-0.001116946,0.002788005,stable
146999710309700,146999.709600000,0.001056500,-0.172379822,-0.039800525,0.966578059,-0.256354910,-0.001115428,0.002787647,stable
146999726324100,146999.725600000,0.001057498,-0.172379985,-0.039799783,0.966577499,-0.256356990,-0.001115623,0.002790731,stable
146999741250500,146999.740600000,0.001057375,-0.172380149,-0.039799094,0.966576996,-0.256358892,-0.001116922,0.002789652,stable
146999756891200,146999.756600000,0.001057141,-0.172380045,-0.039799582,0.966577350,-0.256357564,-0.001115466,0.002789673,stable
146999772401900,146999.771600000,0.001055629,-0.172380224,-0.039798822,0.966576805,-0.256359664,-0.001112323,0.002786500,stable
146999788401000,146999.787600000,0.001055100,-0.172380477,-0.039797761,0.966576017,-0.256362656,-0.001111990,0.002784985,stable
146999803333250,146999.802600000,0.001053800,-0.172380462,-0.039797857,0.966576101,-0.256362379,-0.001109850,0.002781958,stable
146999818116200,146999.817500000,0.001052935,-0.172380224,-0.039798904,0.966576883,-0.256359460,-0.001108043,0.002780150,stable
146999833177200,146999.832500000,0.001054520,-0.172380254,-0.039798740,0.966576751,-0.256359904,-0.001109508,0.002784444,stable
146999849497600,146999.848500000,0.001055319,-0.172380328,-0.039798386,0.966576474,-0.256360923,-0.001111803,0.002785783,stable
146999863340800,146999.862500000,0.001055436,-0.172380134,-0.039799191,0.966577065,-0.256358686,-0.001109067,0.002787604,stable
146999879373900,146999.878500000,0.001056145,-0.172380045,-0.039799605,0.966577374,-0.256357497,-0.001109790,0.002789490,stable
146999894890850,146999.894500000,0.001055490,-0.172379985,-0.039799854,0.966577562,-0.256356814,-0.001109432,0.002787585,stable
146999909993950,146999.909500000,0.001054867,-0.172380015,-0.039799727,0.966577482,-0.256357137,-0.001110917,0.002784809,stable
146999924980300,146999.924500000,0.001054497,-0.172379792,-0.039800718,0.966578211,-0.256354398,-0.001109641,0.002784301,stable
146999941019700,146999.939500000,0.001054667,-0.172379658,-0.039801288,0.966578647,-0.256352748,-0.001109009,0.002785180,stable
146999956255900,146999.955500000,0.001054989,-0.172379822,-0.039800562,0.966578105,-0.256354787,-0.001112501,0.002784362,stable
146999970727800,146999.969500000,0.001054779,-0.172379851,-0.039800420,0.966577996,-0.256355207,-0.001113391,0.002783222,stable
146999986748050,146999.985500000,0.001055445,-0.172379747,-0.039800856,0.966578305,-0.256354018,-0.001113364,0.002785366,stable
147000002406600,147000.001500000,0.001055820,-0.172379762,-0.039800793,0.966578265,-0.256354158,-0.001114910,0.002785747,stable
147000017893700,147000.016500000,0.001054781,-0.172379717,-0.039801016,0.966578440,-0.256353532,-0.001113887,0.002782967,stable
147000032927300,147000.031500000,0.001055264,-0.172379866,-0.039800350,0.966577937,-0.256355416,-0.001116268,0.002783250,stable
147000049025700,147000.047500000,0.001056170,-0.172380105,-0.039799295,0.966577148,-0.256358363,-0.001118359,0.002785040,stable
147000063837150,147000.062500000,0.001056350,-0.172380477,-0.039797686,0.966575952,-0.256362864,-0.001116680,0.002786503,stable
147000078863100,147000.077500000,0.001057109,-0.172380164,-0.039799038,0.966576950,-0.256359075,-0.001118975,0.002787716,stable
147000094990150,147000.093500000,0.001056406,-0.172380075,-0.039799418,0.966577240,-0.256358000,-0.001114245,0.002787968,stable
147000110972100,147000.109500000,0.001057249,-0.172379926,-0.039800070,0.966577715,-0.256356181,-0.001115761,0.002789865,stable
147000125942750,147000.124500000,0.001058021,-0.172380373,-0.039798096,0.966576245,-0.256361698,-0.001116241,0.002792074,stable
147000140383550,147000.139500000,0.001058236,-0.172380537,-0.039797407,0.966575739,-0.256363600,-0.001116603,0.002792570,stable
147000155762050,147000.154500000,0.001058156,-0.172381029,-0.039795276,0.966574141,-0.256369623,-0.001113737,0.002793828,stable
147000171883650,147000.170500000,0.001057997,-0.172381058,-0.039795119,0.966574032,-0.256370043,-0.001115861,0.002792196,stable
147000186789000,147000.185500000,0.001058748,-0.172381222,-0.039794423,0.966573504,-0.256372010,-0.001118731,0.002793081,stable
147000202868400,147000.201500000,0.001059009,-0.172381431,-0.039793499,0.966572813,-0.256374609,-0.001119753,0.002793374,stable
147000218530000,147000.217500000,0.001058936,-0.172381684,-0.039792437,0.966572024,-0.256377586,-0.001118840,0.002793623,stable
147000234555200,147000.233500000,0.001058534,-0.172381267,-0.039794244,0.966573373,-0.256372515,-0.001119017,0.002792245,stable
147000250893950,147000.249500000,0.001057805,-0.172381327,-0.039794002,0.966573204,-0.256373174,-0.001116340,0.002791330,stable
147000265555650,147000.264500000,0.001058578,-0.172381371,-0.039793801,0.966573049,-0.256373730,-0.001116424,0.002793754,stable
147000281598350,147000.280500000,0.001057656,-0.172381043,-0.039795242,0.966574124,-0.256369708,-0.001114296,0.002791932,stable
147000296686150,147000.295500000,0.001057823,-0.172380880,-0.039795902,0.966574619,-0.256367835,-0.001115789,0.002791680,stable
147000312993600,147000.311500000,0.001059325,-0.172381178,-0.039794602,0.966573633,-0.256371506,-0.001118736,0.002794922,stable
147000328344600,147000.327500000,0.001059631,-0.172381371,-0.039793726,0.966572989,-0.256373923,-0.001119128,0.002795690,stable
147000343314900,147000.342500000,0.001061013,-0.172381416,-0.039793540,0.966572836,-0.256374453,-0.001119922,0.002799688,stable
147000358479150,147000.357500000,0.001059848,-0.172381252,-0.039794236,0.966573361,-0.256372512,-0.001117760,0.002797109,stable
147000373928350,147000.372500000,0.001059220,-0.172381133,-0.039794765,0.966573751,-0.256371059,-0.001113622,0.002797289,stable
147000389913550,147000.388500000,0.001058371,-0.172381178,-0.039794587,0.966573624,-0.256371563,-0.001113108,0.002794847,stable
147000405621750,147000.404500000,0.001058966,-0.172381058,-0.039795108,0.966574009,-0.256370096,-0.001114547,0.002795988,stable
147000422023550,147000.420500000,0.001059695,-0.172381058,-0.039795108,0.966574002,-0.256370094,-0.001113942,0.002798639,stable
147000437291100,147000.436500000,0.001058439,-0.172380865,-0.039795946,0.966574635,-0.256367748,-0.001112454,0.002795410,stable
147000453983600,147000.452600000,0.001058465,-0.172380522,-0.039797481,0.966575772,-0.256363460,-0.001110883,0.002796327,stable
147000468615250,147000.467600000,0.001058800,-0.172380552,-0.039797314,0.966575650,-0.256363906,-0.001109460,0.002798149,stable
147000484763950,147000.483600000,0.001058024,-0.172380313,-0.039798394,0.966576453,-0.256360901,-0.001107282,0.002796821,stable
147000499785200,147000.498600000,0.001057633,-0.172380447,-0.039797783,0.966576009,-0.256362595,-0.001109774,0.002794251,stable
147000515367850,147000.514600000,0.001058434,-0.172380000,-0.039799698,0.966577425,-0.256357226,-0.001108548,0.002797462,stable
147000530323600,147000.529600000,0.001058590,-0.172379762,-0.039800711,0.966578172,-0.256354402,-0.001107631,0.002798447,stable
147000545826400,147000.544600000,0.001056912,-0.172379494,-0.039801925,0.966579079,-0.256351038,-0.001106249,0.002793814,stable
147000561386600,147000.560600000,0.001057356,-0.172379822,-0.039800517,0.966578035,-0.256354964,-0.001109621,0.002793452,stable
147000576329100,147000.575600000,0.001057153,-0.172379851,-0.039800394,0.966577958,-0.256355259,-0.001108618,0.002793332,stable
147000591340600,147000.590600000,0.001058033,-0.172379881,-0.039800242,0.966577824,-0.256355732,-0.001106746,0.002797134,stable
147000607436200,147000.606600000,0.001059004,-0.172379956,-0.039799858,0.966577538,-0.256356778,-0.001108955,0.002799069,stable
147000622868750,147000.621600000,0.001058873,-0.172380209,-0.039798785,0.966576743,-0.256359782,-0.001108341,0.002798975,stable
147000638780950,147000.637600000,0.001059475,-0.172379941,-0.039799921,0.966577575,-0.256356623,-0.001108816,0.002800650,stable
147000654937900,147000.653600000,0.001059557,-0.172380030,-0.039799567,0.966577320,-0.256357586,-0.001110673,0.002799930,stable
147000669581150,147000.668600000,0.001060891,-0.172379926,-0.039799936,0.966577579,-0.256356564,-0.001112859,0.002803040,stable
147000685584850,147000.684600000,0.001060803,-0.172379553,-0.039801564,0.966578795,-0.256351981,-0.001112092,0.002803165,stable
147000700683200,147000.699600000,0.001061032,-0.172379747,-0.039800711,0.966578161,-0.256354369,-0.001114726,0.002802505,stable
147000716320500,147000.715600000,0.001062297,-0.172379524,-0.039801650,0.966578855,-0.256351711,-0.001117490,0.002805088,stable
147000732352550,147000.731600000,0.001061264,-0.172379449,-0.039802019,0.966579130,-0.256350708,-0.001114731,0.002803243,stable
147000747723550,147000.746600000,0.001060284,-0.172379285,-0.039802760,0.966579687,-0.256348641,-0.001115804,0.002799546,stable
147000763350550,147000.762600000,0.001060707,-0.172379658,-0.039801136,0.966578483,-0.256353170,-0.001118185,0.002799636,stable
147000778336900,147000.777600000,0.001061762,-0.172379345,-0.039802454,0.966579460,-0.256349451,-0.001119688,0.002802215,stable
147000793706050,147000.792600000,0.001062101,-0.172379717,-0.039800845,0.966578253,-0.256353990,-0.001120109,0.002803076,stable
147000809954250,147000.808600000,0.001061877,-0.172379494,-0.039801810,0.966578979,-0.256351265,-0.001121918,0.002801405,stable
147000825975200,147000.824600000,0.001060194,-0.172379136,-0.039803401,0.966580171,-0.256346827,-0.001119391,0.002797364,stable
147000842028900,147000.841000000,0.001060081,-0.172379225,-0.039803017,0.966579888,-0.256347902,-0.001122806,0.002795195,stable
147000856542200,147000.856000000,0.001059728,-0.172378927,-0.039804328,0.966580873,-0.256344201,-0.001123586,0.002793658,stable
147000872318100,147000.872000000,0.001061260,-0.172378629,-0.039805565,0.966581785,-0.256340717,-0.001130117,0.002795105,stable
147000888020250,147000.887000000,0.001061891,-0.172378868,-0.039804500,0.966580979,-0.256343734,-0.001130672,0.002796825,stable
147000902329200,147000.902000000,0.001062174,-0.172378853,-0.039804555,0.966581028,-0.256343539,-0.001130845,0.002797641,stable
147000917772350,147000.917000000,0.001062216,-0.172379047,-0.039803747,0.966580417,-0.256345843,-0.001131447,0.002797455,stable
147000932811900,147000.932000000,0.001062274,-0.172379270,-0.039802749,0.966579683,-0.256348612,-0.001133377,0.002796620,stable
147000948363200,147000.948000000,0.001063682,-0.172379509,-0.039801724,0.966578919,-0.256351446,-0.001134354,0.002800601,stable
147000963761950,147000.963000000,0.001064070,-0.172379300,-0.039802589,0.966579537,-0.256349096,-0.001131652,0.002803271,stable
147000978836800,147000.978000000,0.001064111,-0.172379375,-0.039802276,0.966579318,-0.256349921,-0.001130101,0.002804222,stable
147000994385600,147000.994000000,0.001064348,-0.172379479,-0.039801843,0.966578990,-0.256351149,-0.001131120,0.002804439,stable
147001009886950,147001.009000000,0.001063501,-0.172379464,-0.039801922,0.966579052,-0.256350941,-0.001129259,0.002802717,stable
147001025885300,147001.025000000,0.001063464,-0.172379389,-0.039802227,0.966579283,-0.256350075,-0.001130981,0.002801690,stable
147001040877450,147001.040000000,0.001062641,-0.172379464,-0.039801929,0.966579078,-0.256350874,-0.001129167,0.002800016,stable
147001056421200,147001.056000000,0.001061673,-0.172379777,-0.039800562,0.966578056,-0.256354760,-0.001128113,0.002797479,stable
147001071896500,147001.071000000,0.001061379,-0.172379807,-0.039800499,0.966578014,-0.256354928,-0.001128047,0.002796571,stable
147001086730100,147001.086000000,0.001061580,-0.172379911,-0.039799992,0.966577642,-0.256356327,-0.001129111,0.002796654,stable
147001102857900,147001.102000000,0.001059393,-0.172379792,-0.039800584,0.966578093,-0.256354695,-0.001124023,0.002792352,stable
147001118400600,147001.118000000,0.001059344,-0.172380298,-0.039798424,0.966576481,-0.256360774,-0.001123057,0.002792702,stable
147001133436100,147001.133000000,0.001060514,-0.172380418,-0.039797869,0.966576059,-0.256362324,-0.001124576,0.002795638,stable
147001148993250,147001.148000000,0.001060036,-0.172380030,-0.039799511,0.966577287,-0.256357712,-0.001123808,0.002794518,stable
147001164371200,147001.164000000,0.001059120,-0.172380313,-0.039798338,0.966576419,-0.256361012,-0.001119885,0.002793664,stable
147001179453800,147001.179000000,0.001058474,-0.172380075,-0.039799392,0.966577206,-0.256358064,-0.001120289,0.002791387,stable
147001194782050,147001.194000000,0.001056568,-0.172380030,-0.039799608,0.966577382,-0.256357468,-0.001120426,0.002785220,stable
147001209976650,147001.209000000,0.001056387,-0.172380030,-0.039799653,0.966577416,-0.256357344,-0.001119050,0.002785370,stable
147001224981500,147001.224000000,0.001057112,-0.172380015,-0.039799683,0.966577441,-0.256357229,-0.001121553,0.002786363,stable
147001240979100,147001.240000000,0.001056267,-0.172380105,-0.039799310,0.966577183,-0.256358237,-0.001124986,0.002781848,stable
147001256371400,147001.256000000,0.001057924,-0.172379896,-0.039800175,0.966577798,-0.256355858,-0.001124295,0.002787512,stable
147001271836900,147001.271000000,0.001058050,-0.172379911,-0.039800137,0.966577774,-0.256355943,-0.001123230,0.002788476,stable
147001287747650,147001.287000000,0.001058656,-0.172380149,-0.039799076,0.966576969,-0.256358959,-0.001125077,0.002789436,stable
147001303465400,147001.303000000,0.001059711,-0.172380179,-0.039798889,0.966576827,-0.256359461,-0.001125699,0.002792482,stable
147001318856450,147001.318000000,0.001059886,-0.172379836,-0.039800391,0.966577956,-0.256355197,-0.001125386,0.002793207,stable
147001334985550,147001.334000000,0.001058965,-0.172380000,-0.039799694,0.966577441,-0.256357169,-0.001124654,0.002790649,stable
147001349900850,147001.349100000,0.001059675,-0.172379896,-0.039800145,0.966577769,-0.256355912,-0.001127161,0.002791595,stable
147001365446200,147001.365100000,0.001058242,-0.172380239,-0.039798658,0.966576672,-0.256360092,-0.001124498,0.002788421,stable
147001381477100,147001.381100000,0.001057620,-0.172380090,-0.039799355,0.966577192,-0.256358150,-0.001122797,0.002787331,stable
147001397513850,147001.397100000,0.001057361,-0.172379866,-0.039800346,0.966577928,-0.256355384,-0.001122558,0.002786629,stable
147001412926700,147001.412100000,0.001057364,-0.172379524,-0.039801799,0.966579015,-0.256351291,-0.001124559,0.002785583,stable
147001428971200,147001.428100000,0.001056846,-0.172379702,-0.039801046,0.966578467,-0.256353374,-0.001125319,0.002783526,stable
147001445024600,147001.444100000,0.001057004,-0.172379732,-0.039800912,0.966578363,-0.256353765,-0.001126721,0.002783287,stable
147001459733000,147001.459100000,0.001057873,-0.172379822,-0.039800510,0.966578052,-0.256354908,-0.001127212,0.002785806,stable
147001474699100,147001.474100000,0.001057394,-0.172380015,-0.039799694,0.966577455,-0.256357173,-0.001127537,0.002784105,stable
147001490719050,147001.490100000,0.001056789,-0.172379881,-0.039800283,0.966577879,-0.256355595,-0.001127070,0.002782417,stable
147001506394800,147001.506100000,0.001056753,-0.172380090,-0.039799340,0.966577202,-0.256358153,-0.001128115,0.002781750,stable
147001521820550,147001.521100000,0.001056897,-0.172380283,-0.039798494,0.966576570,-0.256360529,-0.001129248,0.002781609,stable
147001537843100,147001.537100000,0.001057340,-0.172380120,-0.039799228,0.966577092,-0.256358543,-0.001127105,0.002784160,stable
147001553500800,147001.553100000,0.001056196,-0.172379717,-0.039800972,0.966578409,-0.256353613,-0.001123536,0.002782388,stable
147001568912150,147001.568100000,0.001055797,-0.172379747,-0.039800894,0.966578349,-0.256353851,-0.001121058,0.002782422,stable
147001583971050,147001.583100000,0.001054738,-0.172379926,-0.039800122,0.966577787,-0.256356006,-0.001120494,0.002779335,stable
147001599953550,147001.599100000,0.001054020,-0.172379762,-0.039800838,0.966578322,-0.256354009,-0.001118711,0.002777984,stable
147001615487700,147001.615100000,0.001053446,-0.172380105,-0.039799411,0.966577260,-0.256358033,-0.001118616,0.002776199,stable
147001631507050,147001.631100000,0.001053700,-0.172380060,-0.039799593,0.966577392,-0.256357530,-0.001120331,0.002776105,stable
147001647074500,147001.646100000,0.001053035,-0.172380343,-0.039798375,0.966576497,-0.256360927,-0.001119527,0.002774401,stable
147001662560000,147001.662100000,0.001055098,-0.172380254,-0.039798703,0.966576724,-0.256360000,-0.001119656,0.002780929,stable
147001678540750,147001.678100000,0.001054776,-0.172380328,-0.039798394,0.966576496,-0.256360867,-0.001118603,0.002780455,stable
147001693943250,147001.693100000,0.001055072,-0.172380239,-0.039798796,0.966576799,-0.256359722,-0.001122396,0.002779396,stable
147001709499550,147001.709100000,0.001055220,-0.172380030,-0.039799653,0.966577443,-0.256357289,-0.001123705,0.002779180,stable
147001724512850,147001.724100000,0.001054663,-0.172379851,-0.039800446,0.966578025,-0.256355110,-0.001121168,0.002778741,stable
147001740519350,147001.740100000,0.001054940,-0.172379687,-0.039801124,0.966578538,-0.256353168,-0.001121688,0.002779352,stable
147001756909050,147001.756100000,0.001054122,-0.172379792,-0.039800704,0.966578219,-0.256354399,-0.001121399,0.002776891,stable
147001771713600,147001.771100000,0.001054414,-0.172379807,-0.039800636,0.966578160,-0.256354607,-0.001117176,0.002780055,stable
147001787610100,147001.787100000,0.001054859,-0.172379598,-0.039801553,0.966578844,-0.256352008,-0.001115931,0.002782135,stable
147001802610700,147001.802100000,0.001055147,-0.172379524,-0.039801851,0.966579053,-0.256351210,-0.001114354,0.002783891,stable
147001818284600,147001.818200000,0.001053853,-0.172379673,-0.039801236,0.966578615,-0.256352905,-0.001113053,0.002780441,stable
147001833310200,147001.833200000,0.001054362,-0.172379762,-0.039800838,0.966578318,-0.256354008,-0.001115304,0.002780878,stable
147001848693350,147001.848200000,0.001053627,-0.172379673,-0.039801270,0.966578631,-0.256352849,-0.001113087,0.002779702,stable
147001864380350,147001.864100000,0.001052220,-0.172379941,-0.039800100,0.966577784,-0.256356094,-0.001112376,0.002775579,stable
147001879326500,147001.879100000,0.001051078,-0.172379673,-0.039801337,0.966578701,-0.256352673,-0.001111228,0.002772534,stable
147001894880200,147001.894100000,0.001052142,-0.172379926,-0.039800234,0.966577881,-0.256355731,-0.001112401,0.002775315,stable
147001910876350,147001.910100000,0.001051511,-0.172379836,-0.039800573,0.966578137,-0.256354782,-0.001109827,0.002774659,stable
147001926865600,147001.926100000,0.001051477,-0.172379851,-0.039800532,0.966578104,-0.256354906,-0.001109564,0.002774690,stable
147001941859850,147001.941100000,0.001050733,-0.172379658,-0.039801374,0.966578728,-0.256352575,-0.001106401,0.002773982,stable
147001957427300,147001.957100000,0.001051230,-0.172379941,-0.039800148,0.966577816,-0.256355998,-0.001106606,0.002775462,stable
147001972863850,147001.972100000,0.001050771,-0.172379658,-0.039801411,0.966578758,-0.256352464,-0.001108265,0.002773118,stable
147001988791150,147001.988100000,0.001049749,-0.172379464,-0.039802253,0.966579392,-0.256350104,-0.001105670,0.002771224,stable
147002004385800,147002.004100000,0.001049660,-0.172379777,-0.039800879,0.966578374,-0.256353947,-0.001106755,0.002770364,stable
147002019776800,147002.019100000,0.001050716,-0.172380179,-0.039799172,0.966577091,-0.256358751,-0.001107813,0.002773181,stable
147002035752500,147002.035100000,0.001051681,-0.172380507,-0.039797667,0.966575968,-0.256362956,-0.001109562,0.002775339,stable
147002050868050,147002.050100000,0.001052639,-0.172380686,-0.039796904,0.966575407,-0.256365035,-0.001109522,0.002778421,stable
147002066998300,147002.066100000,0.001052222,-0.172380269,-0.039798740,0.966576772,-0.256359909,-0.001112151,0.002775702,stable
147002082483600,147002.082100000,0.001053493,-0.172380373,-0.039798241,0.966576380,-0.256361345,-0.001114059,0.002778754,stable
147002097473600,147002.097100000,0.001053050,-0.172380581,-0.039797332,0.966575723,-0.256363834,-0.001113152,0.002777816,stable
147002113041700,147002.112100000,0.001052384,-0.172380552,-0.039797459,0.966575815,-0.256363515,-0.001113966,0.002775259,stable
147002128951900,147002.128100000,0.001051984,-0.172380358,-0.039798319,0.966576458,-0.256361097,-0.001111575,0.002775246,stable
147002144566050,147002.144100000,0.001052339,-0.172380209,-0.039798964,0.966576930,-0.256359308,-0.001112005,0.002776154,stable
147002160043300,147002.159100000,0.001050737,-0.172380358,-0.039798383,0.966576505,-0.256360959,-0.001107085,0.002773633,stable
147002175057300,147002.174100000,0.001051566,-0.172380090,-0.039799474,0.966577321,-0.256357855,-0.001108940,0.002775302,stable
147002191030250,147002.190100000,0.001051136,-0.172380179,-0.039799158,0.966577081,-0.256358778,-0.001109794,0.002773477,stable
147002205560850,147002.205100000,0.001050460,-0.172380134,-0.039799366,0.966577245,-0.256358180,-0.001109298,0.002771579,stable
147002222065250,147002.221100000,0.001051899,-0.172380075,-0.039799582,0.966577389,-0.256357589,-0.001110418,0.002775586,stable
147002237872900,147002.237100000,0.001051551,-0.172379896,-0.039800365,0.966577978,-0.256355381,-0.001110025,0.002774682,stable
147002252767800,147002.252100000,0.001052063,-0.172379747,-0.039800953,0.966578417,-0.256353704,-0.001107572,0.002777614,stable
147002269017950,147002.268100000,0.001051530,-0.172379613,-0.039801598,0.966578892,-0.256351930,-0.001107009,0.002776209,stable
147002284156500,147002.283100000,0.001051113,-0.172379807,-0.039800763,0.966578273,-0.256354280,-0.001107458,0.002774638,stable
147002298907050,147002.298100000,0.001051358,-0.172379762,-0.039800953,0.966578424,-0.256353706,-0.001109346,0.002774424,stable
147002314460550,147002.314100000,0.001051635,-0.172379956,-0.039800070,0.966577755,-0.256356220,-0.001109738,0.002775102,stable
147002330489550,147002.330100000,0.001051082,-0.172380120,-0.039799362,0.966577240,-0.256358179,-0.001109572,0.002773420,stable
147002345989650,147002.345100000,0.001050513,-0.172380075,-0.039799597,0.966577419,-0.256357523,-0.001109711,0.002771528,stable
147002361508650,147002.361100000,0.001051047,-0.172380447,-0.039797969,0.966576214,-0.256362050,-0.001110469,0.002772833,stable
147002376497300,147002.376100000,0.001051562,-0.172380447,-0.039797947,0.966576184,-0.256362145,-0.001111173,0.002774108,stable
147002392511750,147002.392100000,0.001051458,-0.172380462,-0.039797924,0.966576169,-0.256362202,-0.001108761,0.002775051,stable
147002408052250,147002.407100000,0.001051017,-0.172380611,-0.039797232,0.966575658,-0.256364145,-0.001108794,0.002773620,stable
147002423597450,147002.423100000,0.001050697,-0.172380865,-0.039796177,0.966574871,-0.256367123,-0.001108063,0.002772984,stable
147002439486800,147002.439100000,0.001051710,-0.172381029,-0.039795458,0.966574333,-0.256369120,-0.001110090,0.002775151,stable
147002456032400,147002.455100000,0.001051479,-0.172381252,-0.039794493,0.966573616,-0.256371831,-0.001109749,0.002774591,stable
147002470532000,147002.470100000,0.001051233,-0.172381371,-0.039793953,0.966573213,-0.256373355,-0.001106959,0.002775277,stable
147002486578200,147002.486100000,0.001050704,-0.172381505,-0.039793387,0.966572791,-0.256374961,-0.001105324,0.002774452,stable
147002501728250,147002.501100000,0.001050999,-0.172381446,-0.039793637,0.966572978,-0.256374248,-0.001106848,0.002774590,stable
147002517359900,147002.517100000,0.001050870,-0.172381282,-0.039794359,0.966573509,-0.256372250,-0.001105990,0.002774632,stable
147002533035600,147002.532100000,0.001050972,-0.172381297,-0.039794303,0.966573470,-0.256372390,-0.001104437,0.002775779,stable
147002547782050,147002.547100000,0.001052092,-0.172381297,-0.039794251,0.966573427,-0.256372514,-0.001105803,0.002778636,stable
147002563373500,147002.563100000,0.001052430,-0.172381297,-0.039794281,0.966573447,-0.256372430,-0.001106076,0.002779572,stable
147002578737500,147002.578100000,0.001052123,-0.172381118,-0.039795049,0.966574020,-0.256370278,-0.001104802,0.002779265,stable
147002593914250,147002.593100000,0.001052096,-0.172381312,-0.039794188,0.966573379,-0.256372696,-0.001106576,0.002778241,stable
147002609788450,147002.609100000,0.001051691,-0.172381327,-0.039794158,0.966573360,-0.256372780,-0.001105689,0.002777413,stable
147002624730750,147002.624100000,0.001052410,-0.172381446,-0.039793622,0.966572957,-0.256374274,-0.001105714,0.002779699,stable
147002640790550,147002.640100000,0.001052827,-0.172381893,-0.039791647,0.966571482,-0.256379821,-0.001105395,0.002781197,stable
147002656369900,147002.656100000,0.001051541,-0.172381997,-0.039791252,0.966571193,-0.256380954,-0.001103339,0.002778172,stable
147002671877900,147002.671100000,0.001051297,-0.172382027,-0.039791141,0.966571117,-0.256381248,-0.001103447,0.002777338,stable
147002687812150,147002.687100000,0.001051541,-0.172382131,-0.039790690,0.966570781,-0.256382506,-0.001103721,0.002777969,stable
147002703705650,147002.703100000,0.001052062,-0.172381863,-0.039791845,0.966571631,-0.256379277,-0.001099718,0.002781752,stable
147002720040500,147002.719100000,0.001052222,-0.172382027,-0.039791070,0.966571044,-0.256381485,-0.001098333,0.002782995,stable
147002736055400,147002.735100000,0.001050749,-0.172381893,-0.039791703,0.966571529,-0.256379699,-0.001093396,0.002780897,stable
147002750384050,147002.750100000,0.001051399,-0.172381967,-0.039791353,0.966571272,-0.256380648,-0.001093682,0.002782821,stable
147002765846650,147002.765100000,0.001050137,-0.172381595,-0.039793044,0.966572530,-0.256375941,-0.001090077,0.002780694,stable
147002780823100,147002.780100000,0.001050000,-0.172381327,-0.039794158,0.966573354,-0.256372838,-0.001088764,0.002780952,stable
147002795937600,147002.795100000,0.001050349,-0.172381565,-0.039793141,0.966572600,-0.256375673,-0.001090285,0.002781264,stable
147002811822100,147002.811100000,0.001048683,-0.172381520,-0.039793398,0.966572793,-0.256374992,-0.001084115,0.002779200,stable
147002826897200,147002.826100000,0.001049104,-0.172381356,-0.039794084,0.966573305,-0.256373050,-0.001086475,0.002779297,stable
147002842918500,147002.842100000,0.001049402,-0.172381490,-0.039793476,0.966572851,-0.256374753,-0.001086631,0.002780167,stable
147002858480650,147002.858100000,0.001049529,-0.172381654,-0.039792754,0.966572312,-0.256376780,-0.001087975,0.002779863,stable
147002875024500,147002.874100000,0.001049496,-0.172381550,-0.039793260,0.966572683,-0.256375381,-0.001085946,0.002780828,stable
147002889471400,147002.889100000,0.001049874,-0.172381267,-0.039794423,0.966573550,-0.256372098,-0.001085636,0.002782202,stable
147002904535050,147002.904100000,0.001049465,-0.172381535,-0.039793275,0.966572690,-0.256375353,-0.001084571,0.002781457,stable
147002920038050,147002.919100000,0.001049389,-0.172381416,-0.039793830,0.966573112,-0.256373761,-0.001082876,0.002782111,stable
147002936060000,147002.935100000,0.001049117,-0.172381341,-0.039794125,0.966573333,-0.256372938,-0.001082699,0.002781334,stable
147002951480600,147002.951100000,0.001049341,-0.172381282,-0.039794423,0.966573556,-0.256372097,-0.001086652,0.002779962,stable
147002967086500,147002.966100000,0.001050445,-0.172381118,-0.039795108,0.966574051,-0.256370195,-0.001088628,0.002782447,stable
147002982062450,147002.981100000,0.001049685,-0.172380984,-0.039795697,0.966574495,-0.256368549,-0.001090717,0.002778914,stable
147002997668650,147002.997100000,0.001050779,-0.172381222,-0.039794646,0.966573707,-0.256371480,-0.001088957,0.002783343,stable
147003014071950,147003.013100000,0.001048859,-0.172381416,-0.039793860,0.966573140,-0.256373679,-0.001085899,0.002778817,stable
147003029965200,147003.029100000,0.001047892,-0.172381207,-0.039794780,0.966573839,-0.256371082,-0.001087439,0.002774916,stable
147003044806650,147003.044100000,0.001047253,-0.172380835,-0.039796401,0.966575044,-0.256366556,-0.001085456,0.002773922,stable
147003060367800,147003.060100000,0.001047862,-0.172380820,-0.039796457,0.966575081,-0.256366400,-0.001087442,0.002774819,stable
147003076360900,147003.076100000,0.001047394,-0.172380537,-0.039797667,0.966575993,-0.256362978,-0.001087066,0.002773524,stable
147003092047900,147003.091100000,0.001048087,-0.172380462,-0.039798014,0.966576238,-0.256362024,-0.001085478,0.002776578,stable
147003107057450,147003.106100000,0.001048512,-0.172380581,-0.039797485,0.966575831,-0.256363549,-0.001086258,0.002777525,stable
147003122598700,147003.122100000,0.001047643,-0.172380939,-0.039795928,0.966574685,-0.256367896,-0.001084912,0.002775455,stable
147003137559150,147003.137100000,0.001047389,-0.172380954,-0.039795853,0.966574632,-0.256368107,-0.001085079,0.002774555,stable
147003154020500,147003.153100000,0.001047113,-0.172381118,-0.039795164,0.966574126,-0.256370020,-0.001083607,0.002774452,stable
147003168603650,147003.168200000,0.001046046,-0.172381207,-0.039794806,0.966573860,-0.256371058,-0.001081790,0.002772001,stable
147003183635200,147003.183200000,0.001046657,-0.172381431,-0.039793856,0.966573164,-0.256373670,-0.001087044,0.002771176,stable
147003199030850,147003.198200000,0.001045892,-0.172381580,-0.039793208,0.966572677,-0.256375529,-0.001085572,0.002769507,stable
147003216080850,147003.215200000,0.001045561,-0.172381267,-0.039794557,0.966573684,-0.256371742,-0.001085525,0.002768476,stable
147003231275500,147003.231200000,0.001045057,-0.172381520,-0.039793491,0.966572899,-0.256374722,-0.001086218,0.002766495,stable
147003246422500,147003.246200000,0.001046425,-0.172381476,-0.039793644,0.966573007,-0.256374272,-0.001088731,0.002769542,stable
147003261782350,147003.261200000,0.001045484,-0.172381118,-0.039795198,0.966574159,-0.256369955,-0.001086278,0.002767831,stable
147003277765200,147003.277200000,0.001044992,-0.172381237,-0.039794680,0.966573786,-0.256371382,-0.001087148,0.002765798,stable
147003293845700,147003.293200000,0.001043831,-0.172381029,-0.039795667,0.966574521,-0.256368644,-0.001083860,0.002763827,stable
147003309086450,147003.308200000,0.001042913,-0.172380686,-0.039797142,0.966575618,-0.256364537,-0.001080821,0.002762500,stable
147003324827500,147003.324200000,0.001043193,-0.172380924,-0.039796084,0.966574845,-0.256367444,-0.001082662,0.002762421,stable
147003339754350,147003.339200000,0.001042684,-0.172380880,-0.039796304,0.966575004,-0.256366859,-0.001080727,0.002761816,stable
147003355418900,147003.355200000,0.001043536,-0.172381103,-0.039795317,0.966574263,-0.256369624,-0.001081244,0.002764264,stable
147003370946150,147003.370200000,0.001042430,-0.172381416,-0.039793979,0.966573274,-0.256373385,-0.001078941,0.002761945,stable
147003385999800,147003.385200000,0.001043196,-0.172381714,-0.039792679,0.966572304,-0.256377017,-0.001079530,0.002764080,stable
147003401950100,147003.401100000,0.001044538,-0.172381282,-0.039794520,0.966573670,-0.256371830,-0.001085508,0.002765215,stable
147003417561500,147003.417100000,0.001043329,-0.172381699,-0.039792772,0.966572374,-0.256376751,-0.001081016,0.002763721,stable
147003432470200,147003.432100000,0.001044883,-0.172381625,-0.039793011,0.966572544,-0.256376063,-0.001085890,0.002766115,stable
147003448055050,147003.447100000,0.001043884,-0.172381788,-0.039792322,0.966572030,-0.256378035,-0.001084570,0.002763618,stable
147003463536500,147003.463100000,0.001044115,-0.172382057,-0.039791204,0.966571206,-0.256381137,-0.001085697,0.002763758,stable
147003478595700,147003.478100000,0.001043433,-0.172382429,-0.039789617,0.966570037,-0.256385569,-0.001087103,0.002760835,stable
147003494026000,147003.493100000,0.001043370,-0.172382236,-0.039790425,0.966570638,-0.256383306,-0.001087082,0.002760643,stable
147003509440100,147003.509100000,0.001043550,-0.172382221,-0.039790500,0.966570684,-0.256383123,-0.001086977,0.002761276,stable
147003524505850,147003.524100000,0.001045284,-0.172382206,-0.039790515,0.966570686,-0.256383064,-0.001091001,0.002764690,stable
147003539505800,147003.539100000,0.001045944,-0.172381982,-0.039791457,0.966571391,-0.256380379,-0.001088934,0.002767895,stable
147003555008000,147003.554100000,0.001045921,-0.172381967,-0.039791510,0.966571420,-0.256380268,-0.001087933,0.002768352,stable
147003570550450,147003.570100000,0.001045726,-0.172382250,-0.039790273,0.966570506,-0.256383720,-0.001086990,0.002768223,stable
147003586575150,147003.586100000,0.001045805,-0.172382429,-0.039789554,0.966569968,-0.256385746,-0.001087444,0.002768234,stable
147003602525400,147003.602100000,0.001046030,-0.172382221,-0.039790448,0.966570630,-0.256383244,-0.001088779,0.002768250,stable
147003618057750,147003.617100000,0.001046817,-0.172382146,-0.039790694,0.966570806,-0.256382556,-0.001088888,0.002770710,stable
147003634053550,147003.633100000,0.001047541,-0.172382161,-0.039790612,0.966570736,-0.256382793,-0.001088526,0.002773215,stable
147003650061850,147003.649100000,0.001047922,-0.172381908,-0.039791752,0.966571585,-0.256379579,-0.001087897,0.002774766,stable
147003664694000,147003.664100000,0.001048263,-0.172381684,-0.039792679,0.966572261,-0.256377019,-0.001087776,0.002775920,stable
147003680702500,147003.680100000,0.001048009,-0.172381610,-0.039792988,0.966572492,-0.256376155,-0.001087797,0.002775100,stable
147003696391350,147003.696100000,0.001048593,-0.172381744,-0.039792426,0.966572083,-0.256377675,-0.001086119,0.002777850,stable
147003713024150,147003.712100000,0.001047995,-0.172381446,-0.039793730,0.966573055,-0.256374030,-0.001084760,0.002776657,stable
147003726986300,147003.726100000,0.001047326,-0.172381192,-0.039794825,0.966573872,-0.256370970,-0.001084105,0.002774868,stable
147003744017200,147003.743100000,0.001047333,-0.172381386,-0.039794013,0.966573265,-0.256373263,-0.001086659,0.002773540,stable
147003758671200,147003.758100000,0.001049066,-0.172381014,-0.039795559,0.966574404,-0.256368912,-0.001089799,0.002777423,stable
147003775054450,147003.774100000,0.001049871,-0.172381192,-0.039794803,0.966573838,-0.256371022,-0.001092895,0.002778357,stable
147003790028850,147003.789100000,0.001050626,-0.172381416,-0.039793756,0.966573066,-0.256373914,-0.001095882,0.002779190,stable
147003805726150,147003.805100000,0.001051137,-0.172381535,-0.039793253,0.966572680,-0.256375351,-0.001097053,0.002780206,stable
147003822071350,147003.821100000,0.001052433,-0.172381401,-0.039793808,0.966573089,-0.256373769,-0.001098859,0.002783394,stable
147003836383850,147003.836100000,0.001053386,-0.172381476,-0.039793454,0.966572822,-0.256374747,-0.001103895,0.002783779,stable
147003851873050,147003.851100000,0.001053558,-0.172381610,-0.039792895,0.966572410,-0.256376298,-0.001106244,0.002783088,stable
147003867406350,147003.867100000,0.001053023,-0.172381684,-0.039792549,0.966572155,-0.256377277,-0.001104370,0.002782366,stable
147003883385300,147003.883100000,0.001053498,-0.172381803,-0.039792039,0.966571770,-0.256378716,-0.001106916,0.002782540,stable
147003898754750,147003.898100000,0.001053326,-0.172381923,-0.039791528,0.966571393,-0.256380142,-0.001107075,0.002781905,stable
147003914497600,147003.914100000,0.001053287,-0.172382027,-0.039791040,0.966571018,-0.256381552,-0.001103599,0.002783618,stable
147003929527550,147003.929100000,0.001054081,-0.172382221,-0.039790243,0.966570422,-0.256383773,-0.001105218,0.002785298,stable
147003944995000,147003.944100000,0.001053931,-0.172382444,-0.039789226,0.966569671,-0.256386610,-0.001105740,0.002784542,stable
147003960538150,147003.960100000,0.001054810,-0.172382325,-0.039789755,0.966570069,-0.256385085,-0.001107346,0.002786504,stable
147003976471600,147003.976100000,0.001055997,-0.172382027,-0.039791007,0.966570981,-0.256381603,-0.001106866,0.002790553,stable
147003991575300,147003.991100000,0.001056371,-0.172382057,-0.039790884,0.966570883,-0.256381964,-0.001109120,0.002790556,stable
147004007038900,147004.006100000,0.001056135,-0.172381938,-0.039791413,0.966571289,-0.256380443,-0.001110277,0.002789191,stable
147004022616200,147004.022100000,0.001055882,-0.172381893,-0.039791584,0.966571409,-0.256379997,-0.001108443,0.002789352,stable
147004037628300,147004.037100000,0.001054388,-0.172382101,-0.039790694,0.966570765,-0.256382473,-0.001106303,0.002785708,stable
147004053069700,147004.052100000,0.001055605,-0.172382101,-0.039790697,0.966570754,-0.256382470,-0.001106155,0.002789674,stable
147004068637750,147004.068100000,0.001055338,-0.172381967,-0.039791275,0.966571183,-0.256380864,-0.001107146,0.002788297,stable
147004083692250,147004.083100000,0.001054106,-0.172381774,-0.039792139,0.966571835,-0.256378447,-0.001105557,0.002785202,stable
147004099063000,147004.098100000,0.001055634,-0.172381714,-0.039792363,0.966571996,-0.256377789,-0.001107753,0.002788927,stable
147004114808550,147004.114100000,0.001056737,-0.172381639,-0.039792635,0.966572192,-0.256377018,-0.001110663,0.002790914,stable
147004129843850,147004.129100000,0.001057250,-0.172381535,-0.039793085,0.966572529,-0.256375732,-0.001111910,0.002791895,stable
147004145454300,147004.145100000,0.001058305,-0.172381505,-0.039793201,0.966572598,-0.256375434,-0.001112644,0.002794881,stable
147004160874800,147004.160100000,0.001059325,-0.172381550,-0.039792962,0.966572415,-0.256376091,-0.001114887,0.002796955,stable
147004176918450,147004.176100000,0.001060059,-0.172381461,-0.039793376,0.966572709,-0.256374957,-0.001112986,0.002800306,stable
147004192908700,147004.192100000,0.001058551,-0.172381684,-0.039792433,0.966572017,-0.256377614,-0.001111834,0.002796094,stable
147004207954300,147004.207100000,0.001057690,-0.172381669,-0.039792497,0.966572080,-0.256377406,-0.001111949,0.002793278,stable
147004223481700,147004.223100000,0.001058219,-0.172381625,-0.039792653,0.966572187,-0.256376987,-0.001112948,0.002794444,stable
147004239452700,147004.239100000,0.001058245,-0.172381654,-0.039792582,0.966572151,-0.256377127,-0.001114767,0.002793563,stable
147004254980650,147004.254100000,0.001058415,-0.172381788,-0.039791945,0.966571663,-0.256378958,-0.001115046,0.002793959,stable
147004270465500,147004.270100000,0.001058321,-0.172382176,-0.039790265,0.966570415,-0.256383666,-0.001114431,0.002793982,stable
147004286480700,147004.286100000,0.001058629,-0.172382340,-0.039789584,0.966569907,-0.256385567,-0.001112275,0.002796108,stable
147004301560550,147004.301100000,0.001057712,-0.172382340,-0.039789602,0.966569921,-0.256385541,-0.001108282,0.002795287,stable
147004316906600,147004.316100000,0.001057396,-0.172382027,-0.039790943,0.966570921,-0.256381782,-0.001108811,0.002793998,stable
147004331957200,147004.331100000,0.001057072,-0.172382280,-0.039789863,0.966570116,-0.256384828,-0.001108615,0.002793064,stable
147004347631550,147004.347100000,0.001057035,-0.172382608,-0.039788477,0.966569090,-0.256388699,-0.001109943,0.002792242,stable
147004363043050,147004.362100000,0.001058714,-0.172382697,-0.039788000,0.966568727,-0.256390010,-0.001110405,0.002797362,stable
147004379074800,147004.378100000,0.001059797,-0.172382951,-0.039786920,0.966567921,-0.256393012,-0.001110373,0.002800842,stable
147004394085400,147004.393100000,0.001059415,-0.172383398,-0.039784994,0.966566475,-0.256398476,-0.001109117,0.002800283,stable
147004409611550,147004.409100000,0.001059218,-0.172383487,-0.039784618,0.966566201,-0.256399511,-0.001107257,0.002800635,stable
147004425584750,147004.425100000,0.001058605,-0.172383353,-0.039785162,0.966566599,-0.256398030,-0.001106293,0.002799185,stable
147004440571350,147004.440100000,0.001059200,-0.172383264,-0.039785556,0.966566895,-0.256396899,-0.001109557,0.002799363,stable
147004456066800,147004.455100000,0.001058531,-0.172383264,-0.039785560,0.966566900,-0.256396900,-0.001106219,0.002798988,stable
147004471633400,147004.471100000,0.001059065,-0.172383189,-0.039785888,0.966567140,-0.256395977,-0.001108053,0.002799728,stable
147004487564400,147004.487100000,0.001059452,-0.172382817,-0.039787516,0.966568357,-0.256391378,-0.001108784,0.002800578,stable
147004504081350,147004.503100000,0.001060023,-0.172382683,-0.039788052,0.966568745,-0.256389896,-0.001109423,0.002802069,stable
147004518592200,147004.518200000,0.001059590,-0.172382563,-0.039788585,0.966569145,-0.256388401,-0.001108873,0.002800973,stable
147004534595200,147004.534200000,0.001059720,-0.172382489,-0.039788887,0.966569375,-0.256387535,-0.001110742,0.002800402,stable
147004551088900,147004.550200000,0.001059560,-0.172382623,-0.039788343,0.966568972,-0.256389058,-0.001111549,0.002799465,stable
147004565746050,147004.565200000,0.001059548,-0.172382414,-0.039789259,0.966569654,-0.256386487,-0.001111091,0.002799667,stable
147004580759600,147004.580200000,0.001059816,-0.172382250,-0.039789915,0.966570142,-0.256384642,-0.001112546,0.002799758,stable
147004596357200,147004.596200000,0.001058875,-0.172382399,-0.039789330,0.966569705,-0.256386319,-0.001110731,0.002797708,stable
147004612037500,147004.611200000,0.001058843,-0.172382653,-0.039788187,0.966568860,-0.256389507,-0.001111237,0.002797337,stable
147004628008950,147004.627200000,0.001060071,-0.172382832,-0.039787412,0.966568272,-0.256391683,-0.001113196,0.002800226,stable
147004643024950,147004.642200000,0.001059499,-0.172382876,-0.039787237,0.966568143,-0.256392187,-0.001112453,0.002798791,stable
147004658063450,147004.657200000,0.001060079,-0.172383040,-0.039786518,0.966567608,-0.256394184,-0.001110924,0.002801452,stable
147004673622950,147004.673200000,0.001058827,-0.172383189,-0.039785862,0.966567129,-0.256396033,-0.001111064,0.002797375,stable
147004689753550,147004.689200000,0.001056991,-0.172383398,-0.039785065,0.966566551,-0.256398272,-0.001108884,0.002792656,stable
147004704772600,147004.704200000,0.001057948,-0.172383532,-0.039784402,0.966566046,-0.256400143,-0.001109935,0.002795159,stable
147004720933600,147004.720200000,0.001057236,-0.172383443,-0.039784808,0.966566352,-0.256399011,-0.001107577,0.002794130,stable
147004736409600,147004.736200000,0.001056975,-0.172383428,-0.039784893,0.966566424,-0.256398746,-0.001106396,0.002793920,stable
147004751777600,147004.751200000,0.001057846,-0.172383547,-0.039784394,0.966566038,-0.256400171,-0.001106271,0.002796770,stable
147004767386050,147004.767200000,0.001058199,-0.172383308,-0.039785393,0.966566784,-0.256397346,-0.001104480,0.002798845,stable
147004782467900,147004.782200000,0.001058372,-0.172383219,-0.039785787,0.966567076,-0.256396244,-0.001107606,0.002797748,stable
147004798475500,147004.798200000,0.001057638,-0.172383070,-0.039786421,0.966567557,-0.256394455,-0.001106731,0.002795866,stable
147004815080750,147004.814200000,0.001058759,-0.172383010,-0.039786670,0.966567729,-0.256393770,-0.001109940,0.002797753,stable
147004829374050,147004.829200000,0.001059507,-0.172382995,-0.039786689,0.966567741,-0.256393697,-0.001108697,0.002800801,stable
147004844834150,147004.844200000,0.001058833,-0.172382802,-0.039787553,0.966568385,-0.256391294,-0.001109863,0.002798029,stable
147004860494250,147004.860200000,0.001058084,-0.172382891,-0.039787199,0.966568132,-0.256392274,-0.001109638,0.002795755,stable
147004876378600,147004.876200000,0.001057297,-0.172382668,-0.039788201,0.966568883,-0.256389468,-0.001106969,0.002794649,stable
147004891416800,147004.891200000,0.001057238,-0.172382578,-0.039788596,0.966569173,-0.256388377,-0.001107570,0.002794144,stable
147004906522900,147004.906200000,0.001057282,-0.172382712,-0.039788026,0.966568757,-0.256389943,-0.001108134,0.002793985,stable
147004921933600,147004.921200000,0.001055770,-0.172382578,-0.039788593,0.966569177,-0.256388408,-0.001103581,0.002791561,stable
147004937889100,147004.936900000,0.001055449,-0.172382608,-0.039788485,0.966569102,-0.256388702,-0.001104959,0.002789806,stable
147004953501150,147004.952900000,0.001055745,-0.172382370,-0.039789528,0.966569877,-0.256385767,-0.001103520,0.002791514,stable
147004968875050,147004.967900000,0.001056102,-0.172382236,-0.039790090,0.966570291,-0.256384201,-0.001107407,0.002790601,stable
147004984920750,147004.983900000,0.001056382,-0.172382519,-0.039788861,0.966569380,-0.256387625,-0.001107036,0.002791691,stable
147005000828800,147004.999900000,0.001056910,-0.172382474,-0.039789017,0.966569503,-0.256387149,-0.001110515,0.002791539,stable
147005017139050,147005.015900000,0.001056257,-0.172382057,-0.039790884,0.966570883,-0.256381965,-0.001108941,0.002790288,stable
147005031559800,147005.030900000,0.001054553,-0.172381923,-0.039791487,0.966571349,-0.256380265,-0.001105729,0.002786540,stable
147005047011250,147005.045900000,0.001054098,-0.172381952,-0.039791342,0.966571253,-0.256380642,-0.001105127,0.002785401,stable
147005062566700,147005.061900000,0.001054911,-0.172382072,-0.039790817,0.966570839,-0.256382177,-0.001107035,0.002786993,stable
147005078604800,147005.077900000,0.001055217,-0.172381938,-0.039791439,0.966571314,-0.256380375,-0.001107711,0.002787614,stable
147005094029000,147005.092900000,0.001055783,-0.172381863,-0.039791722,0.966571520,-0.256379577,-0.001106551,0.002790037,stable
147005110109950,147005.108900000,0.001056049,-0.172382131,-0.039790552,0.966570640,-0.256382889,-0.001108279,0.002789973,stable
147005126076750,147005.124900000,0.001056588,-0.172381818,-0.039791875,0.966571615,-0.256379197,-0.001110459,0.002790544,stable
147005142064450,147005.140900000,0.001055841,-0.172381848,-0.039791808,0.966571576,-0.256379368,-0.001108537,0.002789172,stable
147005156654950,147005.155900000,0.001054696,-0.172381699,-0.039792467,0.966572083,-0.256377496,-0.001109161,0.002785183,stable
147005173107400,147005.171900000,0.001054590,-0.172381654,-0.039792661,0.966572221,-0.256376981,-0.001108720,0.002785076,stable
147005188076100,147005.186900000,0.001054051,-0.172381759,-0.039792191,0.966571877,-0.256378295,-0.001107943,0.002783763,stable
147005204074250,147005.202900000,0.001053628,-0.172381610,-0.039792866,0.966572376,-0.256376424,-0.001106093,0.002783390,stable
147005218752300,147005.217900000,0.001052981,-0.172381639,-0.039792750,0.966572304,-0.256376719,-0.001105716,0.002781522,stable
147005234752300,147005.233900000,0.001052851,-0.172381431,-0.039793685,0.966572991,-0.256374132,-0.001106845,0.002780511,stable
147005250402850,147005.249900000,0.001052614,-0.172381282,-0.039794307,0.966573463,-0.256372359,-0.001105247,0.002780599,stable
147005265676500,147005.264900000,0.001053047,-0.172381058,-0.039795268,0.966574168,-0.256369690,-0.001106867,0.002781127,stable
147005281799000,147005.280900000,0.001052808,-0.172381043,-0.039795324,0.966574219,-0.256369508,-0.001108527,0.002779487,stable
147005296971650,147005.295900000,0.001050238,-0.172380969,-0.039795708,0.966574519,-0.256368464,-0.001105739,0.002772745,stable
147005313052650,147005.311900000,0.001051281,-0.172380820,-0.039796337,0.966574984,-0.256366675,-0.001106979,0.002775422,stable
147005328051800,147005.326900000,0.001051585,-0.172380731,-0.039796725,0.966575267,-0.256365598,-0.001107608,0.002776064,stable
147005344045150,147005.342900000,0.001051724,-0.172380596,-0.039797302,0.966575699,-0.256363961,-0.001105094,0.002777838,stable
147005360097850,147005.358900000,0.001051978,-0.172380954,-0.039795764,0.966574539,-0.256368321,-0.001102418,0.002780060,stable
147005375095800,147005.373900000,0.001053136,-0.172380835,-0.039796215,0.966574878,-0.256367004,-0.001102772,0.002783576,stable
147005389957900,147005.388900000,0.001053057,-0.172380835,-0.039796229,0.966574885,-0.256366976,-0.001098829,0.002785409,stable
147005406088900,147005.404900000,0.001052720,-0.172381043,-0.039795369,0.966574243,-0.256369410,-0.001100331,0.002783536,stable
147005420622000,147005.419900000,0.001052381,-0.172380701,-0.039796844,0.966575342,-0.256365272,-0.001098061,0.002783655,stable
147005436639350,147005.435900000,0.001053305,-0.172380984,-0.039795619,0.966574415,-0.256368737,-0.001098820,0.002786206,stable
147005453069650,147005.452100000,0.001053004,-0.172381461,-0.039793540,0.966572879,-0.256374538,-0.001097786,0.002785787,stable
147005467683100,147005.467100000,0.001053101,-0.172381282,-0.039794322,0.966573453,-0.256372370,-0.001097749,0.002786118,stable
147005483630450,147005.483100000,0.001053976,-0.172381178,-0.039794762,0.966573780,-0.256371112,-0.001100325,0.002787553,stable
147005499408600,147005.499100000,0.001054672,-0.172380909,-0.039795864,0.966574602,-0.256367994,-0.001104546,0.002787549,stable
147005516092100,147005.515100000,0.001054286,-0.172381118,-0.039794974,0.966573946,-0.256370483,-0.001105085,0.002786029,stable
147005531079200,147005.530100000,0.001054363,-0.172380880,-0.039796006,0.966574701,-0.256367630,-0.001102983,0.002787387,stable
147005545846250,147005.545100000,0.001053381,-0.172380954,-0.039795689,0.966574471,-0.256368527,-0.001100466,0.002785578,stable
147005561442000,147005.561100000,0.001053171,-0.172381058,-0.039795246,0.966574150,-0.256369744,-0.001100004,0.002785151,stable
147005577108350,147005.576100000,0.001053111,-0.172381014,-0.039795488,0.966574333,-0.256369060,-0.001102905,0.002783427,stable
147005591391000,147005.591100000,0.001053300,-0.172381490,-0.039793391,0.966572767,-0.256374955,-0.001102219,0.002784389,stable
147005606000850,147005.605100000,0.001054296,-0.172381490,-0.039793350,0.966572725,-0.256375079,-0.001102257,0.002787553,stable
147005621536600,147005.621100000,0.001053334,-0.172381386,-0.039793815,0.966573090,-0.256373739,-0.001102187,0.002784517,stable
147005636468750,147005.636100000,0.001053418,-0.172381774,-0.039792169,0.966571866,-0.256378352,-0.001103385,0.002784149,stable
147005652003050,147005.651100000,0.001053158,-0.172381401,-0.039793797,0.966573076,-0.256373795,-0.001102031,0.002784036,stable
147005667465900,147005.667100000,0.001053037,-0.172381580,-0.039793022,0.966572491,-0.256376004,-0.001099839,0.002784805,stable
147005682579300,147005.682100000,0.001052439,-0.172381669,-0.039792672,0.966572237,-0.256376985,-0.001102574,0.002781449,stable
147005698047800,147005.697100000,0.001052088,-0.172381401,-0.039793823,0.966573103,-0.256373729,-0.001099268,0.002782076,stable
147005713677200,147005.713100000,0.001052489,-0.172381014,-0.039795455,0.966574316,-0.256369145,-0.001101806,0.002782018,stable
147005728682750,147005.728100000,0.001053792,-0.172380924,-0.039795812,0.966574566,-0.256368163,-0.001105359,0.002784306,stable
147005743743000,147005.743100000,0.001053437,-0.172380999,-0.039795537,0.966574372,-0.256368904,-0.001103706,0.002784046,stable
147005759651300,147005.759100000,0.001054264,-0.172381371,-0.039793856,0.966573116,-0.256373613,-0.001105380,0.002785803,stable
147005774693900,147005.774100000,0.001054113,-0.172381386,-0.039793801,0.966573076,-0.256373766,-0.001102629,0.002786773,stable
147005790719500,147005.790100000,0.001054432,-0.172381625,-0.039792765,0.966572298,-0.256376687,-0.001103104,0.002787541,stable
147005806387400,147005.806100000,0.001054741,-0.172381684,-0.039792497,0.966572095,-0.256377440,-0.001102780,0.002788698,stable
147005821952600,147005.821100000,0.001054420,-0.172381639,-0.039792746,0.966572271,-0.256376784,-0.001100694,0.002788777,stable
147005837877600,147005.837100000,0.001055049,-0.172381490,-0.039793346,0.966572719,-0.256375077,-0.001102481,0.002789843,stable
147005853493100,147005.853100000,0.001054781,-0.172381267,-0.039794311,0.966573440,-0.256372368,-0.001102801,0.002788816,stable
147005868779900,147005.868100000,0.001055407,-0.172381103,-0.039795000,0.966573958,-0.256370396,-0.001103271,0.002790570,stable
147005884834750,147005.884100000,0.001056093,-0.172380954,-0.039795630,0.966574409,-0.256368675,-0.001106221,0.002791204,stable
147005900473500,147005.900200000,0.001055853,-0.172380760,-0.039796475,0.966575044,-0.256366287,-0.001106113,0.002790496,stable
147005914948350,147005.914200000,0.001056566,-0.172380909,-0.039795835,0.966574573,-0.256368047,-0.001110555,0.002790427,stable
147005931144750,147005.930200000,0.001057709,-0.172380939,-0.039795633,0.966574404,-0.256368644,-0.001112241,0.002793191,stable
147005946636700,147005.946200000,0.001056099,-0.172380626,-0.039797042,0.966575471,-0.256364679,-0.001111965,0.002788191,stable
147005961986450,147005.961200000,0.001056031,-0.172380418,-0.039797958,0.966576153,-0.256362109,-0.001110625,0.002788681,stable
147005979142700,147005.978200000,0.001056923,-0.172380358,-0.039798174,0.966576310,-0.256361491,-0.001115165,0.002789136,stable
147005993145650,147005.992200000,0.001055821,-0.172380149,-0.039799165,0.966577056,-0.256358714,-0.001112414,0.002787066,stable
147006008738600,147006.008200000,0.001055131,-0.172379866,-0.039800357,0.966577936,-0.256355416,-0.001109740,0.002786277,stable
147006024984550,147006.024200000,0.001054067,-0.172379717,-0.039801084,0.966578493,-0.256353351,-0.001108064,0.002783762,stable
147006041120900,147006.040200000,0.001054260,-0.172380000,-0.039799847,0.966577576,-0.256356802,-0.001109127,0.002783815,stable
147006055762000,147006.055200000,0.001053880,-0.172380105,-0.039799407,0.966577246,-0.256358061,-0.001109546,0.002782380,stable
147006072140350,147006.071200000,0.001055031,-0.172379985,-0.039799877,0.966577593,-0.256356717,-0.001113160,0.002784147,stable
147006087432000,147006.087200000,0.001055471,-0.172380179,-0.039799016,0.966576947,-0.256359134,-0.001111681,0.002786334,stable
147006102829300,147006.102200000,0.001054856,-0.172380030,-0.039799709,0.966577467,-0.256357192,-0.001110226,0.002785139,stable
147006118655200,147006.118200000,0.001055184,-0.172380224,-0.039798833,0.966576809,-0.256359665,-0.001110313,0.002786139,stable
147006133759350,147006.133200000,0.001055965,-0.172379822,-0.039800551,0.966578080,-0.256354842,-0.001110206,0.002788695,stable
147006149929100,147006.149200000,0.001056517,-0.172379896,-0.039800227,0.966577831,-0.256355763,-0.001111231,0.002789920,stable
147006164754200,147006.164200000,0.001056209,-0.172380209,-0.039798889,0.966576835,-0.256359523,-0.001106908,0.002791217,stable
147006180808750,147006.180200000,0.001055906,-0.172380134,-0.039799221,0.966577084,-0.256358600,-0.001108921,0.002789185,stable
147006197091950,147006.196200000,0.001056220,-0.172379926,-0.039800111,0.966577744,-0.256356100,-0.001109639,0.002789809,stable
147006213140100,147006.212200000,0.001055956,-0.172380045,-0.039799567,0.966577346,-0.256357609,-0.001109104,0.002789249,stable
147006227446800,147006.227200000,0.001055762,-0.172380045,-0.039799623,0.966577385,-0.256357469,-0.001109593,0.002788371,stable
147006243865000,147006.243200000,0.001054458,-0.172380358,-0.039798278,0.966576411,-0.256361190,-0.001111453,0.002783217,stable
147006259446700,147006.259200000,0.001055384,-0.172380507,-0.039797589,0.966575888,-0.256363131,-0.001111846,0.002785968,stable
147006275512200,147006.275200000,0.001055255,-0.172380343,-0.039798290,0.966576400,-0.256361201,-0.001110311,0.002786368,stable
147006291145050,147006.290200000,0.001054663,-0.172380432,-0.039797913,0.966576123,-0.256362264,-0.001108226,0.002785576,stable
147006305837900,147006.305200000,0.001053929,-0.172380373,-0.039798234,0.966576367,-0.256361371,-0.001107597,0.002783562,stable
147006321466650,147006.321200000,0.001052976,-0.172380179,-0.039799068,0.966577000,-0.256359011,-0.001105046,0.002781867,stable
147006337490600,147006.337200000,0.001053633,-0.172380283,-0.039798591,0.966576647,-0.256360325,-0.001109029,0.002781859,stable
147006352860050,147006.352200000,0.001054276,-0.172380269,-0.039798677,0.966576705,-0.256360086,-0.001110980,0.002782885,stable
147006368484350,147006.368200000,0.001055156,-0.172380581,-0.039797306,0.966575675,-0.256363940,-0.001110747,0.002785820,stable
147006384425600,147006.384200000,0.001054050,-0.172380537,-0.039797489,0.966575813,-0.256363455,-0.001108187,0.002783636,stable
147006399901100,147006.399200000,0.001053891,-0.172380581,-0.039797299,0.966575680,-0.256363958,-0.001105235,0.002784690,stable
147006415616400,147006.415200000,0.001052656,-0.172380581,-0.039797347,0.966575723,-0.256363834,-0.001101647,0.002782637,stable
147006430612000,147006.430200000,0.001052656,-0.172380731,-0.039796725,0.966575256,-0.256365595,-0.001100884,0.002783042,stable
147006446058150,147006.445200000,0.001054012,-0.172381058,-0.039795250,0.966574144,-0.256369743,-0.001103616,0.002785930,stable
147006461583300,147006.461200000,0.001053194,-0.172381476,-0.039793443,0.966572816,-0.256374775,-0.001102654,0.002783820,stable
147006477661550,147006.477200000,0.001053354,-0.172381461,-0.039793551,0.966572894,-0.256374480,-0.001104132,0.002783553,stable
147006492717650,147006.492200000,0.001053040,-0.172381476,-0.039793454,0.966572825,-0.256374748,-0.001102872,0.002783214,stable
147006509138100,147006.508200000,0.001053182,-0.172381565,-0.039793048,0.966572524,-0.256375879,-0.001104747,0.002782677,stable
147006523676650,147006.523200000,0.001052083,-0.172381833,-0.039791949,0.966571711,-0.256378983,-0.001104764,0.002779155,stable
147006539716000,147006.539200000,0.001052453,-0.172381893,-0.039791696,0.966571526,-0.256379668,-0.001104169,0.002780649,stable
147006556096900,147006.555200000,0.001054022,-0.172382146,-0.039790563,0.966570668,-0.256382851,-0.001106657,0.002784348,stable
147006570711750,147006.570200000,0.001053837,-0.172382146,-0.039790526,0.966570636,-0.256382976,-0.001105175,0.002784543,stable
147006586887950,147006.586200000,0.001053756,-0.172382087,-0.039790783,0.966570825,-0.256382263,-0.001103947,0.002784933,stable
147006604113850,147006.603200000,0.001053674,-0.172381967,-0.039791346,0.966571256,-0.256380643,-0.001104615,0.002784317,stable
147006618773650,147006.618200000,0.001053775,-0.172381788,-0.039792094,0.966571808,-0.256378561,-0.001105156,0.002784356,stable
147006633899600,147006.633200000,0.001053496,-0.172381788,-0.039792079,0.966571803,-0.256378590,-0.001105661,0.002783197,stable
147006649059000,147006.648200000,0.001053405,-0.172381893,-0.039791636,0.966571463,-0.256379876,-0.001106968,0.002782214,stable
147006664714850,147006.664200000,0.001053529,-0.172382161,-0.039790474,0.966570610,-0.256383090,-0.001107804,0.002782168,stable
147006679708800,147006.679200000,0.001053010,-0.172382206,-0.039790280,0.966570462,-0.256383662,-0.001105293,0.002781835,stable
147006696051600,147006.695200000,0.001053087,-0.172382593,-0.039788634,0.966569234,-0.256388288,-0.001106523,0.002781429,stable
147006710920150,147006.710200000,0.001052157,-0.172382742,-0.039787989,0.966568772,-0.256390066,-0.001107188,0.002778105,stable
147006726955850,147006.726200000,0.001050249,-0.172382817,-0.039787736,0.966568598,-0.256390782,-0.001103392,0.002774010,stable
147006742924300,147006.742200000,0.001050781,-0.172383040,-0.039786752,0.966567855,-0.256393561,-0.001102444,0.002776213,stable
147006758515600,147006.758200000,0.001051104,-0.172383130,-0.039786331,0.966567537,-0.256394748,-0.001101409,0.002777792,stable
147006773906100,147006.773200000,0.001050799,-0.172383144,-0.039786316,0.966567532,-0.256394776,-0.001098608,0.002778295,stable
147006790059450,147006.789200000,0.001051293,-0.172383264,-0.039785735,0.966567089,-0.256396424,-0.001097067,0.002780687,stable
147006805600200,147006.805200000,0.001051798,-0.172383323,-0.039785486,0.966566896,-0.256397136,-0.001098118,0.002781747,stable
147006821140150,147006.820200000,0.001050673,-0.172383338,-0.039785445,0.966566876,-0.256397251,-0.001098782,0.002777801,stable
147006837035050,147006.836200000,0.001051227,-0.172383040,-0.039786741,0.966567843,-0.256393588,-0.001099976,0.002778942,stable
147006853126750,147006.852200000,0.001050585,-0.172382638,-0.039788466,0.966569123,-0.256388783,-0.001097557,0.002778169,stable
147006867738750,147006.867200000,0.001050704,-0.172382683,-0.039788309,0.966569010,-0.256389202,-0.001096466,0.002779128,stable
147006883718900,147006.883200000,0.001050215,-0.172382951,-0.039787143,0.966568143,-0.256392485,-0.001094912,0.002778384,stable
147006900095650,147006.899200000,0.001052328,-0.172383144,-0.039786253,0.966567463,-0.256394984,-0.001099131,0.002782906,stable
147006915540300,147006.915200000,0.001053797,-0.172383338,-0.039785385,0.966566809,-0.256397398,-0.001100721,0.002786760,stable
147006932119450,147006.931200000,0.001053218,-0.172383621,-0.039784186,0.966565921,-0.256400768,-0.001100463,0.002785046,stable
147006946755400,147006.946200000,0.001054269,-0.172383636,-0.039784078,0.966565831,-0.256401072,-0.001102288,0.002787443,stable
147006962440400,147006.962200000,0.001053205,-0.172383547,-0.039784517,0.966566173,-0.256399816,-0.001101244,0.002784594,stable
147006977450950,147006.977200000,0.001052235,-0.172383621,-0.039784197,0.966565947,-0.256400699,-0.001097429,0.002783508,stable
147006992478300,147006.992200000,0.001052359,-0.172383577,-0.039784405,0.966566094,-0.256400140,-0.001098258,0.002783465,stable
147007007774500,147007.007200000,0.001053791,-0.172383562,-0.039784420,0.966566098,-0.256400082,-0.001102459,0.002785824,stable
147007023434450,147007.023200000,0.001054045,-0.172383785,-0.039783452,0.966565376,-0.256402792,-0.001101746,0.002787011,stable
147007038499100,147007.038200000,0.001054587,-0.172383875,-0.039783042,0.966565072,-0.256403923,-0.001103833,0.002787638,stable
147007053946900,147007.053200000,0.001053354,-0.172383785,-0.039783467,0.966565399,-0.256402737,-0.001104413,0.002783392,stable
147007069529050,147007.069200000,0.001052907,-0.172383726,-0.039783735,0.966565602,-0.256401984,-0.001102864,0.002782783,stable
147007085572350,147007.085200000,0.001053990,-0.172383934,-0.039782804,0.966564896,-0.256404609,-0.001105809,0.002784688,stable
147007100967350,147007.100200000,0.001054688,-0.172383800,-0.039783381,0.966565316,-0.256403001,-0.001105120,0.002787284,stable
147007116609950,147007.116200000,0.001053901,-0.172383621,-0.039784126,0.966565879,-0.256400906,-0.001104690,0.002784994,stable
147007132675100,147007.132200000,0.001054373,-0.172383532,-0.039784539,0.966566191,-0.256399717,-0.001106392,0.002785605,stable
147007147956000,147007.147200000,0.001054668,-0.172383964,-0.039782625,0.966564762,-0.256405096,-0.001108402,0.002785483,stable
147007163658400,147007.163200000,0.001056216,-0.172383726,-0.039783664,0.966565525,-0.256402172,-0.001112030,0.002788515,stable
147007179717500,147007.179200000,0.001055706,-0.172383636,-0.039784066,0.966565822,-0.256401069,-0.001111361,0.002787241,stable
147007196162350,147007.195200000,0.001057232,-0.172383875,-0.039782945,0.966564986,-0.256404168,-0.001113471,0.002791001,stable
147007210688450,147007.210200000,0.001058111,-0.172383428,-0.039784890,0.966566418,-0.256398745,-0.001115939,0.002792508,stable
147007226686700,147007.226200000,0.001056221,-0.172383323,-0.039785393,0.966566808,-0.256397338,-0.001113689,0.002787657,stable
147007241628150,147007.241200000,0.001056955,-0.172383159,-0.039786085,0.966567322,-0.256395380,-0.001117675,0.002787897,stable
147007257484450,147007.257200000,0.001057825,-0.172383294,-0.039785448,0.966566851,-0.256397126,-0.001118493,0.002790245,stable
147007272684050,147007.272300000,0.001059166,-0.172383398,-0.039784987,0.966566488,-0.256398449,-0.001120207,0.002793626,stable
147007288786200,147007.288300000,0.001059153,-0.172383502,-0.039784532,0.966566159,-0.256399695,-0.001123047,0.002792082,stable
147007305098750,147007.304300000,0.001058430,-0.172383130,-0.039786126,0.966567344,-0.256395252,-0.001122343,0.002790146,stable
147007320090450,147007.319300000,0.001059195,-0.172382936,-0.039786957,0.966567961,-0.256392902,-0.001124997,0.002791188,stable
147007336117300,147007.335300000,0.001058223,-0.172382861,-0.039787292,0.966568215,-0.256391982,-0.001126086,0.002787507,stable
147007351507700,147007.351300000,0.001056637,-0.172383294,-0.039785519,0.966566907,-0.256396960,-0.001120014,0.002785646,stable
147007367017250,147007.366300000,0.001056581,-0.172383279,-0.039785530,0.966566926,-0.256396891,-0.001120798,0.002785050,stable
147007382039100,147007.381300000,0.001057212,-0.172383428,-0.039784882,0.966566427,-0.256398747,-0.001119170,0.002787929,stable
147007397564700,147007.397300000,0.001058157,-0.172383279,-0.039785504,0.966566886,-0.256396984,-0.001121219,0.002789868,stable
147007412570000,147007.412300000,0.001058762,-0.172383502,-0.039784510,0.966566147,-0.256399751,-0.001122932,0.002790894,stable
147007428567700,147007.428300000,0.001059718,-0.172383621,-0.039783981,0.966565743,-0.256401243,-0.001123068,0.002793878,stable
147007444129900,147007.443300000,0.001059294,-0.172383785,-0.039783292,0.966565231,-0.256403187,-0.001121672,0.002793259,stable
147007459674300,147007.459300000,0.001058764,-0.172383636,-0.039783970,0.966565742,-0.256401274,-0.001118918,0.002793022,stable
147007475701250,147007.475300000,0.001059052,-0.172383785,-0.039783306,0.966565231,-0.256403186,-0.001115177,0.002795917,stable
147007490637400,147007.490200000,0.001060130,-0.172383606,-0.039784066,0.966565793,-0.256401033,-0.001117188,0.002798302,stable
147007505971850,147007.505200000,0.001060280,-0.172384024,-0.039782245,0.966564438,-0.256406134,-0.001117735,0.002798490,stable
147007521542450,147007.521200000,0.001060063,-0.172384039,-0.039782174,0.966564385,-0.256406344,-0.001119122,0.002797064,stable
147007537519600,147007.537200000,0.001060192,-0.172383979,-0.039782431,0.966564573,-0.256405630,-0.001119145,0.002797466,stable
147007552921700,147007.552200000,0.001060188,-0.172383785,-0.039783243,0.966565184,-0.256403325,-0.001118008,0.002798052,stable
147007568440000,147007.568200000,0.001061124,-0.172383711,-0.039783549,0.966565403,-0.256402471,-0.001120076,0.002799954,stable
147007584563900,147007.584200000,0.001060531,-0.172383666,-0.039783780,0.966565575,-0.256401842,-0.001118598,0.002798839,stable
147007599923000,147007.599200000,0.001062284,-0.172383264,-0.039785482,0.966566825,-0.256397073,-0.001120742,0.002803310,stable
147007614702300,147007.614200000,0.001061824,-0.172382906,-0.039787050,0.966567999,-0.256392659,-0.001119334,0.002802587,stable
147007629636650,147007.629200000,0.001061911,-0.172382504,-0.039788783,0.966569277,-0.256387837,-0.001118213,0.002803458,stable
147007645136850,147007.644200000,0.001062234,-0.172382414,-0.039789185,0.966569593,-0.256386635,-0.001118001,0.002804602,stable
147007660648850,147007.660200000,0.001060375,-0.172382727,-0.039787844,0.966568603,-0.256390426,-0.001114332,0.002800596,stable
147007676669250,147007.676200000,0.001060574,-0.172383025,-0.039786577,0.966567653,-0.256394003,-0.001115151,0.002800799,stable
147007691654100,147007.691200000,0.001059856,-0.172383249,-0.039785627,0.966566958,-0.256396645,-0.001114466,0.002798865,stable
147007707148800,147007.706200000,0.001058435,-0.172383085,-0.039786354,0.966567496,-0.256394663,-0.001110393,0.002796479,stable
147007722710150,147007.722200000,0.001059244,-0.172383264,-0.039785564,0.966566914,-0.256396829,-0.001112410,0.002797997,stable
147007737796900,147007.737200000,0.001059134,-0.172383189,-0.039785892,0.966567161,-0.256395907,-0.001113920,0.002796846,stable
147007754200300,147007.753200000,0.001059789,-0.172382995,-0.039786685,0.966567741,-0.256393697,-0.001114951,0.002798396,stable
147007768803850,147007.768200000,0.001060538,-0.172383130,-0.039786093,0.966567306,-0.256395316,-0.001119790,0.002798235,stable
147007783788050,147007.783200000,0.001060146,-0.172383189,-0.039785851,0.966567120,-0.256396031,-0.001119141,0.002797324,stable
147007799899400,147007.799200000,0.001060666,-0.172383249,-0.039785586,0.966566928,-0.256396743,-0.001121853,0.002797551,stable
147007814893550,147007.814200000,0.001060804,-0.172383368,-0.039785031,0.966566516,-0.256398292,-0.001122794,0.002797495,stable
147007830904050,147007.830200000,0.001061201,-0.172383234,-0.039785631,0.966566953,-0.256396628,-0.001121141,0.002799637,stable
147007846098850,147007.845200000,0.001060997,-0.172383577,-0.039784152,0.966565857,-0.256400767,-0.001121205,0.002798951,stable
147007862157200,147007.861200000,0.001062117,-0.172383368,-0.039785042,0.966566511,-0.256398263,-0.001121102,0.002802586,stable
147007877577100,147007.877200000,0.001061766,-0.172383174,-0.039785855,0.966567114,-0.256396000,-0.001119981,0.002802057,stable
147007893931500,147007.893200000,0.001061304,-0.172383398,-0.039784946,0.966566439,-0.256398557,-0.001118852,0.002801176,stable
147007910081350,147007.909200000,0.001061837,-0.172383502,-0.039784480,0.966566094,-0.256399842,-0.001120819,0.002801839,stable
147007925049250,147007.924200000,0.001062354,-0.172383308,-0.039785247,0.966566657,-0.256397702,-0.001120586,0.002803618,stable
147007941084500,147007.940200000,0.001062530,-0.172383159,-0.039785888,0.966567130,-0.256395913,-0.001121393,0.002803752,stable
147007955925350,147007.955200000,0.001063832,-0.172383562,-0.039784111,0.966565800,-0.256400886,-0.001124334,0.002806360,stable
147007971777050,147007.971200000,0.001063082,-0.172383383,-0.039784960,0.966566440,-0.256398498,-0.001123148,0.002804590,stable
147007987815600,147007.987200000,0.001063357,-0.172383532,-0.039784253,0.966565908,-0.256400496,-0.001123872,0.002805084,stable
147008004161850,147008.003300000,0.001063297,-0.172383681,-0.039783638,0.966565448,-0.256402227,-0.001120921,0.002806451,stable
147008019495250,147008.019300000,0.001063028,-0.172383562,-0.039784141,0.966565820,-0.256400830,-0.001118078,0.002807094,stable
147008035133300,147008.034300000,0.001062453,-0.172383368,-0.039785042,0.966566506,-0.256398261,-0.001116597,0.002806040,stable
147008049916100,147008.049300000,0.001062151,-0.172383353,-0.039785102,0.966566538,-0.256398149,-0.001115514,0.002805648,stable
147008066165200,147008.065300000,0.001061187,-0.172383398,-0.039784934,0.966566420,-0.256398626,-0.001113910,0.002803414,stable
147008081520100,147008.081300000,0.001061333,-0.172383040,-0.039786439,0.966567543,-0.256394392,-0.001116053,0.002802750,stable
147008096892600,147008.096300000,0.001062559,-0.172382906,-0.039787035,0.966567977,-0.256392713,-0.001116859,0.002806243,stable
147008112623750,147008.112300000,0.001062191,-0.172382981,-0.039786719,0.966567743,-0.256393608,-0.001116595,0.002805206,stable
147008128559200,147008.128300000,0.001061770,-0.172382995,-0.039786626,0.966567675,-0.256393874,-0.001113781,0.002805348,stable
147008143997500,147008.143300000,0.001061572,-0.172382936,-0.039786913,0.966567887,-0.256393078,-0.001110144,0.002806636,stable
147008159541450,147008.159300000,0.001061577,-0.172383368,-0.039785013,0.966566470,-0.256398415,-0.001107975,0.002807797,stable
147008175606800,147008.175300000,0.001062907,-0.172383264,-0.039785471,0.966566800,-0.256397128,-0.001110162,0.002810894,stable
147008190953900,147008.190300000,0.001062978,-0.172383338,-0.039785102,0.966566530,-0.256398147,-0.001111943,0.002810178,stable
147008207043800,147008.206300000,0.001063395,-0.172383517,-0.039784338,0.966565966,-0.256400257,-0.001111806,0.002811583,stable
147008222531200,147008.222300000,0.001064061,-0.172383755,-0.039783295,0.966565186,-0.256403177,-0.001113830,0.002812641,stable
147008238546700,147008.238300000,0.001063603,-0.172383577,-0.039784059,0.966565750,-0.256401068,-0.001113762,0.002811213,stable
147008254173800,147008.253300000,0.001064025,-0.172383487,-0.039784487,0.966566073,-0.256399837,-0.001114086,0.002812390,stable
147008269703450,147008.269300000,0.001063322,-0.172383487,-0.039784502,0.966566086,-0.256399810,-0.001114521,0.002809913,stable
147008286148700,147008.285300000,0.001063709,-0.172383144,-0.039785963,0.966567165,-0.256395729,-0.001112637,0.002812147,stable
147008301130900,147008.300300000,0.001062965,-0.172383189,-0.039785791,0.966567045,-0.256396206,-0.001110765,0.002810759,stable
147008318050850,147008.317300000,0.001063452,-0.172383040,-0.039786391,0.966567482,-0.256394540,-0.001111759,0.002811792,stable
147008332056500,147008.331300000,0.001063130,-0.172382891,-0.039787058,0.966567985,-0.256392656,-0.001111329,0.002810990,stable
147008347507250,147008.347300000,0.001064052,-0.172382742,-0.039787684,0.966568441,-0.256390906,-0.001113914,0.002812571,stable
147008362882050,147008.362300000,0.001062669,-0.172382772,-0.039787572,0.966568366,-0.256391231,-0.001109340,0.002810567,stable
147008377966650,147008.377300000,0.001061658,-0.172382936,-0.039786879,0.966567863,-0.256393162,-0.001108351,0.002807858,stable
147008392978500,147008.392300000,0.001061650,-0.172383085,-0.039786253,0.966567385,-0.256394963,-0.001108597,0.002807704,stable
147008408726850,147008.408300000,0.001061734,-0.172383189,-0.039785843,0.966567084,-0.256396095,-0.001108715,0.002807907,stable
147008424124500,147008.423300000,0.001061186,-0.172383100,-0.039786227,0.966567374,-0.256395020,-0.001107276,0.002806917,stable
147008440178650,147008.439300000,0.001060190,-0.172383219,-0.039785750,0.966567038,-0.256396323,-0.001107190,0.002803777,stable
147008456185900,147008.455300000,0.001061645,-0.172383487,-0.039784532,0.966566126,-0.256399716,-0.001110863,0.002806487,stable
147008470745000,147008.470300000,0.001061817,-0.172383577,-0.039784122,0.966565806,-0.256400918,-0.001111588,0.002806653,stable
147008486872350,147008.486300000,0.001061149,-0.172383249,-0.039785538,0.966566871,-0.256396922,-0.001108841,0.002805971,stable
147008502806500,147008.502300000,0.001060614,-0.172383294,-0.039785367,0.966566750,-0.256397399,-0.001110924,0.002803159,stable
147008518505600,147008.518200000,0.001061344,-0.172383279,-0.039785422,0.966566786,-0.256397243,-0.001114769,0.002803461,stable
147008533668100,147008.533200000,0.001061997,-0.172383100,-0.039786216,0.966567371,-0.256395019,-0.001116964,0.002804389,stable
147008548997150,147008.548200000,0.001063012,-0.172383130,-0.039786033,0.966567237,-0.256395492,-0.001121463,0.002805257,stable
147008565119750,147008.564200000,0.001063234,-0.172383204,-0.039785713,0.966566998,-0.256396388,-0.001122338,0.002805504,stable
147008579559700,147008.579200000,0.001062556,-0.172383338,-0.039785158,0.966566585,-0.256397967,-0.001121725,0.002803661,stable
147008595028000,147008.594200000,0.001063545,-0.172383368,-0.039784972,0.966566453,-0.256398440,-0.001128415,0.002803287,stable
147008611037100,147008.610200000,0.001062385,-0.172383189,-0.039785773,0.966567054,-0.256396208,-0.001122886,0.002802501,stable
147008627095500,147008.626300000,0.001060931,-0.172382668,-0.039788108,0.966568789,-0.256389713,-0.001120955,0.002798878,stable
147008642145800,147008.641300000,0.001061831,-0.172382712,-0.039787903,0.966568637,-0.256390255,-0.001120197,0.002802154,stable
147008657669950,147008.657300000,0.001062691,-0.172382593,-0.039788343,0.966568964,-0.256388997,-0.001123153,0.002803340,stable
147008673089050,147008.672300000,0.001062337,-0.172382578,-0.039788421,0.966569016,-0.256388814,-0.001122877,0.002802355,stable
147008689115250,147008.688300000,0.001061061,-0.172382653,-0.039788157,0.966568836,-0.256389531,-0.001120104,0.002799740,stable
147008704725600,147008.704300000,0.001061393,-0.172382489,-0.039788872,0.966569352,-0.256387572,-0.001117042,0.002802421,stable
147008720671950,147008.720300000,0.001060787,-0.172382176,-0.039790250,0.966570394,-0.256383662,-0.001116462,0.002800794,stable
147008735697250,147008.735300000,0.001060495,-0.172382176,-0.039790232,0.966570382,-0.256383718,-0.001115853,0.002800180,stable
147008752129100,147008.751300000,0.001061347,-0.172382146,-0.039790351,0.966570453,-0.256383423,-0.001117085,0.002802255,stable
147008766798550,147008.766300000,0.001060392,-0.172382325,-0.039789576,0.966569894,-0.256385563,-0.001116467,0.002799527,stable
147008782791600,147008.782300000,0.001060423,-0.172382161,-0.039790276,0.966570416,-0.256383592,-0.001117147,0.002799268,stable
147008797725950,147008.797300000,0.001060190,-0.172382116,-0.039790526,0.966570590,-0.256382949,-0.001119385,0.002797338,stable
147008813756050,147008.813300000,0.001059732,-0.172382072,-0.039790723,0.966570753,-0.256382351,-0.001118901,0.002796132,stable
147008828843850,147008.828300000,0.001059436,-0.172382236,-0.039789982,0.966570203,-0.256384433,-0.001117618,0.002795862,stable
147008844925600,147008.844300000,0.001060117,-0.172382116,-0.039790485,0.966570567,-0.256383035,-0.001117401,0.002798155,stable
147008860498200,147008.860300000,0.001060136,-0.172381833,-0.039791737,0.966571501,-0.256379512,-0.001115494,0.002799224,stable
147008875499700,147008.875300000,0.001061391,-0.172381952,-0.039791171,0.966571060,-0.256381130,-0.001116648,0.002802624,stable
147008891519750,147008.891300000,0.001061440,-0.172381788,-0.039791893,0.966571597,-0.256379105,-0.001117647,0.002802257,stable
147008907547150,147008.907300000,0.001062584,-0.172381729,-0.039792098,0.966571748,-0.256378502,-0.001120170,0.002804579,stable
147008922957550,147008.922300000,0.001062907,-0.172381878,-0.039791435,0.966571264,-0.256380318,-0.001122335,0.002804467,stable
147008937995500,147008.937300000,0.001062750,-0.172382191,-0.039790109,0.966570260,-0.256384105,-0.001119418,0.002805506,stable
147008953161000,147008.952300000,0.001063903,-0.172381952,-0.039791081,0.966570985,-0.256381334,-0.001122561,0.002807529,stable
147008968709900,147008.968300000,0.001063611,-0.172381863,-0.039791517,0.966571314,-0.256380106,-0.001123514,0.002806094,stable
147008983659250,147008.983300000,0.001063752,-0.172382057,-0.039790660,0.966570671,-0.256382524,-0.001121892,0.002807400,stable
147009000146350,147008.999300000,0.001064029,-0.172381684,-0.039792266,0.966571851,-0.256378064,-0.001120768,0.002808882,stable
147009015186300,147009.014300000,0.001063184,-0.172381580,-0.039792724,0.966572206,-0.256376752,-0.001120695,0.002806219,stable
147009030121800,147009.029300000,0.001063447,-0.172381565,-0.039792795,0.966572261,-0.256376542,-0.001123847,0.002805396,stable
147009044885900,147009.044300000,0.001062965,-0.172381833,-0.039791655,0.966571424,-0.256379717,-0.001125520,0.002802969,stable
147009061120750,147009.060300000,0.001061692,-0.172381997,-0.039790958,0.966570911,-0.256381690,-0.001121662,0.002800937,stable
147009075544500,147009.075300000,0.001061371,-0.172382027,-0.039790869,0.966570832,-0.256381997,-0.001119696,0.002800950,stable
147009091586300,147009.091300000,0.001062419,-0.172381967,-0.039791096,0.966571004,-0.256381309,-0.001119982,0.002804150,stable
147009106536600,147009.106300000,0.001060665,-0.172382072,-0.039790664,0.966570696,-0.256382530,-0.001117426,0.002799893,stable
147009121993950,147009.121300000,0.001059756,-0.172381923,-0.039791375,0.966571233,-0.256380534,-0.001115982,0.002797753,stable
147009138109200,147009.137300000,0.001058765,-0.172382042,-0.039790828,0.966570823,-0.256382113,-0.001113631,0.002795824,stable
147009153147000,147009.153300000,0.001058508,-0.172381788,-0.039791960,0.966571669,-0.256378929,-0.001112436,0.002795636,stable
147009168723450,147009.168300000,0.001058262,-0.172381803,-0.039791875,0.966571600,-0.256379195,-0.001110978,0.002795621,stable
147009183736100,147009.183300000,0.001059713,-0.172381788,-0.039791960,0.966571658,-0.256378927,-0.001110194,0.002800675,stable
147009198926300,147009.198300000,0.001060111,-0.172381952,-0.039791230,0.966571110,-0.256380980,-0.001111270,0.002801377,stable
147009216106200,147009.215300000,0.001060118,-0.172381952,-0.039791241,0.966571117,-0.256380952,-0.001109834,0.002802159,stable
147009230222650,147009.229300000,0.001061353,-0.172382072,-0.039790645,0.966570665,-0.256382612,-0.001111004,0.002805486,stable
147009245914200,147009.245300000,0.001062655,-0.172382087,-0.039790537,0.966570573,-0.256382917,-0.001112783,0.002808706,stable
147009262171000,147009.261300000,0.001063480,-0.172382280,-0.039789673,0.966569926,-0.256385331,-0.001114029,0.002810687,stable
147009277499500,147009.277300000,0.001062315,-0.172382385,-0.039789259,0.966569638,-0.256386453,-0.001112719,0.002807652,stable
147009292997450,147009.292300000,0.001062593,-0.172382131,-0.039790396,0.966570471,-0.256383307,-0.001113929,0.002807903,stable
147009308199150,147009.307300000,0.001062980,-0.172382191,-0.039790094,0.966570249,-0.256384132,-0.001117078,0.002807477,stable
147009322929550,147009.322300000,0.001062972,-0.172382355,-0.039789382,0.966569726,-0.256386103,-0.001116205,0.002807913,stable
147009337887700,147009.337300000,0.001062516,-0.172382683,-0.039787970,0.966568671,-0.256390101,-0.001117929,0.002805541,stable
147009353591500,147009.353300000,0.001062910,-0.172382876,-0.039787125,0.966568053,-0.256392419,-0.001119312,0.002806067,stable
147009368914250,147009.368300000,0.001063628,-0.172382697,-0.039787866,0.966568600,-0.256390336,-0.001123213,0.002806302,stable
147009384934250,147009.384300000,0.001063590,-0.172382548,-0.039788529,0.966569090,-0.256388490,-0.001123522,0.002806019,stable
147009399984450,147009.399300000,0.001064449,-0.172382310,-0.039789531,0.966569824,-0.256385693,-0.001122545,0.002809284,stable
147009415711100,147009.415300000,0.001064256,-0.172382325,-0.039789468,0.966569769,-0.256385903,-0.001120065,0.002809975,stable
147009431689200,147009.431300000,0.001064404,-0.172382161,-0.039790161,0.966570284,-0.256383961,-0.001123210,0.002808790,stable
147009447198400,147009.446300000,0.001064937,-0.172382057,-0.039790630,0.966570644,-0.256382590,-0.001126546,0.002808728,stable
147009462717700,147009.462300000,0.001064699,-0.172381997,-0.039790865,0.966570813,-0.256381962,-0.001126335,0.002808081,stable
147009478708350,147009.478300000,0.001063469,-0.172382042,-0.039790727,0.966570718,-0.256382356,-0.001122267,0.002806299,stable
147009495095600,147009.494300000,0.001064038,-0.172382161,-0.039790187,0.966570309,-0.256383878,-0.001123389,0.002807523,stable
147009510433000,147009.510300000,0.001064077,-0.172382176,-0.039790150,0.966570279,-0.256383989,-0.001120964,0.002808931,stable
147009525501400,147009.525300000,0.001064466,-0.172382221,-0.039789919,0.966570117,-0.256384589,-0.001123133,0.002809028,stable
147009541514800,147009.541200000,0.001063840,-0.172382027,-0.039790802,0.966570771,-0.256382145,-0.001122970,0.002807111,stable
147009556825150,147009.556200000,0.001065553,-0.172382072,-0.039790526,0.966570552,-0.256382911,-0.001124425,0.002811819,stable
147009573163200,147009.572200000,0.001065843,-0.172382385,-0.039789204,0.966569567,-0.256386613,-0.001123854,0.002813047,stable
147009587523000,147009.587200000,0.001065894,-0.172382444,-0.039788943,0.966569370,-0.256387354,-0.001123185,0.002813562,stable
147009602973300,147009.602200000,0.001064773,-0.172382519,-0.039788630,0.966569150,-0.256388222,-0.001122228,0.002810484,stable
147009618945050,147009.618200000,0.001065209,-0.172382817,-0.039787356,0.966568197,-0.256391798,-0.001122962,0.002811489,stable
147009633933200,147009.633200000,0.001064149,-0.172382638,-0.039788105,0.966568761,-0.256389706,-0.001120329,0.002809494,stable
147009649574100,147009.649200000,0.001063686,-0.172382474,-0.039788827,0.966569298,-0.256387693,-0.001115904,0.002810353,stable
147009664976500,147009.664200000,0.001063859,-0.172382593,-0.039788358,0.966568952,-0.256388994,-0.001118458,0.002809554,stable
147009680569700,147009.680200000,0.001063694,-0.172382623,-0.039788216,0.966568850,-0.256389385,-0.001119288,0.002808588,stable
147009695907050,147009.695200000,0.001063486,-0.172382787,-0.039787538,0.966568345,-0.256391299,-0.001119514,0.002807804,stable
147009711100050,147009.711200000,0.001064071,-0.172382444,-0.039788954,0.966569393,-0.256387329,-0.001120395,0.002809211,stable
147009727608150,147009.727200000,0.001063138,-0.172382474,-0.039788887,0.966569352,-0.256387513,-0.001120199,0.002806332,stable
147009742613650,147009.742200000,0.001064347,-0.172382280,-0.039789647,0.966569913,-0.256385358,-0.001121654,0.002809427,stable
147009757984550,147009.757200000,0.001064848,-0.172382206,-0.039789956,0.966570135,-0.256384505,-0.001121505,0.002811107,stable
147009773633400,147009.773200000,0.001064463,-0.172382444,-0.039788950,0.966569390,-0.256387328,-0.001122350,0.002809430,stable
147009788632100,147009.788200000,0.001063270,-0.172382504,-0.039788768,0.966569258,-0.256387863,-0.001120757,0.002806458,stable
147009803665400,147009.803200000,0.001065745,-0.172382385,-0.039789215,0.966569576,-0.256386585,-0.001124522,0.002812381,stable
147009819637500,147009.819200000,0.001065695,-0.172382578,-0.039788377,0.966568961,-0.256388906,-0.001126259,0.002811302,stable
147009835699200,147009.835200000,0.001064359,-0.172382340,-0.039789449,0.966569761,-0.256385931,-0.001121279,0.002809664,stable
147009851186950,147009.850200000,0.001064218,-0.172382399,-0.039789133,0.966569536,-0.256386785,-0.001122935,0.002808337,stable
147009866671350,147009.866200000,0.001064217,-0.172382429,-0.039789066,0.966569488,-0.256386967,-0.001123332,0.002808124,stable
147009882654000,147009.882200000,0.001063524,-0.172382534,-0.039788589,0.966569132,-0.256388336,-0.001124643,0.002805215,stable
147009899158650,147009.898200000,0.001064150,-0.172382697,-0.039787848,0.966568588,-0.256390363,-0.001122689,0.002808247,stable
147009915174700,147009.914200000,0.001065765,-0.172382817,-0.039787300,0.966568165,-0.256391911,-0.001129379,0.002809876,stable
147009930182000,147009.929200000,0.001065290,-0.172383115,-0.039786018,0.966567212,-0.256395517,-0.001128118,0.002809023,stable
147009944817700,147009.944200000,0.001065835,-0.172383115,-0.039786033,0.966567223,-0.256395459,-0.001128814,0.002810396,stable
147009961129600,147009.960200000,0.001066326,-0.172383219,-0.039785530,0.966566837,-0.256396897,-0.001130996,0.002810814,stable
147009977160800,147009.976200000,0.001066987,-0.172383294,-0.039785206,0.966566586,-0.256397818,-0.001129394,0.002813770,stable
147009991262450,147009.990300000,0.001067855,-0.172383204,-0.039785556,0.966566850,-0.256396797,-0.001130619,0.002815898,stable
147010006510100,147010.006300000,0.001066566,-0.172383547,-0.039784119,0.966565782,-0.256400866,-0.001129743,0.002812239,stable
147010022461150,147010.022300000,0.001067893,-0.172383532,-0.039784174,0.966565819,-0.256400683,-0.001132248,0.002815157,stable
147010037503200,147010.037300000,0.001067944,-0.172383249,-0.039785385,0.966566719,-0.256397285,-0.001130700,0.002816142,stable
147010052864450,147010.052300000,0.001068701,-0.172383472,-0.039784420,0.966565994,-0.256399995,-0.001130949,0.002818427,stable
147010068495200,147010.068300000,0.001068980,-0.172383949,-0.039782353,0.966564457,-0.256405780,-0.001131786,0.002818876,stable
147010084525500,147010.084300000,0.001068296,-0.172384068,-0.039781816,0.966564062,-0.256407291,-0.001131779,0.002816693,stable
147010099837150,147010.099300000,0.001068605,-0.172384098,-0.039781660,0.966563949,-0.256407710,-0.001134976,0.002815989,stable
147010115611750,147010.115300000,0.001070291,-0.172383934,-0.039782353,0.966564459,-0.256405736,-0.001138921,0.002819295,stable
147010130596400,147010.130300000,0.001071124,-0.172384113,-0.039781570,0.966563863,-0.256407956,-0.001140878,0.002820924,stable
147010146040050,147010.145300000,0.001071397,-0.172383919,-0.039782390,0.966564478,-0.256405622,-0.001137069,0.002823809,stable
147010161629500,147010.161300000,0.001072401,-0.172383651,-0.039783508,0.966565294,-0.256402518,-0.001141282,0.002824793,stable
147010177625600,147010.177300000,0.001072814,-0.172383666,-0.039783444,0.966565249,-0.256402671,-0.001140547,0.002826500,stable
147010192685800,147010.192300000,0.001072193,-0.172383472,-0.039784297,0.966565888,-0.256400282,-0.001139372,0.002825140,stable
147010208094800,147010.207300000,0.001072824,-0.172383547,-0.039783932,0.966565601,-0.256401342,-0.001140576,0.002826519,stable
147010223738300,147010.223300000,0.001071627,-0.172383428,-0.039784543,0.966566075,-0.256399599,-0.001139734,0.002823139,stable
147010239746050,147010.239300000,0.001072515,-0.172383532,-0.039784037,0.966565686,-0.256401037,-0.001141761,0.002824907,stable
147010255219000,147010.254300000,0.001073104,-0.172383696,-0.039783284,0.966565128,-0.256403117,-0.001142484,0.002826404,stable
147010270804200,147010.270300000,0.001071756,-0.172383621,-0.039783675,0.966565433,-0.256402017,-0.001143032,0.002821807,stable
147010285802950,147010.285300000,0.001071306,-0.172383830,-0.039782759,0.966564749,-0.256404616,-0.001144439,0.002819623,stable
147010302239400,147010.301300000,0.001072174,-0.172384083,-0.039781652,0.966563919,-0.256407716,-0.001146898,0.002821100,stable
147010316919750,147010.316300000,0.001073175,-0.172383860,-0.039782599,0.966564622,-0.256405031,-0.001146370,0.002824578,stable
147010332728450,147010.332300000,0.001073990,-0.172383785,-0.039782882,0.966564819,-0.256404261,-0.001148308,0.002826160,stable
147010348044000,147010.347300000,0.001073086,-0.172383979,-0.039782107,0.966564252,-0.256406430,-0.001149356,0.002822715,stable
147010363608350,147010.363300000,0.001073474,-0.172383681,-0.039783347,0.966565184,-0.256402908,-0.001151255,0.002822954,stable
147010378652900,147010.378300000,0.001073105,-0.172383532,-0.039784007,0.966565669,-0.256401092,-0.001150468,0.002822191,stable
147010394122250,147010.393300000,0.001073940,-0.172383294,-0.039785020,0.966566418,-0.256398238,-0.001152192,0.002823948,stable
147010409833800,147010.409300000,0.001074063,-0.172383144,-0.039785676,0.966566918,-0.256396353,-0.001152387,0.002824241,stable
147010425725150,147010.425300000,0.001073563,-0.172382876,-0.039786868,0.966567799,-0.256393041,-0.001148418,0.002824740,stable
147010440752050,147010.440300000,0.001073197,-0.172382906,-0.039786756,0.966567705,-0.256393406,-0.001146516,0.002824577,stable
147010457082450,147010.456300000,0.001073276,-0.172382668,-0.039787766,0.966568453,-0.256390581,-0.001144196,0.002826056,stable
147010471815800,147010.471300000,0.001071604,-0.172382578,-0.039788164,0.966568771,-0.256389440,-0.001142409,0.002821656,stable
147010486870150,147010.486300000,0.001072260,-0.172382623,-0.039787959,0.966568614,-0.256390010,-0.001145350,0.002822196,stable
147010502201850,147010.501300000,0.001071495,-0.172382578,-0.039788172,0.966568780,-0.256389412,-0.001145276,0.002819791,stable
147010517733650,147010.517300000,0.001072941,-0.172382593,-0.039788093,0.966568712,-0.256389619,-0.001145285,0.002824409,stable
147010533657150,147010.533300000,0.001073719,-0.172382727,-0.039787490,0.966568254,-0.256391321,-0.001148536,0.002825177,stable
147010549150800,147010.548300000,0.001073528,-0.172382832,-0.039787024,0.966567908,-0.256392635,-0.001149622,0.002823993,stable
147010564717750,147010.564200000,0.001073263,-0.172382712,-0.039787550,0.966568306,-0.256391140,-0.001147560,0.002824234,stable
147010580672350,147010.580200000,0.001072854,-0.172382951,-0.039786570,0.966567576,-0.256393910,-0.001150566,0.002821340,stable
147010596304200,147010.595200000,0.001072240,-0.172382876,-0.039786901,0.966567833,-0.256392961,-0.001150070,0.002819638,stable
147010612067950,147010.611200000,0.001072314,-0.172382787,-0.039787281,0.966568120,-0.256391883,-0.001155138,0.002817197,stable
147010626861550,147010.626200000,0.001071927,-0.172382608,-0.039788052,0.966568690,-0.256389746,-0.001153246,0.002816962,stable
147010643084200,147010.642200000,0.001071555,-0.172382608,-0.039788067,0.966568711,-0.256389678,-0.001152095,0.002816379,stable
147010658651300,147010.658200000,0.001071411,-0.172382757,-0.039787441,0.966568247,-0.256391438,-0.001155337,0.002814205,stable
147010673966850,147010.673200000,0.001070964,-0.172382891,-0.039786868,0.966567823,-0.256393048,-0.001153115,0.002813952,stable
147010690094000,147010.689200000,0.001070190,-0.172382981,-0.039786477,0.966567538,-0.256394152,-0.001153513,0.002811267,stable
147010705133050,147010.704200000,0.001071789,-0.172383428,-0.039784499,0.966566044,-0.256399726,-0.001152867,0.002816716,stable
147010720750050,147010.720200000,0.001071313,-0.172383413,-0.039784584,0.966566130,-0.256399419,-0.001153449,0.002814886,stable
147010736751050,147010.736200000,0.001071636,-0.172383353,-0.039784852,0.966566317,-0.256398706,-0.001156286,0.002814422,stable
147010753183650,147010.752200000,0.001071831,-0.172383487,-0.039784275,0.966565897,-0.256400285,-0.001157771,0.002814261,stable
147010767826450,147010.767200000,0.001069749,-0.172383502,-0.039784245,0.966565892,-0.256400373,-0.001154709,0.002809223,stable
147010782768250,147010.782200000,0.001069384,-0.172383055,-0.039786208,0.966567349,-0.256394894,-0.001156463,0.002807130,stable
147010798859250,147010.798200000,0.001070620,-0.172383249,-0.039785311,0.966566675,-0.256397395,-0.001157758,0.002810396,stable
147010815189200,147010.814200000,0.001069219,-0.172383577,-0.039783951,0.966565676,-0.256401211,-0.001157992,0.002805792,stable
147010829483550,147010.829200000,0.001069715,-0.172383472,-0.039784346,0.966565972,-0.256400080,-0.001159409,0.002806631,stable
147010844909100,147010.844200000,0.001071513,-0.172383264,-0.039785217,0.966566594,-0.256397671,-0.001159699,0.002812224,stable
147010861212500,147010.860200000,0.001071782,-0.172383189,-0.039785564,0.966566855,-0.256396679,-0.001159968,0.002812943,stable
147010876176000,147010.875200000,0.001071778,-0.172383517,-0.039784145,0.966565790,-0.256400689,-0.001155460,0.002815312,stable
147010891189300,147010.890200000,0.001072570,-0.172383338,-0.039784845,0.966566306,-0.256398717,-0.001155807,0.002817660,stable
147010905951200,147010.905200000,0.001072647,-0.172383562,-0.039783929,0.966565627,-0.256401273,-0.001155744,0.002817940,stable
147010920782750,147010.920200000,0.001073119,-0.172383383,-0.039784651,0.966566160,-0.256399248,-0.001155791,0.002819421,stable
147010936727250,147010.936200000,0.001073796,-0.172383040,-0.039786126,0.966567244,-0.256395136,-0.001157098,0.002820899,stable
147010952099100,147010.951200000,0.001073121,-0.172382951,-0.039786525,0.966567551,-0.256394006,-0.001158877,0.002817801,stable
147010967712350,147010.967200000,0.001073646,-0.172383055,-0.039786082,0.966567223,-0.256395222,-0.001158194,0.002819838,stable
147010983801150,147010.983200000,0.001074475,-0.172383219,-0.039785363,0.966566679,-0.256397247,-0.001159856,0.002821611,stable
147011000188150,147010.999200000,0.001074311,-0.172382712,-0.039787535,0.966568300,-0.256391140,-0.001159969,0.002821028,stable
147011014837500,147011.014200000,0.001074906,-0.172382936,-0.039786566,0.966567565,-0.256393891,-0.001160110,0.002822854,stable
147011029867700,147011.029200000,0.001075263,-0.172382891,-0.039786752,0.966567698,-0.256393374,-0.001157613,0.002825315,stable
147011046170050,147011.045200000,0.001075382,-0.172382712,-0.039787509,0.966568256,-0.256391262,-0.001152992,0.002828140,stable
147011060835250,147011.060200000,0.001073789,-0.172383025,-0.039786212,0.966567305,-0.256394898,-0.001149685,0.002824793,stable
147011076737500,147011.076200000,0.001073839,-0.172383308,-0.039784983,0.966566397,-0.256398322,-0.001152657,0.002823382,stable
147011091848100,147011.091200000,0.001073732,-0.172383502,-0.039784126,0.966565756,-0.256400740,-0.001150800,0.002824019,stable
147011107172200,147011.106200000,0.001072943,-0.172383606,-0.039783716,0.966565455,-0.256401901,-0.001148229,0.002822855,stable
147011124165550,147011.123200000,0.001072444,-0.172383532,-0.039784029,0.966565689,-0.256401036,-0.001149946,0.002820352,stable
147011139131200,147011.138200000,0.001072690,-0.172383428,-0.039784491,0.966566027,-0.256399751,-0.001148006,0.002822164,stable
147011153958800,147011.153200000,0.001074135,-0.172383621,-0.039783593,0.966565349,-0.256402262,-0.001150503,0.002825465,stable
147011169530300,147011.169200000,0.001072919,-0.172383934,-0.039782293,0.966564394,-0.256405898,-0.001146786,0.002823540,stable
147011186214350,147011.185200000,0.001074153,-0.172383860,-0.039782576,0.966564598,-0.256405086,-0.001145503,0.002828161,stable
147011200921550,147011.200200000,0.001072568,-0.172383800,-0.039782867,0.966564815,-0.256404319,-0.001143119,0.002824356,stable
147011216699300,147011.216200000,0.001071800,-0.172383845,-0.039782684,0.966564687,-0.256404824,-0.001140310,0.002823384,stable
147011232404850,147011.231200000,0.001071334,-0.172383949,-0.039782230,0.966564362,-0.256406070,-0.001142312,0.002820838,stable
147011247187100,147011.246200000,0.001071278,-0.172383964,-0.039782174,0.966564322,-0.256406224,-0.001145584,0.002818929,stable
147011262470400,147011.262200000,0.001072602,-0.172383741,-0.039783150,0.966565022,-0.256403538,-0.001143560,0.002824233,stable
147011277702800,147011.277200000,0.001073335,-0.172383562,-0.039783906,0.966565582,-0.256401397,-0.001141719,0.002827548,stable
147011294049350,147011.293200000,0.001074475,-0.172383577,-0.039783768,0.966565469,-0.256401786,-0.001143707,0.002830143,stable
147011309140300,147011.308200000,0.001074555,-0.172383666,-0.039783422,0.966565216,-0.256402737,-0.001144500,0.002829979,stable
147011325199600,147011.324200000,0.001072863,-0.172383681,-0.039783366,0.966565193,-0.256402880,-0.001141916,0.002825936,stable
147011341214050,147011.340200000,0.001072343,-0.172383651,-0.039783493,0.966565284,-0.256402561,-0.001143510,0.002823432,stable
147011355805400,147011.355300000,0.001072656,-0.172383815,-0.039782815,0.966564777,-0.256404460,-0.001143789,0.002824283,stable
147011371273300,147011.370300000,0.001073353,-0.172383904,-0.039782416,0.966564485,-0.256405535,-0.001143614,0.002826603,stable
147011387277400,147011.386300000,0.001073426,-0.172384024,-0.039781872,0.966564073,-0.256407086,-0.001144080,0.002826590,stable
147011402767050,147011.402300000,0.001073083,-0.172383979,-0.039782055,0.966564213,-0.256406569,-0.001140769,0.002827243,stable
147011419243300,147011.418300000,0.001073860,-0.172383696,-0.039783284,0.966565114,-0.256403143,-0.001141158,0.002829524,stable
147011434270400,147011.433300000,0.001073449,-0.172383696,-0.039783284,0.966565117,-0.256403144,-0.001140382,0.002828620,stable
147011448863900,147011.448300000,0.001073637,-0.172383711,-0.039783210,0.966565068,-0.256403326,-0.001141262,0.002828755,stable
147011465229900,147011.464300000,0.001073026,-0.172383815,-0.039782766,0.966564740,-0.256404584,-0.001142468,0.002826165,stable
147011480270000,147011.479300000,0.001073677,-0.172384098,-0.039781544,0.966563834,-0.256407980,-0.001144452,0.002827197,stable
147011495025100,147011.494300000,0.001073805,-0.172384188,-0.039781157,0.966563540,-0.256409083,-0.001143113,0.002828311,stable
147011510649100,147011.510300000,0.001073565,-0.172384083,-0.039781589,0.966563857,-0.256407895,-0.001143750,0.002827207,stable
147011525640700,147011.525300000,0.001072951,-0.172384202,-0.039781120,0.966563525,-0.256409169,-0.001144730,0.002824727,stable
147011541694650,147011.541300000,0.001074406,-0.172384098,-0.039781507,0.966563795,-0.256408103,-0.001145778,0.002828824,stable
147011557106950,147011.556300000,0.001074411,-0.172384009,-0.039781950,0.966564121,-0.256406874,-0.001145432,0.002829023,stable
147011572646450,147011.572300000,0.001074034,-0.172383979,-0.039782036,0.966564194,-0.256406609,-0.001143605,0.002828783,stable
147011587753800,147011.587300000,0.001072125,-0.172383934,-0.039782304,0.966564402,-0.256405886,-0.001139068,0.002825081,stable
147011603093800,147011.602300000,0.001071856,-0.172383785,-0.039782938,0.966564875,-0.256404111,-0.001138886,0.002824316,stable
147011619158450,147011.618300000,0.001071686,-0.172383875,-0.039782576,0.966564610,-0.256405119,-0.001139801,0.002823288,stable
147011634185200,147011.633300000,0.001073292,-0.172383726,-0.039783180,0.966565037,-0.256403453,-0.001140859,0.002827865,stable
147011649558600,147011.649300000,0.001073382,-0.172383487,-0.039784197,0.966565797,-0.256400588,-0.001141557,0.002827784,stable
147011664855100,147011.664300000,0.001073514,-0.172383428,-0.039784487,0.966566010,-0.256399776,-0.001141069,0.002828465,stable
147011679996300,147011.679300000,0.001072388,-0.172383055,-0.039786093,0.966567221,-0.256395251,-0.001141135,0.002824831,stable
147011695194500,147011.694300000,0.001072511,-0.172382921,-0.039786696,0.966567669,-0.256393559,-0.001139593,0.002826042,stable
147011710175950,147011.709300000,0.001071268,-0.172383085,-0.039785981,0.966567133,-0.256395617,-0.001137061,0.002823405,stable
147011725143900,147011.724300000,0.001070937,-0.172383115,-0.039785914,0.966567087,-0.256395798,-0.001134782,0.002823552,stable
147011740327250,147011.739300000,0.001070256,-0.172383308,-0.039785091,0.966566489,-0.256398078,-0.001134232,0.002821665,stable
147011755799650,147011.755300000,0.001070664,-0.172383472,-0.039784376,0.966565956,-0.256400076,-0.001135830,0.002822122,stable
147011771234750,147011.770300000,0.001069380,-0.172383726,-0.039783258,0.966565137,-0.256403209,-0.001136117,0.002817865,stable
147011787260200,147011.786300000,0.001069557,-0.172383845,-0.039782766,0.966564761,-0.256404619,-0.001135885,0.002818554,stable
147011803196200,147011.802300000,0.001068974,-0.172383428,-0.039784614,0.966566152,-0.256399395,-0.001134786,0.002817273,stable
147011818732400,147011.818300000,0.001069823,-0.172383606,-0.039783753,0.966565484,-0.256401879,-0.001133690,0.002820564,stable
147011833555500,147011.833300000,0.001069689,-0.172383428,-0.039784547,0.966566082,-0.256399631,-0.001134642,0.002819634,stable
147011848890900,147011.848300000,0.001069873,-0.172383577,-0.039783929,0.966565629,-0.256401335,-0.001135289,0.002819879,stable
147011864645300,147011.864300000,0.001069835,-0.172383711,-0.039783329,0.966565169,-0.256403069,-0.001134366,0.002820246,stable
147011880213700,147011.879300000,0.001069355,-0.172383532,-0.039784130,0.966565773,-0.256400804,-0.001132059,0.002819932,stable
147011895128350,147011.894300000,0.001069594,-0.172383383,-0.039784729,0.966566215,-0.256399128,-0.001130779,0.002821373,stable
147011910114850,147011.909300000,0.001068399,-0.172383621,-0.039783753,0.966565506,-0.256401839,-0.001128037,0.002819000,stable
147011926206900,147011.925300000,0.001068294,-0.172383770,-0.039783131,0.966565032,-0.256403628,-0.001128005,0.002818681,stable
147011941021200,147011.940300000,0.001068853,-0.172383472,-0.039784379,0.966565961,-0.256400107,-0.001127624,0.002820672,stable
147011956719700,147011.956300000,0.001070207,-0.172383621,-0.039783701,0.966565443,-0.256402017,-0.001130401,0.002823530,stable
147011972642800,147011.972300000,0.001070134,-0.172383696,-0.039783414,0.966565228,-0.256402828,-0.001129061,0.002824005,stable
147011988746100,147011.988300000,0.001069737,-0.172383562,-0.039783973,0.966565650,-0.256401250,-0.001129275,0.002822624,stable
147012004065350,147012.003300000,0.001069698,-0.172383532,-0.039784085,0.966565740,-0.256400914,-0.001131169,0.002821499,stable
147012019184650,147012.018300000,0.001071026,-0.172383264,-0.039785251,0.966566589,-0.256397670,-0.001131127,0.002825766,stable
147012035218000,147012.034300000,0.001070115,-0.172382817,-0.039787218,0.966568059,-0.256392153,-0.001126473,0.002825317,stable
147012049760400,147012.049300000,0.001070980,-0.172382802,-0.039787214,0.966568051,-0.256392151,-0.001126294,0.002828176,stable
147012065376350,147012.064300000,0.001069813,-0.172382697,-0.039787732,0.966568438,-0.256390726,-0.001121882,0.002826777,stable
147012081235050,147012.080300000,0.001068909,-0.172382668,-0.039787851,0.966568535,-0.256390394,-0.001122221,0.002823708,stable
147012096678100,147012.096300000,0.001069780,-0.172383130,-0.039785828,0.966567016,-0.256396093,-0.001124124,0.002825486,stable
147012111927550,147012.111300000,0.001070383,-0.172382891,-0.039786868,0.966567793,-0.256393143,-0.001124290,0.002827325,stable
147012128074900,147012.127300000,0.001069820,-0.172383025,-0.039786287,0.966567356,-0.256394807,-0.001122194,0.002826633,stable
147012143087350,147012.142300000,0.001069008,-0.172383100,-0.039785981,0.966567133,-0.256395675,-0.001120374,0.002825000,stable
147012158134750,147012.157300000,0.001069543,-0.172383428,-0.039784573,0.966566094,-0.256399574,-0.001123330,0.002825146,stable
147012173726300,147012.173300000,0.001070235,-0.172383279,-0.039785180,0.966566537,-0.256397880,-0.001123232,0.002827411,stable
147012188775200,147012.188300000,0.001068998,-0.172383353,-0.039784882,0.966566320,-0.256398736,-0.001117853,0.002826298,stable
147012204194350,147012.203300000,0.001068307,-0.172383204,-0.039785571,0.966566829,-0.256396837,-0.001114723,0.002825743,stable
147012219308550,147012.218300000,0.001068342,-0.172383159,-0.039785765,0.966566981,-0.256396264,-0.001116661,0.002824833,stable
147012235235450,147012.234300000,0.001068448,-0.172383130,-0.039785862,0.966567059,-0.256395971,-0.001119543,0.002823648,stable
147012249822050,147012.249300000,0.001069181,-0.172383055,-0.039786212,0.966567313,-0.256394990,-0.001121143,0.002825144,stable
147012265220300,147012.264300000,0.001069746,-0.172382727,-0.039787572,0.966568321,-0.256391174,-0.001122801,0.002826077,stable
147012282263450,147012.281300000,0.001069048,-0.172382250,-0.039789669,0.966569883,-0.256385306,-0.001119895,0.002825384,stable
147012297266650,147012.296300000,0.001069701,-0.172382653,-0.039787952,0.966568606,-0.256390099,-0.001123363,0.002825636,stable
147012312605250,147012.312300000,0.001070547,-0.172382653,-0.039787900,0.966568559,-0.256390250,-0.001124338,0.002827824,stable
147012327647800,147012.327300000,0.001069620,-0.172382385,-0.039789092,0.966569463,-0.256386871,-0.001122643,0.002825757,stable
147012342662100,147012.342300000,0.001068494,-0.172382593,-0.039788242,0.966568830,-0.256389291,-0.001118856,0.002824161,stable
147012358031450,147012.357300000,0.001066923,-0.172382325,-0.039789442,0.966569728,-0.256385954,-0.001114605,0.002821387,stable
147012374337500,147012.373300000,0.001066902,-0.172382385,-0.039789136,0.966569499,-0.256386821,-0.001115762,0.002820709,stable
147012388733350,147012.388300000,0.001067562,-0.172382399,-0.039789077,0.966569454,-0.256386972,-0.001119407,0.002820893,stable
147012404214150,147012.403300000,0.001068095,-0.172382534,-0.039788511,0.966569024,-0.256388578,-0.001119770,0.002822403,stable
147012419962250,147012.419300000,0.001067931,-0.172382489,-0.039788704,0.966569165,-0.256388047,-0.001117093,0.002823295,stable
147012435975550,147012.435300000,0.001067009,-0.172382787,-0.039787415,0.966568217,-0.256391655,-0.001119019,0.002819327,stable
147012451705600,147012.451300000,0.001067218,-0.172382772,-0.039787441,0.966568240,-0.256391557,-0.001115602,0.002821802,stable
147012467029750,147012.466300000,0.001067081,-0.172382399,-0.039789110,0.966569483,-0.256386876,-0.001116080,0.002821113,stable
147012483063250,147012.482300000,0.001066431,-0.172382742,-0.039787598,0.966568358,-0.256391140,-0.001115286,0.002819453,stable
147012498643250,147012.498300000,0.001067245,-0.172382817,-0.039787259,0.966568106,-0.256392060,-0.001116234,0.002821553,stable
147012513765450,147012.513300000,0.001067694,-0.172382072,-0.039790489,0.966570505,-0.256383004,-0.001117189,0.002822486,stable
147012528738900,147012.528300000,0.001067121,-0.172381952,-0.039791007,0.966570888,-0.256381578,-0.001115364,0.002821620,stable
147012544209450,147012.543300000,0.001068124,-0.172382638,-0.039788011,0.966568652,-0.256389976,-0.001117766,0.002823553,stable
147012559774600,147012.559300000,0.001067478,-0.172381938,-0.039791111,0.966570954,-0.256381312,-0.001114378,0.002823282,stable
147012575204200,147012.574300000,0.001067321,-0.172381714,-0.039792079,0.966571686,-0.256378561,-0.001114878,0.002822516,stable
147012591026700,147012.590300000,0.001067934,-0.172382057,-0.039790537,0.966570532,-0.256382890,-0.001115064,0.002824377,stable
147012606202950,147012.605300000,0.001066612,-0.172381699,-0.039792154,0.966571747,-0.256378352,-0.001111836,0.002821858,stable
147012622166950,147012.621300000,0.001067411,-0.172381595,-0.039792582,0.966572055,-0.256377163,-0.001112510,0.002824058,stable
147012637158400,147012.636300000,0.001067291,-0.172382057,-0.039790578,0.966570570,-0.256382767,-0.001114139,0.002822812,stable
147012652220850,147012.652300000,0.001068063,-0.172382012,-0.039790712,0.966570669,-0.256382374,-0.001118356,0.002823050,stable
147012667958900,147012.667300000,0.001066869,-0.172381952,-0.039791010,0.966570897,-0.256381551,-0.001116299,0.002820321,stable
147012682973350,147012.682300000,0.001066910,-0.172382340,-0.039789353,0.966569667,-0.256386192,-0.001118296,0.002819395,stable
147012699259350,147012.698300000,0.001066933,-0.172382146,-0.039790165,0.966570259,-0.256383956,-0.001115745,0.002820816,stable
147012714315650,147012.713400000,0.001067155,-0.172381997,-0.039790809,0.966570746,-0.256382111,-0.001115961,0.002821414,stable
147012730224350,147012.729400000,0.001067254,-0.172382027,-0.039790668,0.966570642,-0.256382502,-0.001117634,0.002820845,stable
147012744972950,147012.744400000,0.001067021,-0.172382280,-0.039789610,0.966569854,-0.256385479,-0.001115950,0.002820988,stable
147012761223750,147012.760400000,0.001066946,-0.172381878,-0.039791353,0.966571141,-0.256380629,-0.001114603,0.002821464,stable
147012776624600,147012.776400000,0.001067882,-0.172382116,-0.039790280,0.966570355,-0.256383562,-0.001116362,0.002823523,stable
147012791607800,147012.791400000,0.001067353,-0.172382027,-0.039790671,0.966570641,-0.256382502,-0.001117444,0.002821262,stable
147012806877300,147012.806400000,0.001067429,-0.172381699,-0.039792132,0.966571723,-0.256378420,-0.001117887,0.002821274,stable
147012823249450,147012.822400000,0.001067465,-0.172381863,-0.039791416,0.966571193,-0.256380418,-0.001118415,0.002821107,stable
147012838248700,147012.837400000,0.001068345,-0.172381833,-0.039791510,0.966571259,-0.256380138,-0.001118085,0.002824094,stable
147012852919650,147012.852400000,0.001069736,-0.172381818,-0.039791562,0.966571285,-0.256379995,-0.001119218,0.002827944,stable
147012868703000,147012.868400000,0.001069033,-0.172381759,-0.039791796,0.966571456,-0.256379367,-0.001114236,0.002828327,stable
147012883821500,147012.883400000,0.001068806,-0.172382101,-0.039790303,0.966570341,-0.256383574,-0.001112158,0.002828700,stable
147012899309350,147012.898400000,0.001068237,-0.172382370,-0.039789196,0.966569533,-0.256386635,-0.001109167,0.002828461,stable
147012915258850,147012.914400000,0.001067384,-0.172382548,-0.039788406,0.966568948,-0.256388873,-0.001110811,0.002824863,stable
147012931325300,147012.930400000,0.001066868,-0.172382653,-0.039787989,0.966568645,-0.256390034,-0.001110495,0.002823381,stable
147012945856000,147012.945400000,0.001066802,-0.172382668,-0.039787922,0.966568598,-0.256390216,-0.001113337,0.002821666,stable
147012962228650,147012.961400000,0.001066383,-0.172382548,-0.039788473,0.966569014,-0.256388666,-0.001114384,0.002819776,stable
147012977214450,147012.976400000,0.001067001,-0.172383100,-0.039786074,0.966567231,-0.256395371,-0.001118914,0.002819356,stable
147012992652700,147012.992400000,0.001069220,-0.172382995,-0.039786462,0.966567494,-0.256394305,-0.001121121,0.002825282,stable
147013008196850,147013.007400000,0.001070134,-0.172383040,-0.039786223,0.966567313,-0.256394960,-0.001122618,0.002827411,stable
147013023584800,147013.023400000,0.001069341,-0.172383741,-0.039783198,0.966565070,-0.256403446,-0.001125220,0.002823500,stable
147013039411600,147013.038400000,0.001069121,-0.172383830,-0.039782815,0.966564787,-0.256404521,-0.001125307,0.002822750,stable
147013053898100,147013.053400000,0.001069245,-0.172383621,-0.039783724,0.966565456,-0.256401991,-0.001123625,0.002824036,stable
147013070374050,147013.069400000,0.001069447,-0.172383934,-0.039782397,0.966564483,-0.256405653,-0.001123796,0.002824590,stable
147013084322450,147013.083400000,0.001068991,-0.172383845,-0.039782759,0.966564746,-0.256404674,-0.001120398,0.002824928,stable
147013100080350,147013.099400000,0.001068627,-0.172383860,-0.039782703,0.966564711,-0.256404816,-0.001119292,0.002824348,stable
147013114923100,147013.114300000,0.001068252,-0.172383815,-0.039782945,0.966564883,-0.256404173,-0.001114430,0.002825721,stable
147013129925650,147013.129300000,0.001066843,-0.172383860,-0.039782751,0.966564747,-0.256404734,-0.001112478,0.002822247,stable
147013145723000,147013.145300000,0.001067305,-0.172383726,-0.039783318,0.966565161,-0.256403156,-0.001113225,0.002823331,stable
147013160994450,147013.160300000,0.001067791,-0.172383890,-0.039782640,0.966564660,-0.256405027,-0.001112032,0.002825513,stable
147013176952450,147013.176300000,0.001068264,-0.172383860,-0.039782718,0.966564719,-0.256404788,-0.001111476,0.002827319,stable
147013192047400,147013.191300000,0.001068536,-0.172383666,-0.039783545,0.966565317,-0.256402524,-0.001112284,0.002827763,stable
147013207052000,147013.206300000,0.001069292,-0.172383904,-0.039782502,0.966564536,-0.256405443,-0.001113466,0.002829552,stable
147013222142600,147013.221300000,0.001068931,-0.172383830,-0.039782859,0.966564806,-0.256404436,-0.001113020,0.002828636,stable
147013237245300,147013.236300000,0.001068211,-0.172384143,-0.039781492,0.966563799,-0.256408253,-0.001109295,0.002828302,stable
147013252961950,147013.252300000,0.001067072,-0.172384053,-0.039781906,0.966564110,-0.256407110,-0.001102558,0.002828221,stable
147013268641600,147013.268300000,0.001066254,-0.172383949,-0.039782364,0.966564447,-0.256405866,-0.001099044,0.002827463,stable
147013284273650,147013.283300000,0.001066177,-0.172383934,-0.039782450,0.966564510,-0.256405629,-0.001099528,0.002826961,stable
147013298961200,147013.298300000,0.001066062,-0.172383875,-0.039782722,0.966564718,-0.256404848,-0.001096994,0.002827933,stable
147013315125300,147013.314300000,0.001066993,-0.172384024,-0.039782070,0.966564221,-0.256406690,-0.001099484,0.002829593,stable
147013330180450,147013.329300000,0.001067872,-0.172383681,-0.039783496,0.966565279,-0.256402677,-0.001102516,0.002830800,stable
147013345624900,147013.345300000,0.001068029,-0.172383547,-0.039784063,0.966565696,-0.256401097,-0.001102492,0.002831315,stable
147013361103600,147013.360300000,0.001067398,-0.172383681,-0.039783560,0.966565322,-0.256402525,-0.001099989,0.002830620,stable
147013377033950,147013.376300000,0.001067123,-0.172383606,-0.039783835,0.966565540,-0.256401715,-0.001100379,0.002829536,stable
147013392074200,147013.391300000,0.001067307,-0.172383532,-0.039784182,0.966565790,-0.256400764,-0.001097769,0.002831506,stable
147013407245800,147013.406300000,0.001068539,-0.172383383,-0.039784815,0.966566262,-0.256398945,-0.001101942,0.002833237,stable
147013423290600,147013.422300000,0.001068170,-0.172383532,-0.039784167,0.966565772,-0.256400804,-0.001101067,0.002832521,stable
147013438242400,147013.437300000,0.001068153,-0.172383696,-0.039783433,0.966565228,-0.256402858,-0.001100766,0.002832626,stable
147013453755250,147013.453300000,0.001068381,-0.172383994,-0.039782148,0.966564273,-0.256406450,-0.001101634,0.002832893,stable
147013469247850,147013.468300000,0.001068753,-0.172383726,-0.039783325,0.966565145,-0.256403151,-0.001102312,0.002833727,stable
147013485238500,147013.484300000,0.001067835,-0.172383502,-0.039784305,0.966565882,-0.256400400,-0.001098799,0.002832649,stable
147013499851700,147013.499300000,0.001068153,-0.172383219,-0.039785489,0.966566755,-0.256397100,-0.001100735,0.002832644,stable
147013515731700,147013.515300000,0.001067983,-0.172383100,-0.039786007,0.966567142,-0.256395647,-0.001100720,0.002832107,stable
147013530685950,147013.530300000,0.001067372,-0.172382832,-0.039787240,0.966568066,-0.256392184,-0.001100812,0.002830106,stable
147013546125800,147013.545300000,0.001066975,-0.172383040,-0.039786313,0.966567372,-0.256394811,-0.001098492,0.002830063,stable
147013561808100,147013.561300000,0.001066019,-0.172383428,-0.039784666,0.966566163,-0.256399398,-0.001095870,0.002828391,stable
147013576808200,147013.576300000,0.001066557,-0.172383383,-0.039784826,0.966566277,-0.256398949,-0.001094964,0.002830592,stable
147013593243650,147013.592300000,0.001067594,-0.172383562,-0.039784010,0.966565657,-0.256401252,-0.001096351,0.002833169,stable
147013607944950,147013.607300000,0.001067717,-0.172383577,-0.039783958,0.966565627,-0.256401363,-0.001096960,0.002833244,stable
147013624021250,147013.623400000,0.001067868,-0.172383383,-0.039784808,0.966566250,-0.256399002,-0.001093977,0.002835302,stable
147013638981000,147013.638400000,0.001068754,-0.172383264,-0.039785277,0.966566589,-0.256397700,-0.001097726,0.002836154,stable
147013655170200,147013.654400000,0.001068943,-0.172383398,-0.039784726,0.966566187,-0.256399209,-0.001098231,0.002836489,stable
147013669790100,147013.669400000,0.001068768,-0.172383219,-0.039785478,0.966566741,-0.256397128,-0.001098423,0.002835829,stable
147013684976800,147013.684400000,0.001068047,-0.172383264,-0.039785292,0.966566614,-0.256397633,-0.001099763,0.002832816,stable
147013700013150,147013.699400000,0.001068234,-0.172383130,-0.039785903,0.966567069,-0.256395912,-0.001101228,0.002832643,stable
147013715900700,147013.715400000,0.001069071,-0.172382891,-0.039786894,0.966567807,-0.256393103,-0.001102733,0.002834522,stable
147013730971200,147013.730400000,0.001070327,-0.172382995,-0.039786417,0.966567430,-0.256394483,-0.001103850,0.002837946,stable
147013746289650,147013.745400000,0.001071338,-0.172383308,-0.039785039,0.966566402,-0.256398323,-0.001104922,0.002840611,stable
147013761182150,147013.760400000,0.001071974,-0.172383323,-0.039784957,0.966566334,-0.256398559,-0.001104774,0.002842721,stable
147013776131700,147013.775400000,0.001071870,-0.172383368,-0.039784744,0.966566175,-0.256399163,-0.001106127,0.002841672,stable
147013791187800,147013.790400000,0.001071256,-0.172383204,-0.039785456,0.966566703,-0.256397191,-0.001103324,0.002841195,stable
147013806800600,147013.806400000,0.001071557,-0.172383174,-0.039785605,0.966566810,-0.256396773,-0.001102279,0.002842709,stable
147013822131400,147013.821400000,0.001070966,-0.172383144,-0.039785728,0.966566919,-0.256396383,-0.001101129,0.002841427,stable
147013838080600,147013.837400000,0.001070734,-0.172383100,-0.039785933,0.966567071,-0.256395823,-0.001104670,0.002838813,stable
147013853777550,147013.853400000,0.001070505,-0.172383368,-0.039784819,0.966566242,-0.256398954,-0.001104182,0.002838338,stable
147013869190850,147013.868400000,0.001072312,-0.172383234,-0.039785337,0.966566605,-0.256397525,-0.001104984,0.002843691,stable
147013884107400,147013.883400000,0.001072753,-0.172383279,-0.039785098,0.966566438,-0.256398140,-0.001107040,0.002844016,stable
147013900050000,147013.899400000,0.001071758,-0.172383621,-0.039783679,0.966565386,-0.256402139,-0.001104362,0.002842248,stable
147013915644650,147013.915400000,0.001072620,-0.172383785,-0.039782923,0.966564808,-0.256404288,-0.001106127,0.002844069,stable
147013930665800,147013.930400000,0.001073407,-0.172384098,-0.039781589,0.966563824,-0.256407977,-0.001111263,0.002843871,stable
147013945929000,147013.945400000,0.001073526,-0.172384068,-0.039781690,0.966563893,-0.256407711,-0.001110057,0.002844889,stable
147013961761050,147013.961400000,0.001072721,-0.172384247,-0.039780911,0.966563323,-0.256409892,-0.001110033,0.002842325,stable
147013977740900,147013.977400000,0.001072697,-0.172384471,-0.039779976,0.966562629,-0.256412506,-0.001110518,0.002841990,stable
147013993993500,147013.993400000,0.001072472,-0.172384441,-0.039780080,0.966562709,-0.256412214,-0.001109772,0.002841667,stable
147014010261500,147014.009400000,0.001073598,-0.172384143,-0.039781388,0.966563671,-0.256408548,-0.001112083,0.002844047,stable
147014025229700,147014.024400000,0.001073199,-0.172383770,-0.039782971,0.966564854,-0.256404107,-0.001113345,0.002842106,stable
147014040883150,147014.040400000,0.001073307,-0.172383994,-0.039782036,0.966564168,-0.256406692,-0.001115420,0.002841352,stable
147014057341400,147014.056400000,0.001073240,-0.172383815,-0.039782792,0.966564719,-0.256404610,-0.001111152,0.002843396,stable
147014071792100,147014.071400000,0.001072631,-0.172383979,-0.039782085,0.966564194,-0.256406609,-0.001109932,0.002842093,stable
147014086908000,147014.086500000,0.001073070,-0.172383845,-0.039782666,0.966564624,-0.256404972,-0.001109560,0.002843695,stable
147014102386650,147014.101500000,0.001072409,-0.172384158,-0.039781310,0.966563617,-0.256408790,-0.001107022,0.002842919,stable
147014117914650,147014.117500000,0.001073283,-0.172384337,-0.039780531,0.966563033,-0.256410953,-0.001104226,0.002847191,stable
147014133970400,147014.133400000,0.001073511,-0.172384381,-0.039780341,0.966562887,-0.256411496,-0.001104041,0.002848018,stable
147014149217750,147014.148400000,0.001074281,-0.172384307,-0.039780661,0.966563118,-0.256410602,-0.001106117,0.002849381,stable
147014164703250,147014.164400000,0.001075187,-0.172384232,-0.039780959,0.966563333,-0.256409761,-0.001107676,0.002851454,stable
147014180733500,147014.180400000,0.001075664,-0.172384575,-0.039779406,0.966562179,-0.256414093,-0.001107661,0.002852985,stable
147014196208750,147014.195400000,0.001076133,-0.172384575,-0.039779417,0.966562183,-0.256414064,-0.001107529,0.002854553,stable
147014211751800,147014.211400000,0.001076236,-0.172384351,-0.039780352,0.966562871,-0.256411462,-0.001105062,0.002856188,stable
147014227185300,147014.226400000,0.001075433,-0.172384322,-0.039780546,0.966563019,-0.256410934,-0.001107220,0.002852480,stable
147014243293400,147014.242400000,0.001075111,-0.172384292,-0.039780665,0.966563110,-0.256410600,-0.001104053,0.002853125,stable
147014258710500,147014.258400000,0.001075315,-0.172384396,-0.039780244,0.966562801,-0.256411759,-0.001106040,0.002852726,stable
147014274233750,147014.273400000,0.001075598,-0.172384158,-0.039781246,0.966563540,-0.256408964,-0.001105177,0.002854087,stable
147014290331000,147014.289400000,0.001076532,-0.172384366,-0.039780300,0.966562835,-0.256411588,-0.001106478,0.002856386,stable
147014305068550,147014.304400000,0.001076567,-0.172384486,-0.039779786,0.966562449,-0.256413042,-0.001107473,0.002855972,stable
147014320139850,147014.319400000,0.001077175,-0.172384605,-0.039779268,0.966562064,-0.256414479,-0.001110314,0.002856414,stable
147014336197250,147014.335400000,0.001076669,-0.172384575,-0.039779380,0.966562138,-0.256414215,-0.001109138,0.002855418,stable
147014351719900,147014.351400000,0.001076990,-0.172384575,-0.039779402,0.966562169,-0.256414090,-0.001110072,0.002855948,stable
147014367233250,147014.366400000,0.001077688,-0.172384590,-0.039779324,0.966562100,-0.256414326,-0.001110536,0.002857936,stable
147014383153700,147014.382400000,0.001078110,-0.172384769,-0.039778527,0.966561504,-0.256416561,-0.001113876,0.002857517,stable
147014398825000,147014.398400000,0.001080177,-0.172384918,-0.039777812,0.966560965,-0.256418527,-0.001118493,0.002861686,stable
147014414767100,147014.414400000,0.001081311,-0.172384784,-0.039778363,0.966561355,-0.256417014,-0.001118083,0.002865526,stable
147014430765500,147014.430400000,0.001081491,-0.172384828,-0.039778147,0.966561197,-0.256417602,-0.001117334,0.002866498,stable
147014446204000,147014.445400000,0.001080374,-0.172384426,-0.039779969,0.966562560,-0.256412504,-0.001117420,0.002862885,stable
147014461848250,147014.461400000,0.001081000,-0.172384173,-0.039781030,0.966563346,-0.256409526,-0.001121653,0.002862651,stable
147014476811900,147014.476400000,0.001081049,-0.172384158,-0.039781086,0.966563394,-0.256409345,-0.001122062,0.002862590,stable
147014491738750,147014.491400000,0.001080875,-0.172384217,-0.039780818,0.966563196,-0.256410099,-0.001123974,0.002861023,stable
147014506899100,147014.506400000,0.001079778,-0.172383860,-0.039782401,0.966564385,-0.256405657,-0.001123262,0.002857895,stable
147014522205350,147014.521400000,0.001079498,-0.172384024,-0.039781697,0.966563857,-0.256407656,-0.001122401,0.002857453,stable
147014538274400,147014.537400000,0.001080411,-0.172384024,-0.039781693,0.966563849,-0.256407654,-0.001123142,0.002859980,stable
147014552688500,147014.552400000,0.001081100,-0.172384083,-0.039781380,0.966563613,-0.256408519,-0.001123642,0.002861917,stable
147014568114800,147014.567400000,0.001080284,-0.172383875,-0.039782353,0.966564339,-0.256405810,-0.001122012,0.002860173,stable
147014584253800,147014.583400000,0.001080623,-0.172383964,-0.039781954,0.966564035,-0.256406941,-0.001120280,0.002862173,stable
147014599857950,147014.599400000,0.001079968,-0.172384307,-0.039780483,0.966562951,-0.256411050,-0.001119748,0.002860357,stable
147014615846650,147014.615400000,0.001080053,-0.172384441,-0.039779898,0.966562516,-0.256412687,-0.001120885,0.002860026,stable
147014631852350,147014.631400000,0.001080595,-0.172384620,-0.039779074,0.966561901,-0.256414990,-0.001122115,0.002861107,stable
147014646850500,147014.646300000,0.001080213,-0.172384828,-0.039778218,0.966561266,-0.256417396,-0.001122550,0.002859656,stable
147014662658250,147014.662300000,0.001079690,-0.172384769,-0.039778508,0.966561484,-0.256416586,-0.001117410,0.002860703,stable
147014677653800,147014.677300000,0.001079744,-0.172384962,-0.039777618,0.966560820,-0.256419087,-0.001118374,0.002860364,stable
147014693286950,147014.692300000,0.001079535,-0.172385186,-0.039776698,0.966560140,-0.256421658,-0.001118247,0.002859760,stable
147014708044150,147014.707300000,0.001078092,-0.172385186,-0.039776728,0.966560166,-0.256421605,-0.001114131,0.002857325,stable
147014723872800,147014.723300000,0.001077524,-0.172385365,-0.039775934,0.966559577,-0.256423842,-0.001111405,0.002856949,stable
147014739784400,147014.739300000,0.001077100,-0.172385439,-0.039775662,0.966559385,-0.256424583,-0.001113162,0.002854665,stable
147014754895750,147014.754300000,0.001077198,-0.172385588,-0.039774973,0.966558872,-0.256426513,-0.001113753,0.002854664,stable
147014770606050,147014.770300000,0.001077893,-0.172385454,-0.039775588,0.966559323,-0.256424791,-0.001113572,0.002856982,stable
147014786641400,147014.786300000,0.001078404,-0.172385395,-0.039775800,0.966559477,-0.256424190,-0.001112120,0.002859383,stable
147014802098300,147014.801300000,0.001077690,-0.172385395,-0.039775856,0.966559512,-0.256424079,-0.001109361,0.002858560,stable
147014818040650,147014.817300000,0.001077263,-0.172385320,-0.039776143,0.966559729,-0.256423270,-0.001106098,0.002858919,stable
147014833138750,147014.832300000,0.001076759,-0.172385350,-0.039776031,0.966559657,-0.256423565,-0.001108667,0.002855949,stable
147014848301750,147014.847300000,0.001077141,-0.172385156,-0.039776903,0.966560291,-0.256421159,-0.001107013,0.002858044,stable
147014863781200,147014.863300000,0.001077545,-0.172385067,-0.039777275,0.966560566,-0.256420112,-0.001109891,0.002857817,stable
147014878853000,147014.878300000,0.001077897,-0.172385126,-0.039776970,0.966560341,-0.256420948,-0.001111280,0.002858208,stable
147014893757000,147014.893300000,0.001077530,-0.172385395,-0.039775819,0.966559490,-0.256424164,-0.001107824,0.002858860,stable
147014910236900,147014.909300000,0.001077021,-0.172385663,-0.039774694,0.966558657,-0.256427324,-0.001109536,0.002856327,stable
147014925076600,147014.924300000,0.001078214,-0.172385648,-0.039774705,0.966558656,-0.256427293,-0.001113173,0.002858218,stable
147014939973000,147014.939300000,0.001078333,-0.172385916,-0.039773546,0.966557791,-0.256430548,-0.001113007,0.002858686,stable
147014955674100,147014.955300000,0.001078671,-0.172386110,-0.039772704,0.966557175,-0.256432867,-0.001118558,0.002856831,stable
147014970990000,147014.970300000,0.001078911,-0.172386363,-0.039771598,0.966556350,-0.256435969,-0.001120072,0.002856798,stable
147014986007150,147014.985300000,0.001078987,-0.172386542,-0.039770838,0.966555781,-0.256438108,-0.001118411,0.002857917,stable
147015002150650,147015.001300000,0.001078496,-0.172386110,-0.039772682,0.966557161,-0.256432925,-0.001117979,0.002856578,stable
147015016799400,147015.016300000,0.001078611,-0.172386333,-0.039771739,0.966556457,-0.256435580,-0.001121685,0.002854987,stable
147015032918000,147015.032300000,0.001077796,-0.172386095,-0.039772812,0.966557272,-0.256432535,-0.001121176,0.002852650,stable
147015048072250,147015.047300000,0.001078256,-0.172386035,-0.039773025,0.966557417,-0.256431974,-0.001121761,0.002853812,stable
147015063774800,147015.063300000,0.001078251,-0.172386363,-0.039771643,0.966556397,-0.256435819,-0.001122999,0.002853141,stable
147015078753700,147015.078300000,0.001076690,-0.172386646,-0.039770421,0.966555504,-0.256439244,-0.001124168,0.002847532,stable
147015094268250,147015.093300000,0.001077449,-0.172386050,-0.039772987,0.966557403,-0.256432060,-0.001124773,0.002849640,stable
147015109969700,147015.109300000,0.001077450,-0.172386214,-0.039772309,0.966556896,-0.256433975,-0.001127777,0.002848055,stable
147015125705600,147015.125300000,0.001077344,-0.172386318,-0.039771825,0.966556541,-0.256435317,-0.001128542,0.002847312,stable
147015142248500,147015.141300000,0.001077558,-0.172386199,-0.039772321,0.966556923,-0.256433879,-0.001133658,0.002845293,stable
147015157007200,147015.156300000,0.001077565,-0.172386169,-0.039772451,0.966557027,-0.256433487,-0.001135520,0.002844333,stable
147015173105400,147015.172300000,0.001077602,-0.172385901,-0.039773650,0.966557912,-0.256430147,-0.001132154,0.002846230,stable
147015188080450,147015.187300000,0.001077768,-0.172385767,-0.039774183,0.966558304,-0.256428664,-0.001133477,0.002846063,stable
147015203735500,147015.203300000,0.001077611,-0.172385946,-0.039773423,0.966557735,-0.256430817,-0.001133944,0.002845313,stable
147015219300000,147015.218300000,0.001077653,-0.172386006,-0.039773151,0.966557538,-0.256431557,-0.001134706,0.002845047,stable
147015236239600,147015.235300000,0.001076517,-0.172385678,-0.039774630,0.966558640,-0.256427438,-0.001131699,0.002843005,stable
147015250955000,147015.250300000,0.001076997,-0.172385365,-0.039775990,0.966559647,-0.256423622,-0.001128297,0.002846337,stable
147015267294350,147015.266300000,0.001078385,-0.172385409,-0.039775737,0.966559443,-0.256424344,-0.001129214,0.002850290,stable
147015281962500,147015.281300000,0.001077938,-0.172385424,-0.039775696,0.966559417,-0.256424457,-0.001128665,0.002849150,stable
147015297749200,147015.297300000,0.001079311,-0.172385752,-0.039774206,0.966558305,-0.256428605,-0.001132753,0.002851377,stable
147015313089400,147015.312300000,0.001079966,-0.172385618,-0.039774768,0.966558722,-0.256427011,-0.001134873,0.002852353,stable
147015329097250,147015.328300000,0.001079557,-0.172385782,-0.039774116,0.966558233,-0.256428871,-0.001134147,0.002851427,stable
147015344110700,147015.343300000,0.001078914,-0.172385618,-0.039774805,0.966558754,-0.256426930,-0.001134928,0.002848960,stable
147015359251450,147015.358300000,0.001080090,-0.172385439,-0.039775591,0.966559337,-0.256424692,-0.001134801,0.002852787,stable
147015375028100,147015.374300000,0.001080056,-0.172385752,-0.039774239,0.966558322,-0.256428520,-0.001136590,0.002851732,stable
147015391188550,147015.390300000,0.001078191,-0.172385857,-0.039773829,0.966558041,-0.256429643,-0.001136102,0.002846028,stable
147015406146200,147015.405300000,0.001078377,-0.172385886,-0.039773688,0.966557936,-0.256430034,-0.001135595,0.002846890,stable
147015423294700,147015.422300000,0.001079955,-0.172385693,-0.039774492,0.966558523,-0.256427767,-0.001136590,0.002851408,stable
147015438383750,147015.437300000,0.001079298,-0.172385737,-0.039774302,0.966558377,-0.256428340,-0.001136406,0.002849408,stable
147015453001150,147015.452400000,0.001079712,-0.172385678,-0.039774533,0.966558557,-0.256427655,-0.001141851,0.002847852,stable
147015468694600,147015.468400000,0.001079369,-0.172385678,-0.039774530,0.966558553,-0.256427683,-0.001142615,0.002846353,stable
147015483664700,147015.483400000,0.001079156,-0.172386095,-0.039772756,0.966557234,-0.256432660,-0.001142557,0.002845702,stable
147015498991950,147015.498400000,0.001079119,-0.172386438,-0.039771255,0.966556130,-0.256436824,-0.001142859,0.002845422,stable
147015514654000,147015.514400000,0.001077913,-0.172386304,-0.039771881,0.966556589,-0.256435135,-0.001140766,0.002842673,stable
147015529710200,147015.529400000,0.001077302,-0.172385678,-0.039774586,0.966558618,-0.256427506,-0.001140267,0.002840987,stable
147015545194300,147015.544400000,0.001076793,-0.172385871,-0.039773781,0.966558022,-0.256429771,-0.001140757,0.002839100,stable
147015560725900,147015.560400000,0.001077972,-0.172385678,-0.039774619,0.966558627,-0.256427449,-0.001139656,0.002843453,stable
147015576695200,147015.576400000,0.001077914,-0.172385976,-0.039773311,0.966557656,-0.256431110,-0.001138249,0.002844007,stable
147015591689750,147015.591400000,0.001077212,-0.172385663,-0.039774656,0.966558658,-0.256427354,-0.001135742,0.002843090,stable
147015607174100,147015.606400000,0.001077088,-0.172385797,-0.039774120,0.966558261,-0.256428849,-0.001133612,0.002843817,stable
147015622980900,147015.622400000,0.001075553,-0.172385633,-0.039774876,0.966558838,-0.256426728,-0.001132985,0.002839242,stable
147015639063250,147015.638400000,0.001077226,-0.172386020,-0.039773099,0.966557505,-0.256431699,-0.001135899,0.002843049,stable
147015654714000,147015.654400000,0.001077124,-0.172385946,-0.039773434,0.966557757,-0.256430749,-0.001134476,0.002843477,stable
147015670039150,147015.669300000,0.001078599,-0.172385886,-0.039773650,0.966557904,-0.256430145,-0.001135683,0.002847552,stable
147015686070350,147015.685300000,0.001078487,-0.172386035,-0.039773051,0.966557453,-0.256431850,-0.001135574,0.002847253,stable
147015701756150,147015.701300000,0.001078357,-0.172386229,-0.039772168,0.966556805,-0.256434296,-0.001135450,0.002846903,stable
147015717711900,147015.717300000,0.001079419,-0.172386214,-0.039772224,0.966556834,-0.256434153,-0.001136754,0.002849608,stable
147015734417550,147015.733300000,0.001079006,-0.172386438,-0.039771251,0.966556110,-0.256436893,-0.001134328,0.002849566,stable
147015749188100,147015.748300000,0.001080145,-0.172386765,-0.039769806,0.966555025,-0.256440944,-0.001136123,0.002852260,stable
147015764764300,147015.764300000,0.001080324,-0.172386736,-0.039769962,0.966555141,-0.256440496,-0.001133762,0.002854079,stable
147015779798500,147015.779300000,0.001079567,-0.172386244,-0.039772116,0.966556745,-0.256434473,-0.001129740,0.002853788,stable
147015795302750,147015.794300000,0.001079752,-0.172386289,-0.039771896,0.966556577,-0.256435102,-0.001132251,0.002853050,stable
147015810768900,147015.810300000,0.001080250,-0.172386050,-0.039772924,0.966557340,-0.256432210,-0.001131827,0.002854866,stable
147015826264700,147015.825300000,0.001081544,-0.172386095,-0.039772701,0.966557161,-0.256432836,-0.001132077,0.002858871,stable
147015841134850,147015.840300000,0.001081479,-0.172386050,-0.039772876,0.966557295,-0.256432333,-0.001132362,0.002858514,stable
147015856802850,147015.856300000,0.001082280,-0.172386214,-0.039772164,0.966556760,-0.256434328,-0.001135236,0.002859554,stable
147015872250750,147015.871300000,0.001082291,-0.172386631,-0.039770316,0.966555391,-0.256439486,-0.001134887,0.002859771,stable
147015888286800,147015.887300000,0.001083181,-0.172386616,-0.039770368,0.966555425,-0.256439330,-0.001138626,0.002860640,stable
147015903946350,147015.903300000,0.001082743,-0.172386572,-0.039770581,0.966555589,-0.256438730,-0.001139165,0.002858957,stable
147015920293700,147015.919300000,0.001082000,-0.172386408,-0.039771311,0.966556133,-0.256436706,-0.001140135,0.002856069,stable
147015936224800,147015.935300000,0.001081222,-0.172386616,-0.039770432,0.966555491,-0.256439153,-0.001138929,0.002854218,stable
147015950892450,147015.950300000,0.001079308,-0.172386542,-0.039770797,0.966555769,-0.256438165,-0.001133543,0.002850948,stable
147015966542050,147015.965300000,0.001079476,-0.172386557,-0.039770711,0.966555712,-0.256438374,-0.001134354,0.002851055,stable
147015983284900,147015.982300000,0.001079959,-0.172386840,-0.039769504,0.966554808,-0.256441769,-0.001137969,0.002850689,stable
147015997831200,147015.997300000,0.001079677,-0.172386885,-0.039769318,0.966554666,-0.256442315,-0.001138021,0.002849759,stable
147016014040000,147016.013300000,0.001078573,-0.172387034,-0.039768677,0.966554201,-0.256444104,-0.001134234,0.002848231,stable
147016029032000,147016.028300000,0.001077761,-0.172387019,-0.039768789,0.966554289,-0.256443800,-0.001134824,0.002845322,stable
147016045273500,147016.044300000,0.001076619,-0.172387123,-0.039768334,0.966553957,-0.256445086,-0.001130544,0.002843935,stable
147016060069100,147016.059300000,0.001076288,-0.172387123,-0.039768375,0.966553993,-0.256444961,-0.001130975,0.002842649,stable
147016076045500,147016.075300000,0.001075921,-0.172387078,-0.039768562,0.966554130,-0.256444459,-0.001131346,0.002841280,stable
147016091210750,147016.090300000,0.001074372,-0.172387034,-0.039768826,0.966554350,-0.256443681,-0.001129609,0.002837244,stable
147016106690000,147016.106300000,0.001074657,-0.172387511,-0.039766714,0.966552777,-0.256449606,-0.001132691,0.002836527,stable
147016121746100,147016.121300000,0.001073803,-0.172387108,-0.039768483,0.966554096,-0.256444660,-0.001130851,0.002834769,stable
147016136699900,147016.136300000,0.001073832,-0.172387123,-0.039768413,0.966554048,-0.256444842,-0.001131065,0.002834752,stable
147016151966300,147016.151300000,0.001073633,-0.172386900,-0.039769389,0.966554770,-0.256442132,-0.001132829,0.002833185,stable
147016167761550,147016.167300000,0.001072866,-0.172386631,-0.039770614,0.966555685,-0.256438708,-0.001132210,0.002831059,stable
147016183788300,147016.183300000,0.001073500,-0.172386661,-0.039770469,0.966555587,-0.256439058,-0.001133848,0.002832220,stable
147016198956000,147016.198300000,0.001073967,-0.172386587,-0.039770760,0.966555787,-0.256438288,-0.001134791,0.002833217,stable
147016214323550,147016.213300000,0.001073592,-0.172386408,-0.039771542,0.966556383,-0.256436053,-0.001134846,0.002831988,stable
147016229267650,147016.228300000,0.001073042,-0.172386184,-0.039772525,0.966557114,-0.256433316,-0.001133260,0.002831071,stable
147016244907700,147016.244300000,0.001073401,-0.172386467,-0.039771300,0.966556196,-0.256436767,-0.001135704,0.002830926,stable
147016260291500,147016.259300000,0.001073673,-0.172386169,-0.039772566,0.966557143,-0.256433188,-0.001134796,0.002832277,stable
147016276209550,147016.275300000,0.001073612,-0.172386169,-0.039772592,0.966557158,-0.256433133,-0.001134114,0.002832440,stable
147016292252000,147016.291300000,0.001072079,-0.172386244,-0.039772272,0.966556936,-0.256434015,-0.001129524,0.002829965,stable
147016307963400,147016.307300000,0.001073160,-0.172386348,-0.039771818,0.966556575,-0.256435340,-0.001129838,0.002833254,stable
147016323828650,147016.323300000,0.001073166,-0.172386333,-0.039771862,0.966556616,-0.256435186,-0.001130241,0.002833059,stable
147016339021200,147016.338300000,0.001073825,-0.172386363,-0.039771758,0.966556529,-0.256435492,-0.001131690,0.002834400,stable
147016354317750,147016.353300000,0.001074053,-0.172386557,-0.039770905,0.966555905,-0.256437841,-0.001135908,0.002832900,stable
147016369783500,147016.369300000,0.001074384,-0.172386587,-0.039770734,0.966555768,-0.256438343,-0.001133886,0.002835027,stable
147016384749100,147016.384300000,0.001074108,-0.172386527,-0.039770987,0.966555959,-0.256437631,-0.001132289,0.002834989,stable
147016399852450,147016.399300000,0.001072525,-0.172386438,-0.039771434,0.966556298,-0.256436404,-0.001128360,0.002832006,stable
147016415957300,147016.415300000,0.001072811,-0.172386259,-0.039772201,0.966556864,-0.256434264,-0.001129755,0.002832184,stable
147016431012550,147016.430300000,0.001073071,-0.172386259,-0.039772205,0.966556869,-0.256434236,-0.001130558,0.002832589,stable
147016447107900,147016.446300000,0.001073304,-0.172386259,-0.039772186,0.966556852,-0.256434291,-0.001131070,0.002833064,stable
147016462655950,147016.462300000,0.001072554,-0.172386289,-0.039772090,0.966556784,-0.256434573,-0.001129884,0.002831294,stable
147016478700650,147016.478300000,0.001072749,-0.172386363,-0.039771747,0.966556531,-0.256435523,-0.001131752,0.002830930,stable
147016494136400,147016.493300000,0.001073329,-0.172386467,-0.039771277,0.966556181,-0.256436822,-0.001131851,0.002832732,stable
147016510193450,147016.509300000,0.001073579,-0.172386661,-0.039770450,0.966555560,-0.256439156,-0.001133336,0.002832745,stable
147016525683750,147016.525300000,0.001073465,-0.172386676,-0.039770368,0.966555505,-0.256439366,-0.001132048,0.002833059,stable
147016541664100,147016.541300000,0.001073859,-0.172386795,-0.039769858,0.966555124,-0.256440790,-0.001134164,0.002833200,stable
147016557161600,147016.556300000,0.001073567,-0.172386840,-0.039769646,0.966554966,-0.256441392,-0.001132273,0.002833265,stable
147016572713400,147016.572300000,0.001073927,-0.172386885,-0.039769467,0.966554830,-0.256441892,-0.001131847,0.002834642,stable
147016587727400,147016.587300000,0.001075132,-0.172386795,-0.039769851,0.966555103,-0.256440828,-0.001136872,0.002835840,stable
147016603135950,147016.602300000,0.001074567,-0.172386795,-0.039769806,0.966555077,-0.256440942,-0.001135351,0.002834838,stable
147016618886300,147016.618300000,0.001074621,-0.172386795,-0.039769839,0.966555100,-0.256440857,-0.001136595,0.002834352,stable
147016634999400,147016.634300000,0.001074837,-0.172386751,-0.039770037,0.966555258,-0.256440257,-0.001137787,0.002834413,stable
147016651265500,147016.650300000,0.001074091,-0.172386870,-0.039769545,0.966554885,-0.256441684,-0.001135504,0.002833234,stable
147016665957850,147016.665300000,0.001074490,-0.172386825,-0.039769687,0.966554990,-0.256441277,-0.001136084,0.002834202,stable
147016681050000,147016.680300000,0.001074676,-0.172386661,-0.039770447,0.966555551,-0.256439153,-0.001135963,0.002834863,stable
147016696171250,147016.695400000,0.001073954,-0.172386751,-0.039770026,0.966555249,-0.256440315,-0.001134024,0.002833579,stable
147016711777800,147016.711400000,0.001072785,-0.172386885,-0.039769467,0.966554840,-0.256441896,-0.001133654,0.002830036,stable
147016726855700,147016.726400000,0.001072954,-0.172387123,-0.039768435,0.966554072,-0.256444789,-0.001134186,0.002830295,stable
147016741886500,147016.741400000,0.001072648,-0.172387064,-0.039768729,0.966554296,-0.256443951,-0.001132636,0.002830137,stable
147016757101000,147016.756400000,0.001072215,-0.172386900,-0.039769482,0.966554852,-0.256441868,-0.001131404,0.002829405,stable
147016772792300,147016.772400000,0.001072589,-0.172387108,-0.039768532,0.966554138,-0.256444550,-0.001133752,0.002829357,stable
147016788693850,147016.788400000,0.001071797,-0.172387019,-0.039768964,0.966554478,-0.256443294,-0.001131679,0.002827920,stable
147016803784800,147016.803500000,0.001070480,-0.172387049,-0.039768845,0.966554395,-0.256443647,-0.001126887,0.002826243,stable
147016819787000,147016.819500000,0.001069829,-0.172386855,-0.039769717,0.966555038,-0.256441244,-0.001125186,0.002825064,stable
147016834900100,147016.834500000,0.001070366,-0.172387168,-0.039768357,0.966554033,-0.256445017,-0.001127404,0.002825605,stable
147016850039250,147016.849500000,0.001071223,-0.172387227,-0.039768074,0.966553819,-0.256445797,-0.001130454,0.002826733,stable
147016865660850,147016.865500000,0.001069731,-0.172387168,-0.039768361,0.966554046,-0.256444991,-0.001128834,0.002822821,stable
147016881638150,147016.881500000,0.001068487,-0.172387004,-0.039769098,0.966554601,-0.256442939,-0.001125846,0.002820425,stable
147016897049100,147016.896500000,0.001068954,-0.172386780,-0.039770078,0.966555317,-0.256440226,-0.001127392,0.002821102,stable
147016913325400,147016.912500000,0.001068942,-0.172386438,-0.039771512,0.966556392,-0.256436175,-0.001127357,0.002821083,stable
147016928045900,147016.927500000,0.001068468,-0.172386363,-0.039771866,0.966556656,-0.256435196,-0.001127844,0.002819311,stable
147016942991550,147016.942500000,0.001069305,-0.172386244,-0.039772343,0.966557017,-0.256433812,-0.001130489,0.002820588,stable
147016959327800,147016.958500000,0.001070332,-0.172386393,-0.039771710,0.966556531,-0.256435612,-0.001134392,0.002821810,stable
147016973925500,147016.973500000,0.001069224,-0.172386229,-0.039772410,0.966557067,-0.256433631,-0.001133776,0.002818594,stable
147016989931450,147016.989500000,0.001069186,-0.172386110,-0.039772972,0.966557475,-0.256432093,-0.001133871,0.002818422,stable
147017005047600,147017.004500000,0.001069223,-0.172385991,-0.039773487,0.966557864,-0.256430627,-0.001133987,0.002818479,stable
147017021337050,147017.020500000,0.001069949,-0.172386259,-0.039772317,0.966556998,-0.256433867,-0.001135008,0.002820260,stable
147017037328300,147017.036500000,0.001069097,-0.172386110,-0.039772984,0.966557494,-0.256432024,-0.001135101,0.002817489,stable
147017051996550,147017.051500000,0.001070115,-0.172386631,-0.039770655,0.966555755,-0.256438548,-0.001136796,0.002819843,stable
147017067719500,147017.067500000,0.001070262,-0.172386929,-0.039769348,0.966554780,-0.256442222,-0.001139898,0.002818675,stable
147017084333900,147017.083500000,0.001070856,-0.172387019,-0.039768945,0.966554481,-0.256443327,-0.001139967,0.002820535,stable
147017099153500,147017.098500000,0.001070972,-0.172386765,-0.039770093,0.966555338,-0.256440098,-0.001142338,0.002819655,stable
147017115120550,147017.114500000,0.001071835,-0.172386914,-0.039769407,0.966554823,-0.256442011,-0.001145825,0.002820568,stable
147017131195650,147017.130500000,0.001072477,-0.172386527,-0.039771058,0.966556041,-0.256437397,-0.001144278,0.002823440,stable
147017146368900,147017.145500000,0.001071902,-0.172386706,-0.039770283,0.966555470,-0.256439565,-0.001141227,0.002823215,stable
147017161912800,147017.161500000,0.001073373,-0.172386587,-0.039770748,0.966555796,-0.256438289,-0.001143359,0.002826790,stable
147017176946050,147017.176500000,0.001072854,-0.172386676,-0.039770372,0.966555525,-0.256439325,-0.001141661,0.002826027,stable
147017192865700,147017.192500000,0.001073319,-0.172386423,-0.039771516,0.966556373,-0.256436110,-0.001139169,0.002828834,stable
147017209301800,147017.208400000,0.001073285,-0.172386169,-0.039772585,0.966557162,-0.256433134,-0.001137896,0.002829398,stable
147017224120150,147017.223400000,0.001075254,-0.172386080,-0.039772909,0.966557390,-0.256432207,-0.001139766,0.002834704,stable
147017240108400,147017.239400000,0.001075154,-0.172386140,-0.039772682,0.966557217,-0.256432864,-0.001140894,0.002833787,stable
147017255266650,147017.254400000,0.001075607,-0.172386184,-0.039772477,0.966557065,-0.256433422,-0.001139747,0.002835839,stable
147017270810650,147017.270400000,0.001076508,-0.172386050,-0.039773025,0.966557458,-0.256431909,-0.001140799,0.002838164,stable
147017285865500,147017.285400000,0.001077206,-0.172386065,-0.039772909,0.966557374,-0.256432203,-0.001142418,0.002839542,stable
147017301847300,147017.301400000,0.001077093,-0.172386006,-0.039773166,0.966557563,-0.256431490,-0.001139816,0.002840554,stable
147017317711350,147017.317400000,0.001076754,-0.172386259,-0.039772090,0.966556766,-0.256434509,-0.001141659,0.002838498,stable
147017334323350,147017.333400000,0.001077031,-0.172386393,-0.039771546,0.966556352,-0.256436059,-0.001141571,0.002839430,stable
147017349015200,147017.348400000,0.001076940,-0.172386482,-0.039771106,0.966556029,-0.256437276,-0.001139668,0.002840141,stable
147017364632800,147017.364400000,0.001076853,-0.172386527,-0.039770920,0.966555896,-0.256437779,-0.001138168,0.002840656,stable
147017380673100,147017.380400000,0.001074889,-0.172386795,-0.039769847,0.966555116,-0.256440788,-0.001135701,0.002835681,stable
147017396068500,147017.395400000,0.001074554,-0.172386765,-0.039769955,0.966555197,-0.256440495,-0.001137838,0.002833482,stable
147017412296400,147017.411400000,0.001075010,-0.172386259,-0.039772183,0.966556847,-0.256434262,-0.001138061,0.002834822,stable
147017426768800,147017.426400000,0.001074619,-0.172386318,-0.039771892,0.966556635,-0.256435072,-0.001136671,0.002834306,stable
147017442793100,147017.442400000,0.001073615,-0.172386125,-0.039772797,0.966557310,-0.256432559,-0.001132699,0.002833197,stable
147017458355200,147017.457400000,0.001072875,-0.172386318,-0.039771982,0.966556696,-0.256434893,-0.001129355,0.002832598,stable
147017473726850,147017.473400000,0.001072744,-0.172386557,-0.039770920,0.966555915,-0.256437842,-0.001130196,0.002831733,stable
147017488867200,147017.488400000,0.001073459,-0.172386646,-0.039770540,0.966555631,-0.256438889,-0.001131466,0.002833349,stable
147017504168000,147017.503400000,0.001072909,-0.172386751,-0.039770067,0.966555283,-0.256440219,-0.001131061,0.002831806,stable
147017519896550,147017.519400000,0.001072747,-0.172386751,-0.039770063,0.966555284,-0.256440219,-0.001128704,0.002832532,stable
147017535906500,147017.535400000,0.001073205,-0.172386795,-0.039769858,0.966555129,-0.256440791,-0.001132621,0.002831927,stable
147017551057000,147017.550400000,0.001073333,-0.172386765,-0.039769989,0.966555233,-0.256440400,-0.001136544,0.002830262,stable
147017566695350,147017.566400000,0.001074402,-0.172386885,-0.039769474,0.966554834,-0.256441865,-0.001135152,0.002834413,stable
147017583321000,147017.582400000,0.001074242,-0.172387198,-0.039768096,0.966553816,-0.256445708,-0.001135478,0.002833730,stable
147017598047250,147017.597400000,0.001074642,-0.172386914,-0.039769311,0.966554714,-0.256442312,-0.001136300,0.002834574,stable
147017613703500,147017.613400000,0.001074623,-0.172386780,-0.039769892,0.966555140,-0.256440705,-0.001134258,0.002835591,stable
147017629138550,147017.628400000,0.001074039,-0.172386661,-0.039770406,0.966555526,-0.256439266,-0.001133220,0.002834276,stable
147017646346850,147017.645400000,0.001073847,-0.172386810,-0.039769806,0.966555083,-0.256440944,-0.001134396,0.002833041,stable
147017660981000,147017.660400000,0.001073697,-0.172386885,-0.039769493,0.966554847,-0.256441837,-0.001131758,0.002833953,stable
147017676936000,147017.676400000,0.001073090,-0.172386751,-0.039770044,0.966555267,-0.256440274,-0.001131293,0.002832261,stable
147017691955450,147017.691400000,0.001072410,-0.172386497,-0.039771173,0.966556108,-0.256437130,-0.001131324,0.002830071,stable
147017707703000,147017.707400000,0.001073236,-0.172386274,-0.039772168,0.966556843,-0.256434334,-0.001134124,0.002831232,stable
147017722650800,147017.722400000,0.001074048,-0.172386363,-0.039771695,0.966556490,-0.256435633,-0.001134117,0.002833832,stable
147017738699050,147017.738400000,0.001075285,-0.172386244,-0.039772179,0.966556841,-0.256434274,-0.001137754,0.002835864,stable
147017754095550,147017.753400000,0.001075203,-0.172386378,-0.039771598,0.966556411,-0.256435896,-0.001137375,0.002835803,stable
147017769717800,147017.769400000,0.001075341,-0.172386065,-0.039772976,0.966557429,-0.256432053,-0.001136702,0.002836599,stable
147017785699500,147017.785400000,0.001076878,-0.172385946,-0.039773483,0.966557802,-0.256430596,-0.001138219,0.002840712,stable
147017800326700,147017.799400000,0.001076489,-0.172385633,-0.039774831,0.966558810,-0.256426810,-0.001137282,0.002839965,stable
147017815851650,147017.815400000,0.001075909,-0.172385320,-0.039776221,0.966559833,-0.256422968,-0.001134984,0.002839327,stable
147017831337900,147017.830400000,0.001074816,-0.172385320,-0.039776236,0.966559857,-0.256422915,-0.001132618,0.002837084,stable
147017846931600,147017.846400000,0.001074605,-0.172385231,-0.039776623,0.966560152,-0.256421810,-0.001133810,0.002835780,stable
147017863328600,147017.862400000,0.001075755,-0.172385126,-0.039777063,0.966560458,-0.256420620,-0.001134690,0.002838992,stable
147017877350700,147017.876400000,0.001076451,-0.172385231,-0.039776597,0.966560111,-0.256421904,-0.001136248,0.002840392,stable
147017893329350,147017.892400000,0.001075385,-0.172385186,-0.039776813,0.966560279,-0.256421305,-0.001134164,0.002838087,stable
147017907949250,147017.907400000,0.001075860,-0.172385201,-0.039776694,0.966560186,-0.256421640,-0.001134448,0.002839455,stable
147017922726100,147017.922400000,0.001075628,-0.172385141,-0.039776970,0.966560396,-0.256420857,-0.001134507,0.002838681,stable
147017938778300,147017.938400000,0.001075332,-0.172385082,-0.039777249,0.966560605,-0.256420077,-0.001131913,0.002839107,stable
147017954226100,147017.953400000,0.001073632,-0.172385052,-0.039777398,0.966560729,-0.256419661,-0.001127723,0.002835888,stable
147017969713200,147017.969400000,0.001072831,-0.172385290,-0.039776422,0.966560002,-0.256422429,-0.001126998,0.002833707,stable
147017985692000,147017.984400000,0.001072832,-0.172385544,-0.039775316,0.966559187,-0.256425502,-0.001128391,0.002832974,stable
147018001251650,147018.000400000,0.001073272,-0.172385469,-0.039775617,0.966559402,-0.256424677,-0.001128568,0.002834287,stable
147018017197150,147018.016400000,0.001071213,-0.172385409,-0.039775968,0.966559687,-0.256423676,-0.001127830,0.002828097,stable
147018033281750,147018.032400000,0.001070795,-0.172385484,-0.039775632,0.966559434,-0.256424640,-0.001125767,0.002827849,stable
147018048851900,147018.048400000,0.001069739,-0.172385290,-0.039776467,0.966560058,-0.256422323,-0.001124557,0.002825114,stable
147018064324550,147018.063400000,0.001069850,-0.172384948,-0.039777987,0.966561199,-0.256418020,-0.001125188,0.002825138,stable
147018080359900,147018.079400000,0.001069129,-0.172385201,-0.039776880,0.966560384,-0.256421122,-0.001127569,0.002821573,stable
147018095901750,147018.095400000,0.001069454,-0.172385231,-0.039776754,0.966560285,-0.256421485,-0.001128815,0.002821953,stable
147018112308000,147018.111400000,0.001067783,-0.172384828,-0.039778542,0.966561629,-0.256416473,-0.001125983,0.002818111,stable
147018126800600,147018.126400000,0.001069335,-0.172384933,-0.039778065,0.966561269,-0.256417782,-0.001131037,0.002820401,stable
147018141939100,147018.141400000,0.001070021,-0.172385186,-0.039776910,0.966560400,-0.256421037,-0.001132982,0.002821566,stable
147018158406950,147018.157400000,0.001069515,-0.172385097,-0.039777361,0.966560737,-0.256419780,-0.001130430,0.002821298,stable
147018174405350,147018.173500000,0.001069675,-0.172384992,-0.039777793,0.966561059,-0.256418565,-0.001133699,0.002820081,stable
147018189381550,147018.188500000,0.001069341,-0.172385246,-0.039776668,0.966560224,-0.256421724,-0.001133100,0.002819328,stable
147018204068400,147018.203500000,0.001071097,-0.172385216,-0.039776802,0.966560314,-0.256421330,-0.001139270,0.002821682,stable
147018219872150,147018.219500000,0.001072305,-0.172385141,-0.039777044,0.966560493,-0.256420615,-0.001140565,0.002824861,stable
147018235796400,147018.235600000,0.001073113,-0.172385529,-0.039775375,0.966559237,-0.256425323,-0.001140345,0.002827557,stable
147018251301950,147018.250600000,0.001073658,-0.172385335,-0.039776172,0.966559834,-0.256423058,-0.001143031,0.002827880,stable
147018266788350,147018.266600000,0.001073284,-0.172384962,-0.039777815,0.966561053,-0.256418474,-0.001141579,0.002827453,stable
147018282797100,147018.282600000,0.001072880,-0.172385275,-0.039776471,0.966560063,-0.256422221,-0.001143184,0.002825312,stable
147018298285800,147018.297600000,0.001073000,-0.172385141,-0.039777070,0.966560506,-0.256420543,-0.001141426,0.002826625,stable
147018313907600,147018.313600000,0.001073993,-0.172385037,-0.039777454,0.966560780,-0.256419480,-0.001143900,0.002828494,stable
147018329155100,147018.328600000,0.001073987,-0.172384739,-0.039778762,0.966561751,-0.256415819,-0.001143767,0.002828545,stable
147018345135950,147018.344600000,0.001074146,-0.172384948,-0.039777853,0.966561079,-0.256418347,-0.001142427,0.002829761,stable
147018361260400,147018.360600000,0.001075094,-0.172385037,-0.039777473,0.966560785,-0.256419421,-0.001143795,0.002832066,stable
147018375853500,147018.375600000,0.001075482,-0.172385380,-0.039775953,0.966559650,-0.256423682,-0.001139776,0.002835429,stable
147018391671850,147018.391600000,0.001073953,-0.172385260,-0.039776493,0.966560059,-0.256422190,-0.001138693,0.002831116,stable
147018407210600,147018.406600000,0.001073951,-0.172384977,-0.039777756,0.966561008,-0.256418613,-0.001136686,0.002832172,stable
147018423294000,147018.422600000,0.001073104,-0.172384933,-0.039777935,0.966561141,-0.256418139,-0.001135237,0.002830229,stable
147018438303500,147018.437600000,0.001073034,-0.172384664,-0.039779145,0.966562042,-0.256414744,-0.001135821,0.002829699,stable
147018453689850,147018.453600000,0.001072381,-0.172384679,-0.039779097,0.966562007,-0.256414897,-0.001133556,0.002828807,stable
147018469268200,147018.468600000,0.001071999,-0.172385007,-0.039777678,0.966560961,-0.256418854,-0.001135127,0.002826754,stable
147018485351900,147018.484600000,0.001072056,-0.172384992,-0.039777748,0.966561016,-0.256418645,-0.001134667,0.002827180,stable
147018500846600,147018.500600000,0.001072000,-0.172385052,-0.039777480,0.966560802,-0.256419456,-0.001136233,0.002826175,stable
147018516992750,147018.516600000,0.001071112,-0.172385171,-0.039776977,0.966560439,-0.256420855,-0.001134687,0.002824152,stable
147018531959450,147018.531600000,0.001070824,-0.172384962,-0.039777882,0.966561113,-0.256418325,-0.001135953,0.002822563,stable
147018547189850,147018.546600000,0.001070558,-0.172385275,-0.039776545,0.966560130,-0.256422044,-0.001137709,0.002820784,stable
147018562597850,147018.562600000,0.001070907,-0.172385246,-0.039776657,0.966560212,-0.256421720,-0.001138498,0.002821482,stable
147018578711150,147018.578600000,0.001072068,-0.172384948,-0.039777886,0.966561110,-0.256418294,-0.001137857,0.002825533,stable
147018594104300,147018.593600000,0.001071572,-0.172385350,-0.039776202,0.966559857,-0.256423034,-0.001136331,0.002824753,stable
147018609612650,147018.609600000,0.001071983,-0.172385693,-0.039774697,0.966558742,-0.256427225,-0.001137422,0.002825489,stable
147018625072100,147018.624600000,0.001072110,-0.172385469,-0.039775662,0.966559457,-0.256424527,-0.001138074,0.002825550,stable
147018640147950,147018.639600000,0.001073182,-0.172385469,-0.039775603,0.966559411,-0.256424666,-0.001140583,0.002827652,stable
147018656275650,147018.655600000,0.001073150,-0.172385365,-0.039776094,0.966559776,-0.256423297,-0.001144557,0.002825451,stable
147018671768750,147018.671600000,0.001073069,-0.172385544,-0.039775308,0.966559199,-0.256425475,-0.001145548,0.002824665,stable
147018687886450,147018.687600000,0.001072808,-0.172385857,-0.039773975,0.966558208,-0.256429223,-0.001148143,0.002822460,stable
147018703060450,147018.702600000,0.001073063,-0.172386110,-0.039772872,0.966557391,-0.256432295,-0.001151258,0.002821628,stable
147018719093400,147018.718600000,0.001072747,-0.172385946,-0.039773565,0.966557917,-0.256430327,-0.001151129,0.002820687,stable
147018734116550,147018.733600000,0.001073368,-0.172386184,-0.039772496,0.966557103,-0.256433372,-0.001150726,0.002822883,stable
147018750190550,147018.749400000,0.001073262,-0.172386289,-0.039772082,0.966556812,-0.256434475,-0.001152171,0.002821780,stable
147018765776000,147018.765400000,0.001073424,-0.172386035,-0.039773148,0.966557593,-0.256431526,-0.001152812,0.002821960,stable
147018780751300,147018.780400000,0.001073861,-0.172386274,-0.039772086,0.966556807,-0.256434474,-0.001152754,0.002823387,stable
147018795816200,147018.795400000,0.001073764,-0.172385901,-0.039773759,0.966558040,-0.256429822,-0.001149344,0.002824881,stable
147018811250150,147018.810400000,0.001073799,-0.172385484,-0.039775543,0.966559375,-0.256424789,-0.001147243,0.002826105,stable
147018826778300,147018.826400000,0.001074179,-0.172385678,-0.039774697,0.966558733,-0.256427193,-0.001145643,0.002828164,stable
147018842797150,147018.842400000,0.001074545,-0.172385827,-0.039774016,0.966558222,-0.256429107,-0.001147927,0.002828127,stable
147018858192950,147018.857400000,0.001075282,-0.172386006,-0.039773233,0.966557639,-0.256431284,-0.001151276,0.002828710,stable
147018873756700,147018.873400000,0.001076138,-0.172386110,-0.039772764,0.966557283,-0.256432598,-0.001151915,0.002831111,stable
147018889789900,147018.889400000,0.001074376,-0.172386006,-0.039773270,0.966557679,-0.256431162,-0.001148095,0.002827496,stable
147018905311050,147018.904400000,0.001072482,-0.172386020,-0.039773237,0.966557662,-0.256431290,-0.001147878,0.002821557,stable
147018921356650,147018.920400000,0.001072366,-0.172386110,-0.039772868,0.966557388,-0.256432326,-0.001146870,0.002821717,stable
147018937400100,147018.936400000,0.001072085,-0.172385931,-0.039773643,0.966557969,-0.256430146,-0.001145370,0.002821612,stable
147018952940550,147018.952400000,0.001071884,-0.172385707,-0.039774597,0.966558671,-0.256427504,-0.001144399,0.002821485,stable
147018969317000,147018.968400000,0.001071702,-0.172385737,-0.039774518,0.966558624,-0.256427686,-0.001142493,0.002821911,stable
147018985397450,147018.984400000,0.001071552,-0.172385871,-0.039773952,0.966558199,-0.256429294,-0.001141877,0.002821757,stable
147018999897400,147018.999400000,0.001070749,-0.172385707,-0.039774667,0.966558738,-0.256427284,-0.001139125,0.002820644,stable
147019014657900,147019.014400000,0.001070571,-0.172385693,-0.039774720,0.966558769,-0.256427173,-0.001138475,0.002820420,stable
147019029819350,147019.029400000,0.001071247,-0.172385812,-0.039774202,0.966558375,-0.256428637,-0.001139723,0.002821921,stable
147019045148250,147019.044400000,0.001070431,-0.172385767,-0.039774392,0.966558526,-0.256428095,-0.001138471,0.002819971,stable
147019060684350,147019.060400000,0.001069263,-0.172386095,-0.039773025,0.966557524,-0.256431911,-0.001138911,0.002816007,stable
147019075722400,147019.075400000,0.001069712,-0.172386125,-0.039772850,0.966557395,-0.256432387,-0.001140640,0.002816526,stable
147019091776500,147019.091400000,0.001068903,-0.172386095,-0.039773058,0.966557553,-0.256431816,-0.001138936,0.002814842,stable
147019107114200,147019.106400000,0.001070283,-0.172386348,-0.039771877,0.966556659,-0.256435138,-0.001138432,0.002819519,stable
147019122763700,147019.122400000,0.001071593,-0.172386348,-0.039771847,0.966556625,-0.256435220,-0.001139825,0.002822968,stable
147019138790800,147019.138400000,0.001072026,-0.172386512,-0.039771158,0.966556117,-0.256437119,-0.001140197,0.002824156,stable
147019154202150,147019.153400000,0.001071853,-0.172386557,-0.039770965,0.966555966,-0.256437693,-0.001139114,0.002824175,stable
147019169817600,147019.169400000,0.001071875,-0.172386438,-0.039771456,0.966556330,-0.256436323,-0.001140133,0.002823709,stable
147019185821750,147019.185400000,0.001072146,-0.172386453,-0.039771393,0.966556287,-0.256436475,-0.001139188,0.002825074,stable
147019201078650,147019.200400000,0.001072246,-0.172386289,-0.039772108,0.966556816,-0.256434476,-0.001138923,0.002825534,stable
147019217393450,147019.216400000,0.001071768,-0.172386497,-0.039771236,0.966556175,-0.256436910,-0.001138749,0.002824097,stable
147019232045450,147019.231400000,0.001072528,-0.172386661,-0.039770495,0.966555621,-0.256438976,-0.001142802,0.002824383,stable
147019248098600,147019.247400000,0.001071941,-0.172386438,-0.039771464,0.966556337,-0.256436295,-0.001142090,0.002822884,stable
147019264347850,147019.263400000,0.001072155,-0.172386616,-0.039770670,0.966555750,-0.256438501,-0.001142532,0.002823332,stable
147019279709900,147019.279400000,0.001072322,-0.172386706,-0.039770283,0.966555466,-0.256439564,-0.001139515,0.002825460,stable
147019295101050,147019.294400000,0.001073133,-0.172386765,-0.039770029,0.966555267,-0.256440288,-0.001142115,0.002826678,stable
147019310759500,147019.310400000,0.001071913,-0.172386751,-0.039770130,0.966555359,-0.256439984,-0.001142151,0.002822761,stable
147019326205600,147019.325400000,0.001071707,-0.172386721,-0.039770208,0.966555409,-0.256439803,-0.001143494,0.002821393,stable
147019342208800,147019.341400000,0.001072539,-0.172386512,-0.039771128,0.966556089,-0.256437217,-0.001145204,0.002823150,stable
147019357749500,147019.357400000,0.001071651,-0.172386691,-0.039770357,0.966555526,-0.256439369,-0.001145172,0.002820327,stable
147019373222700,147019.372400000,0.001071368,-0.172386691,-0.039770395,0.966555554,-0.256439273,-0.001144416,0.002819822,stable
147019388244400,147019.387400000,0.001071692,-0.172386900,-0.039769474,0.966554861,-0.256441870,-0.001143578,0.002821301,stable
147019403841600,147019.403400000,0.001070573,-0.172386914,-0.039769445,0.966554856,-0.256441929,-0.001142606,0.002818238,stable
147019419787050,147019.419400000,0.001072348,-0.172387004,-0.039768983,0.966554500,-0.256443211,-0.001146468,0.002821869,stable
147019434739450,147019.434400000,0.001072653,-0.172386631,-0.039770603,0.966555691,-0.256438710,-0.001143920,0.002824194,stable
147019450219800,147019.449400000,0.001071295,-0.172386616,-0.039770689,0.966555764,-0.256438475,-0.001139856,0.002822000,stable
147019465802700,147019.465400000,0.001072592,-0.172386751,-0.039770093,0.966555312,-0.256440137,-0.001140746,0.002825675,stable
147019481763000,147019.481400000,0.001073287,-0.172386676,-0.039770365,0.966555510,-0.256439367,-0.001141306,0.002827599,stable
147019497211650,147019.496400000,0.001072030,-0.172386542,-0.039771017,0.966556002,-0.256437551,-0.001137816,0.002825427,stable
147019513143650,147019.512400000,0.001070237,-0.172386453,-0.039771441,0.966556327,-0.256436382,-0.001132944,0.002822270,stable
147019529435450,147019.528400000,0.001070601,-0.172386140,-0.039772779,0.966557321,-0.256432622,-0.001132288,0.002823780,stable
147019544063800,147019.543500000,0.001071746,-0.172386080,-0.039772984,0.966557460,-0.256432061,-0.001133702,0.002826693,stable
147019559758900,147019.559500000,0.001072503,-0.172385901,-0.039773788,0.966558061,-0.256429767,-0.001133388,0.002829281,stable
147019574733600,147019.574500000,0.001072638,-0.172385648,-0.039774884,0.966558867,-0.256426720,-0.001131666,0.002830622,stable
147019589697450,147019.589500000,0.001072524,-0.172385588,-0.039775096,0.966559016,-0.256426160,-0.001129187,0.002831568,stable
147019605234650,147019.604500000,0.001073141,-0.172385976,-0.039773405,0.966557762,-0.256430868,-0.001130141,0.002833034,stable
147019621108350,147019.620500000,0.001071928,-0.172385499,-0.039775506,0.966559328,-0.256425001,-0.001126201,0.002831244,stable
147019636248450,147019.635500000,0.001071759,-0.172386140,-0.039772782,0.966557317,-0.256432591,-0.001129527,0.002828942,stable
147019651759700,147019.651500000,0.001071166,-0.172386229,-0.039772414,0.966557044,-0.256433639,-0.001126253,0.002828774,stable
147019667235850,147019.666500000,0.001070780,-0.172385767,-0.039774396,0.966558510,-0.256428121,-0.001124240,0.002828607,stable
147019683290800,147019.682500000,0.001071056,-0.172385871,-0.039773945,0.966558174,-0.256429378,-0.001124160,0.002829531,stable
147019698203450,147019.697500000,0.001070744,-0.172385976,-0.039773524,0.966557869,-0.256430539,-0.001124127,0.002828552,stable
147019713721000,147019.713500000,0.001070535,-0.172385380,-0.039776094,0.966559776,-0.256423356,-0.001123124,0.002828417,stable
147019729206400,147019.728500000,0.001070929,-0.172385082,-0.039777331,0.966560697,-0.256419875,-0.001125359,0.002828496,stable
147019745377900,147019.744500000,0.001071118,-0.172385141,-0.039777130,0.966560547,-0.256420435,-0.001125638,0.002828953,stable
147019760957000,147019.760500000,0.001071337,-0.172385082,-0.039777320,0.966560686,-0.256419902,-0.001125183,0.002829893,stable
147019775892700,147019.775500000,0.001071801,-0.172384575,-0.039779518,0.966562312,-0.256413753,-0.001123267,0.002832391,stable
147019792365400,147019.791500000,0.001072470,-0.172384486,-0.039779887,0.966562581,-0.256412718,-0.001124012,0.002834137,stable
147019807291100,147019.806500000,0.001072081,-0.172384262,-0.039780859,0.966563311,-0.256409978,-0.001124762,0.002832498,stable
147019822871100,147019.822500000,0.001071588,-0.172384262,-0.039780922,0.966563356,-0.256409827,-0.001125659,0.002830448,stable
147019838924500,147019.838500000,0.001071646,-0.172384411,-0.039780244,0.966562856,-0.256411712,-0.001126551,0.002830160,stable
147019854347100,147019.853500000,0.001071016,-0.172384411,-0.039780274,0.966562888,-0.256411616,-0.001126576,0.002828133,stable
147019869877800,147019.869500000,0.001070686,-0.172384575,-0.039779540,0.966562337,-0.256413700,-0.001124533,0.002828158,stable
147019885994500,147019.885500000,0.001070079,-0.172384471,-0.039780032,0.966562713,-0.256412304,-0.001124143,0.002826425,stable
147019901220000,147019.900500000,0.001072184,-0.172384754,-0.039778769,0.966561762,-0.256415820,-0.001128851,0.002830664,stable
147019916567500,147019.915500000,0.001072003,-0.172384858,-0.039778322,0.966561426,-0.256417093,-0.001127090,0.002831016,stable
147019931930800,147019.931500000,0.001070964,-0.172384903,-0.039778169,0.966561312,-0.256417555,-0.001123995,0.002829329,stable
147019947532200,147019.946500000,0.001071184,-0.172384799,-0.039778572,0.966561613,-0.256416410,-0.001122976,0.002830571,stable
147019962967200,147019.962500000,0.001071851,-0.172384620,-0.039779350,0.966562182,-0.256414241,-0.001122642,0.002832879,stable
147019978958600,147019.978500000,0.001072062,-0.172384828,-0.039778456,0.966561516,-0.256416743,-0.001121922,0.002833934,stable
147019993879700,147019.993500000,0.001072317,-0.172384784,-0.039778586,0.966561617,-0.256416351,-0.001121852,0.002834788,stable
147020009968800,147020.009500000,0.001073612,-0.172384739,-0.039778806,0.966561763,-0.256415760,-0.001123919,0.002837836,stable
147020024842300,147020.024500000,0.001073188,-0.172384709,-0.039778896,0.966561829,-0.256415524,-0.001122560,0.002837199,stable
147020041055600,147020.040500000,0.001072058,-0.172384784,-0.039778642,0.966561649,-0.256416238,-0.001119941,0.002834967,stable
147020056269600,147020.055500000,0.001072298,-0.172385126,-0.039777130,0.966560527,-0.256420459,-0.001120534,0.002835422,stable
147020071876650,147020.071500000,0.001072830,-0.172385141,-0.039777037,0.966560448,-0.256420736,-0.001119773,0.002837524,stable
147020086784250,147020.086500000,0.001073117,-0.172384948,-0.039777894,0.966561086,-0.256418319,-0.001117160,0.002839822,stable
147020102010150,147020.101500000,0.001073622,-0.172385022,-0.039777525,0.966560803,-0.256419367,-0.001117485,0.002841266,stable
147020117379700,147020.116500000,0.001073458,-0.172385469,-0.039775647,0.966559407,-0.256424635,-0.001117552,0.002840703,stable
147020133078950,147020.132500000,0.001073216,-0.172385365,-0.039776068,0.966559733,-0.256423420,-0.001120048,0.002838611,stable
147020149364650,147020.148500000,0.001074235,-0.172385320,-0.039776262,0.966559869,-0.256422872,-0.001120244,0.002841764,stable
147020164025750,147020.163500000,0.001075435,-0.172385380,-0.039775942,0.966559618,-0.256423777,-0.001121372,0.002845003,stable
147020180150150,147020.179500000,0.001075918,-0.172385678,-0.039774656,0.966558649,-0.256427411,-0.001119730,0.002847414,stable
147020196345050,147020.195500000,0.001077198,-0.172385618,-0.039774880,0.966558819,-0.256426723,-0.001120313,0.002851198,stable
147020211291050,147020.210500000,0.001077668,-0.172385409,-0.039775744,0.966559446,-0.256424345,-0.001121017,0.002852328,stable
147020226768100,147020.226500000,0.001076637,-0.172385082,-0.039777238,0.966560562,-0.256420170,-0.001116880,0.002851221,stable
147020242767700,147020.242500000,0.001076954,-0.172384962,-0.039777730,0.966560923,-0.256418800,-0.001119320,0.002850946,stable
147020258285100,147020.257500000,0.001076149,-0.172384918,-0.039777949,0.966561097,-0.256418171,-0.001116860,0.002849672,stable
147020273798150,147020.273500000,0.001074376,-0.172384813,-0.039778434,0.966561478,-0.256416793,-0.001113858,0.002845593,stable
147020290372850,147020.289400000,0.001074489,-0.172384992,-0.039777681,0.966560906,-0.256418945,-0.001114560,0.002845582,stable
147020305660750,147020.304400000,0.001075704,-0.172384828,-0.039778359,0.966561412,-0.256417000,-0.001117878,0.002847712,stable
147020320387150,147020.319400000,0.001076222,-0.172384888,-0.039778035,0.966561167,-0.256417906,-0.001117434,0.002849604,stable
147020336476700,147020.335400000,0.001075767,-0.172384739,-0.039778743,0.966561692,-0.256415938,-0.001113853,0.002850041,stable
147020352418950,147020.351400000,0.001075207,-0.172384799,-0.039778505,0.966561515,-0.256416624,-0.001113267,0.002848561,stable
147020368422350,147020.367400000,0.001075734,-0.172384754,-0.039778639,0.966561605,-0.256416258,-0.001109838,0.002852056,stable
147020384428900,147020.383400000,0.001076053,-0.172384664,-0.039779052,0.966561916,-0.256415070,-0.001107057,0.002854545,stable
147020399129700,147020.398400000,0.001076520,-0.172384799,-0.039778449,0.966561453,-0.256416802,-0.001107647,0.002855728,stable
147020413876050,147020.413400000,0.001076567,-0.172384903,-0.039777957,0.966561090,-0.256418171,-0.001109294,0.002855008,stable
147020429329950,147020.428400000,0.001076797,-0.172385037,-0.039777376,0.966560661,-0.256419778,-0.001110015,0.002855362,stable
147020444880850,147020.444400000,0.001077382,-0.172385097,-0.039777141,0.966560471,-0.256420474,-0.001109146,0.002857689,stable
147020460391700,147020.459400000,0.001077349,-0.172385260,-0.039776403,0.966559931,-0.256422515,-0.001111765,0.002856199,stable
147020476300050,147020.475400000,0.001076466,-0.172384694,-0.039778873,0.966561769,-0.256415615,-0.001109148,0.002854762,stable
147020491343300,147020.490400000,0.001075345,-0.172384679,-0.039778959,0.966561845,-0.256415365,-0.001107958,0.002851808,stable
147020506866950,147020.506400000,0.001075237,-0.172385246,-0.039776564,0.966560067,-0.256422073,-0.001109272,0.002850766,stable
147020522786800,147020.522400000,0.001075353,-0.172385186,-0.039776817,0.966560254,-0.256421360,-0.001107837,0.002851895,stable
147020538790600,147020.538400000,0.001074810,-0.172385260,-0.039776478,0.966560008,-0.256422312,-0.001109750,0.002849147,stable
147020554204750,147020.553400000,0.001075625,-0.172385424,-0.039775733,0.966559456,-0.256424364,-0.001110945,0.002851121,stable
147020569806800,147020.569400000,0.001075350,-0.172385395,-0.039775874,0.966559551,-0.256424016,-0.001110342,0.002850561,stable
147020584781200,147020.584400000,0.001076177,-0.172385067,-0.039777268,0.966560590,-0.256420073,-0.001112200,0.002852223,stable
147020599984000,147020.599400000,0.001077262,-0.172385141,-0.039776932,0.966560325,-0.256421035,-0.001113888,0.002854801,stable
147020615402200,147020.614400000,0.001078436,-0.172385141,-0.039776895,0.966560290,-0.256421129,-0.001117389,0.002856702,stable
147020631381550,147020.630400000,0.001077627,-0.172385395,-0.039775856,0.966559523,-0.256424052,-0.001118284,0.002853641,stable
147020646883650,147020.646400000,0.001077192,-0.172385469,-0.039775502,0.966559260,-0.256425059,-0.001118008,0.002852397,stable
147020662383500,147020.661400000,0.001077369,-0.172385499,-0.039775405,0.966559195,-0.256425296,-0.001117636,0.002853159,stable
147020678343000,147020.677400000,0.001076252,-0.172385588,-0.039775036,0.966558930,-0.256426333,-0.001115252,0.002850846,stable
147020694051400,147020.693400000,0.001075684,-0.172385395,-0.039775897,0.966559583,-0.256423889,-0.001114582,0.002849387,stable
147020709667000,147020.709400000,0.001074423,-0.172385246,-0.039776564,0.966560075,-0.256422075,-0.001111847,0.002846804,stable
147020725174000,147020.724400000,0.001074990,-0.172385216,-0.039776698,0.966560171,-0.256421695,-0.001111826,0.002848626,stable
147020741022100,147020.740400000,0.001074460,-0.172385082,-0.039777260,0.966560598,-0.256420105,-0.001112346,0.002846658,stable
147020756136800,147020.755400000,0.001074728,-0.172384962,-0.039777759,0.966560965,-0.256418706,-0.001108212,0.002849699,stable
147020771771900,147020.771400000,0.001074551,-0.172385156,-0.039776929,0.966560331,-0.256421096,-0.001106509,0.002850032,stable
147020787803450,147020.787400000,0.001073990,-0.172384992,-0.039777692,0.966560915,-0.256418918,-0.001107142,0.002847906,stable
147020802761000,147020.802400000,0.001073259,-0.172384739,-0.039778765,0.966561721,-0.256415900,-0.001103481,0.002847505,stable
147020818208700,147020.817400000,0.001073186,-0.172384933,-0.039777935,0.966561096,-0.256418263,-0.001106797,0.002845518,stable
147020833830900,147020.833400000,0.001074417,-0.172384962,-0.039777767,0.966560968,-0.256418707,-0.001109367,0.002848096,stable
147020849142050,147020.848400000,0.001074840,-0.172384918,-0.039777942,0.966561091,-0.256418231,-0.001111644,0.002848243,stable
147020864835900,147020.864400000,0.001072745,-0.172384948,-0.039777920,0.966561093,-0.256418291,-0.001106457,0.002844288,stable
147020879809150,147020.879400000,0.001072528,-0.172385141,-0.039777063,0.966560453,-0.256420710,-0.001106713,0.002843460,stable
147020895161100,147020.894500000,0.001072961,-0.172385097,-0.039777238,0.966560595,-0.256420163,-0.001110025,0.002843092,stable
147020910767700,147020.910500000,0.001073731,-0.172385067,-0.039777350,0.966560666,-0.256419868,-0.001109308,0.002845934,stable
147020925959900,147020.925500000,0.001072188,-0.172385097,-0.039777271,0.966560616,-0.256420109,-0.001108683,0.002841332,stable
147020941009800,147020.940500000,0.001071832,-0.172384933,-0.039778005,0.966561172,-0.256418027,-0.001108570,0.002840254,stable
147020956148000,147020.955500000,0.001071751,-0.172385246,-0.039776605,0.966560138,-0.256421927,-0.001109047,0.002839743,stable
147020971818550,147020.971500000,0.001072656,-0.172385514,-0.039775420,0.966559238,-0.256425293,-0.001111177,0.002841507,stable
147020986841900,147020.986500000,0.001073552,-0.172385976,-0.039773401,0.966557738,-0.256430923,-0.001116793,0.002841401,stable
147021002270900,147021.001500000,0.001074845,-0.172385812,-0.039774090,0.966558241,-0.256428993,-0.001123201,0.002842149,stable
147021017270650,147021.016500000,0.001074160,-0.172385946,-0.039773539,0.966557837,-0.256430530,-0.001116890,0.002843293,stable
147021032854300,147021.032500000,0.001073583,-0.172385916,-0.039773680,0.966557940,-0.256430154,-0.001113121,0.002843443,stable
147021047971950,147021.047500000,0.001073368,-0.172386169,-0.039772604,0.966557144,-0.256433159,-0.001109763,0.002844528,stable
147021063311150,147021.062500000,0.001072990,-0.172385931,-0.039773647,0.966557921,-0.256430239,-0.001106689,0.002844945,stable
147021080367300,147021.079500000,0.001073729,-0.172385499,-0.039775487,0.966559275,-0.256425108,-0.001105713,0.002847825,stable
147021095174650,147021.094500000,0.001074136,-0.172385439,-0.039775729,0.966559450,-0.256424436,-0.001108830,0.002847479,stable
147021111389100,147021.110500000,0.001073778,-0.172385648,-0.039774857,0.966558816,-0.256426842,-0.001110932,0.002845221,stable
147021126000000,147021.125500000,0.001071698,-0.172385633,-0.039774984,0.966558931,-0.256426483,-0.001109894,0.002839123,stable
147021141153800,147021.140500000,0.001072810,-0.172386006,-0.039773304,0.966557661,-0.256431231,-0.001111665,0.002841739,stable
147021156201150,147021.155500000,0.001072277,-0.172386110,-0.039772846,0.966557328,-0.256432504,-0.001109620,0.002841116,stable
147021171775750,147021.171500000,0.001071718,-0.172386050,-0.039773170,0.966557569,-0.256431611,-0.001108853,0.002839735,stable
147021186805450,147021.186500000,0.001073255,-0.172386155,-0.039772619,0.966557153,-0.256433131,-0.001111008,0.002843509,stable
147021202108450,147021.201500000,0.001072389,-0.172386348,-0.039771829,0.966556566,-0.256435369,-0.001109274,0.002841656,stable
147021217846700,147021.217500000,0.001073202,-0.172386035,-0.039773177,0.966557565,-0.256431580,-0.001111209,0.002843234,stable
147021233287000,147021.232500000,0.001072996,-0.172386006,-0.039773308,0.966557659,-0.256431230,-0.001109830,0.002843303,stable
147021248838000,147021.248500000,0.001073902,-0.172385991,-0.039773338,0.966557685,-0.256431104,-0.001112631,0.002844718,stable
147021264310550,147021.263500000,0.001073712,-0.172386125,-0.039772753,0.966557252,-0.256432739,-0.001110775,0.002845093,stable
147021280241750,147021.279500000,0.001073964,-0.172386229,-0.039772291,0.966556899,-0.256434065,-0.001111936,0.002845283,stable
147021295872200,147021.295500000,0.001073909,-0.172386169,-0.039772540,0.966557092,-0.256433340,-0.001113892,0.002844076,stable
147021311273550,147021.310500000,0.001073877,-0.172386274,-0.039772112,0.966556775,-0.256434541,-0.001115860,0.002842932,stable
147021326915200,147021.326500000,0.001072951,-0.172386140,-0.039772712,0.966557218,-0.256432895,-0.001111159,0.002842456,stable
147021341930900,147021.341500000,0.001073088,-0.172386229,-0.039772354,0.966556959,-0.256433872,-0.001113261,0.002841783,stable
147021357971150,147021.357500000,0.001072693,-0.172386408,-0.039771557,0.966556377,-0.256436082,-0.001115247,0.002839470,stable
147021373436800,147021.372500000,0.001073289,-0.172386274,-0.039772153,0.966556814,-0.256434416,-0.001117521,0.002840176,stable
147021389403700,147021.388500000,0.001073657,-0.172386378,-0.039771643,0.966556433,-0.256435842,-0.001119880,0.002840105,stable
147021404983850,147021.404500000,0.001073557,-0.172386333,-0.039771862,0.966556590,-0.256435254,-0.001119372,0.002840055,stable
147021420999350,147021.420500000,0.001073935,-0.172386125,-0.039772756,0.966557268,-0.256432683,-0.001119386,0.002841254,stable
147021436047150,147021.435500000,0.001073871,-0.172386423,-0.039771490,0.966556320,-0.256436261,-0.001120189,0.002840624,stable
147021451411850,147021.450500000,0.001072977,-0.172386527,-0.039771043,0.966555994,-0.256437519,-0.001119428,0.002838169,stable
147021467011700,147021.466500000,0.001072824,-0.172387004,-0.039768957,0.966554438,-0.256443389,-0.001116806,0.002839064,stable
147021482809950,147021.482500000,0.001073077,-0.172387198,-0.039768148,0.966553835,-0.256445652,-0.001116628,0.002839964,stable
147021498823100,147021.498500000,0.001072907,-0.172387168,-0.039768290,0.966553947,-0.256445233,-0.001115237,0.002840156,stable
147021514199550,147021.513500000,0.001072360,-0.172387019,-0.039768901,0.966554396,-0.256443558,-0.001113580,0.002839284,stable
147021529720200,147021.529500000,0.001072052,-0.172387064,-0.039768770,0.966554302,-0.256443922,-0.001112751,0.002838738,stable
147021545156150,147021.544500000,0.001071870,-0.172386900,-0.039769437,0.966554793,-0.256442077,-0.001112460,0.002838309,stable
147021560857900,147021.560500000,0.001072280,-0.172386602,-0.039770771,0.966555787,-0.256438318,-0.001113484,0.002839082,stable
147021576752200,147021.576500000,0.001071133,-0.172386602,-0.039770793,0.966555811,-0.256438263,-0.001110006,0.002837253,stable
147021592799150,147021.592500000,0.001070771,-0.172386259,-0.039772250,0.966556896,-0.256434184,-0.001108730,0.002836772,stable
147021608011900,147021.607500000,0.001070574,-0.172386006,-0.039773393,0.966557747,-0.256430985,-0.001110773,0.002835062,stable
147021623126250,147021.622500000,0.001071650,-0.172386155,-0.039772686,0.966557216,-0.256432954,-0.001114053,0.002836770,stable
147021639080400,147021.638500000,0.001071554,-0.172386080,-0.039773028,0.966557469,-0.256432002,-0.001112170,0.002837458,stable
147021654231700,147021.653500000,0.001071613,-0.172385976,-0.039773501,0.966557832,-0.256430632,-0.001112349,0.002837552,stable
147021670407300,147021.669500000,0.001070371,-0.172386229,-0.039772425,0.966557045,-0.256433641,-0.001112575,0.002833463,stable
147021685782000,147021.685500000,0.001070805,-0.172385767,-0.039774392,0.966558494,-0.256428161,-0.001111327,0.002835510,stable
147021701256800,147021.700500000,0.001071348,-0.172385752,-0.039774433,0.966558524,-0.256428035,-0.001115161,0.002835221,stable
147021716764400,147021.716500000,0.001070819,-0.172386050,-0.039773148,0.966557571,-0.256431641,-0.001111178,0.002835634,stable
147021731965650,147021.731500000,0.001072238,-0.172386110,-0.039772879,0.966557352,-0.256432421,-0.001114226,0.002838559,stable
147021747228400,147021.746500000,0.001072568,-0.172386095,-0.039772924,0.966557389,-0.256432267,-0.001113347,0.002840078,stable
147021762751900,147021.762500000,0.001071158,-0.172386393,-0.039771665,0.966556460,-0.256435820,-0.001113616,0.002835427,stable
147021778809900,147021.778500000,0.001071657,-0.172386348,-0.039771859,0.966556608,-0.256435245,-0.001113678,0.002836989,stable
147021793784800,147021.793500000,0.001072376,-0.172385871,-0.039773885,0.966558103,-0.256429584,-0.001114581,0.002838813,stable
147021809257900,147021.808500000,0.001071619,-0.172385842,-0.039774030,0.966558213,-0.256429194,-0.001111086,0.002838240,stable
147021824834000,147021.824500000,0.001071812,-0.172385752,-0.039774455,0.966558525,-0.256428006,-0.001109685,0.002839598,stable
147021839858750,147021.839500000,0.001071740,-0.172385797,-0.039774243,0.966558367,-0.256428605,-0.001109181,0.002839633,stable
147021855289200,147021.854500000,0.001071867,-0.172385439,-0.039775770,0.966559504,-0.256424315,-0.001108826,0.002840228,stable
147021870869900,147021.870500000,0.001070493,-0.172385544,-0.039775383,0.966559225,-0.256425409,-0.001106506,0.002837062,stable
147021886847250,147021.886500000,0.001070207,-0.172385797,-0.039774258,0.966558397,-0.256428538,-0.001105071,0.002836903,stable
147021902337500,147021.901500000,0.001068764,-0.172385886,-0.039773937,0.966558164,-0.256429465,-0.001102365,0.002833721,stable
147021917905500,147021.917500000,0.001068713,-0.172386020,-0.039773371,0.966557746,-0.256431044,-0.001103283,0.002833072,stable
147021933057400,147021.932500000,0.001068408,-0.172386020,-0.039773349,0.966557733,-0.256431101,-0.001102630,0.002832443,stable
147021948342650,147021.947500000,0.001069406,-0.172385812,-0.039774228,0.966558370,-0.256428666,-0.001103224,0.002835321,stable
147021963882050,147021.963500000,0.001069296,-0.172385961,-0.039773617,0.966557923,-0.256430358,-0.001103861,0.002834630,stable
147021978963050,147021.978500000,0.001068758,-0.172385901,-0.039773885,0.966558124,-0.256429617,-0.001103331,0.002833193,stable
147021994010450,147021.993500000,0.001069163,-0.172385648,-0.039774932,0.966558915,-0.256426627,-0.001106371,0.002832881,stable
147022008804900,147022.008500000,0.001068973,-0.172385797,-0.039774295,0.966558430,-0.256428457,-0.001103832,0.002833613,stable
147022025384300,147022.024500000,0.001069457,-0.172385707,-0.039774694,0.966558718,-0.256427352,-0.001101111,0.002836599,stable
147022040436650,147022.039500000,0.001069626,-0.172385588,-0.039775208,0.966559094,-0.256425926,-0.001101242,0.002837071,stable
147022055289100,147022.054500000,0.001068494,-0.172385395,-0.039776079,0.966559756,-0.256423470,-0.001100584,0.002833802,stable
147022070815000,147022.070500000,0.001068985,-0.172385424,-0.039775904,0.966559623,-0.256423957,-0.001102016,0.002834614,stable
147022085819500,147022.085500000,0.001068695,-0.172385365,-0.039776225,0.966559864,-0.256423064,-0.001104665,0.002832289,stable
147022100948400,147022.100500000,0.001069674,-0.172385499,-0.039775599,0.966559396,-0.256424795,-0.001106820,0.002834279,stable
147022116425500,147022.116500000,0.001069387,-0.172385603,-0.039775159,0.966559068,-0.256426040,-0.001105069,0.002834286,stable
147022132016550,147022.131500000,0.001068838,-0.172385409,-0.039776001,0.966559706,-0.256423652,-0.001103276,0.002833480,stable
147022147525100,147022.146500000,0.001069085,-0.172385514,-0.039775517,0.966559349,-0.256424991,-0.001105294,0.002833202,stable
147022163091500,147022.162500000,0.001069156,-0.172385454,-0.039775815,0.966559560,-0.256424195,-0.001105052,0.002833557,stable
147022179062300,147022.178500000,0.001068146,-0.172385201,-0.039776951,0.966560414,-0.256421011,-0.001105996,0.002829831,stable
147022193774300,147022.193500000,0.001068568,-0.172385052,-0.039777558,0.966560868,-0.256419292,-0.001109760,0.002829190,stable
147022209025800,147022.208500000,0.001068269,-0.172384888,-0.039778303,0.966561419,-0.256417224,-0.001109379,0.002828437,stable
147022224446400,147022.223500000,0.001069248,-0.172384799,-0.039778624,0.966561656,-0.256416300,-0.001111813,0.002830280,stable
147022241391450,147022.240500000,0.001069666,-0.172384486,-0.039780010,0.966562690,-0.256412387,-0.001112207,0.002831410,stable
147022256130300,147022.255500000,0.001070163,-0.172384471,-0.039780051,0.966562708,-0.256412303,-0.001111386,0.002833435,stable
147022272380700,147022.271600000,0.001070924,-0.172384426,-0.039780203,0.966562820,-0.256411854,-0.001112163,0.002835455,stable
147022288402600,147022.287600000,0.001071336,-0.172384411,-0.039780281,0.966562872,-0.256411643,-0.001112405,0.002836645,stable
147022303176800,147022.302600000,0.001070241,-0.172383919,-0.039782416,0.966564471,-0.256405650,-0.001109928,0.002834456,stable
147022318741100,147022.318600000,0.001070050,-0.172383934,-0.039782334,0.966564409,-0.256405888,-0.001109561,0.002834038,stable
147022333877400,147022.333500000,0.001070179,-0.172383934,-0.039782342,0.966564407,-0.256405887,-0.001107019,0.002835796,stable
147022349211350,147022.348500000,0.001070872,-0.172383964,-0.039782234,0.966564319,-0.256406194,-0.001106137,0.002838475,stable
147022364729600,147022.364500000,0.001070961,-0.172384039,-0.039781883,0.966564056,-0.256407185,-0.001106308,0.002838670,stable
147022379793200,147022.379500000,0.001069636,-0.172383726,-0.039783292,0.966565112,-0.256403246,-0.001104404,0.002835441,stable
147022395198600,147022.394500000,0.001070241,-0.172383621,-0.039783683,0.966565399,-0.256402141,-0.001103777,0.002837708,stable
147022410846450,147022.410500000,0.001070263,-0.172383368,-0.039784789,0.966566221,-0.256399040,-0.001101623,0.002838917,stable
147022426314350,147022.425500000,0.001070303,-0.172383383,-0.039784737,0.966566180,-0.256399192,-0.001100173,0.002839810,stable
147022441285600,147022.440500000,0.001070221,-0.172383383,-0.039784715,0.966566165,-0.256399249,-0.001100193,0.002839539,stable
147022456883100,147022.456500000,0.001070730,-0.172383770,-0.039783049,0.966564912,-0.256403956,-0.001100583,0.002840959,stable
147022472284250,147022.471500000,0.001069459,-0.172383845,-0.039782759,0.966564708,-0.256404770,-0.001099170,0.002837640,stable
147022487280800,147022.486500000,0.001070839,-0.172383979,-0.039782152,0.966564248,-0.256406459,-0.001102672,0.002840203,stable
147022502840400,147022.502500000,0.001071504,-0.172383904,-0.039782431,0.966564453,-0.256405659,-0.001100526,0.002843462,stable
147022517876000,147022.517500000,0.001072136,-0.172384396,-0.039780285,0.966562854,-0.256411668,-0.001103177,0.002844079,stable
147022534277900,147022.533500000,0.001072020,-0.172384456,-0.039780028,0.966562662,-0.256412394,-0.001102197,0.002844225,stable
147022548902250,147022.548500000,0.001071728,-0.172384739,-0.039778832,0.966561771,-0.256415762,-0.001101682,0.002843561,stable
147022564433550,147022.563500000,0.001071767,-0.172385037,-0.039777528,0.966560800,-0.256419425,-0.001103319,0.002842819,stable
147022579925450,147022.579500000,0.001071085,-0.172384858,-0.039778326,0.966561406,-0.256417161,-0.001102463,0.002841095,stable
147022595017800,147022.594500000,0.001071565,-0.172385037,-0.039777543,0.966560828,-0.256419327,-0.001104388,0.002841610,stable
147022610507900,147022.609500000,0.001071861,-0.172384754,-0.039778732,0.966561701,-0.256416030,-0.001106692,0.002841339,stable
147022626132250,147022.625500000,0.001070991,-0.172384903,-0.039778166,0.966561289,-0.256417609,-0.001104821,0.002839545,stable
147022641012900,147022.640500000,0.001071202,-0.172384962,-0.039777867,0.966561069,-0.256418434,-0.001104975,0.002840139,stable
147022657413100,147022.656500000,0.001071648,-0.172385037,-0.039777558,0.966560843,-0.256419272,-0.001108387,0.002839763,stable
147022671999250,147022.671500000,0.001070436,-0.172384813,-0.039778531,0.966561565,-0.256416592,-0.001107040,0.002836601,stable
147022686999500,147022.686500000,0.001069985,-0.172384873,-0.039778281,0.966561387,-0.256417275,-0.001104777,0.002836353,stable
147022702194000,147022.701500000,0.001070242,-0.172384784,-0.039778687,0.966561677,-0.256416172,-0.001102802,0.002838220,stable
147022717813050,147022.717500000,0.001070567,-0.172384501,-0.039779909,0.966562582,-0.256412748,-0.001101762,0.002839811,stable
147022733269000,147022.732500000,0.001070617,-0.172384515,-0.039779846,0.966562540,-0.256412900,-0.001098573,0.002841656,stable
147022748836000,147022.748500000,0.001069470,-0.172384515,-0.039779872,0.966562568,-0.256412834,-0.001098623,0.002837963,stable
147022764300000,147022.763500000,0.001069658,-0.172384769,-0.039778732,0.966561721,-0.256416019,-0.001099266,0.002838222,stable
147022780377250,147022.779500000,0.001069074,-0.172384754,-0.039778817,0.966561782,-0.256415811,-0.001097774,0.002837145,stable
147022795954500,147022.795500000,0.001069280,-0.172384933,-0.039778054,0.966561217,-0.256417933,-0.001099164,0.002837067,stable
147022812422300,147022.811500000,0.001069313,-0.172384739,-0.039778899,0.966561840,-0.256415586,-0.001099424,0.002837037,stable
147022826998150,147022.826500000,0.001069350,-0.172384635,-0.039779324,0.966562165,-0.256414356,-0.001097973,0.002837921,stable
147022843062550,147022.842500000,0.001067568,-0.172384590,-0.039779581,0.966562373,-0.256413634,-0.001097372,0.002832544,stable
147022858415300,147022.857500000,0.001066649,-0.172384590,-0.039779626,0.966562410,-0.256413525,-0.001096500,0.002830067,stable
147022873979200,147022.873500000,0.001065910,-0.172384575,-0.039779682,0.966562450,-0.256413400,-0.001096641,0.002827629,stable
147022889963750,147022.889500000,0.001063688,-0.172384575,-0.039779782,0.966562547,-0.256413110,-0.001093732,0.002822064,stable
147022905007200,147022.904500000,0.001064267,-0.172384351,-0.039780714,0.966563231,-0.256410511,-0.001093471,0.002824056,stable
147022921404500,147022.920500000,0.001064163,-0.172384381,-0.039780557,0.966563113,-0.256410958,-0.001092813,0.002824071,stable
147022935965650,147022.935500000,0.001064556,-0.172384560,-0.039779771,0.966562524,-0.256413165,-0.001092896,0.002825283,stable
147022952047050,147022.951500000,0.001063409,-0.172384620,-0.039779551,0.966562378,-0.256413754,-0.001092239,0.002821963,stable
147022968416950,147022.967500000,0.001063000,-0.172384650,-0.039779432,0.966562291,-0.256414091,-0.001090335,0.002821659,stable
147022982411350,147022.981500000,0.001062193,-0.172384426,-0.039780464,0.966563057,-0.256411228,-0.001086444,0.002821137,stable
147022998097100,147022.997500000,0.001062867,-0.172384262,-0.039781108,0.966563533,-0.256409409,-0.001087267,0.002822858,stable
147023012801650,147023.012500000,0.001063210,-0.172384292,-0.039780993,0.966563442,-0.256409743,-0.001087162,0.002824008,stable
147023027856200,147023.027500000,0.001062312,-0.172384366,-0.039780706,0.966563230,-0.256410570,-0.001085408,0.002822065,stable
147023043837500,147023.043500000,0.001062860,-0.172383845,-0.039782915,0.966564868,-0.256404377,-0.001086024,0.002823495,stable
147023058890300,147023.058500000,0.001063226,-0.172383726,-0.039783429,0.966565261,-0.256402883,-0.001086051,0.002824652,stable
147023074916000,147023.074500000,0.001061944,-0.172383711,-0.039783515,0.966565327,-0.256402676,-0.001084244,0.002821509,stable
147023089861100,147023.089500000,0.001061636,-0.172383621,-0.039783917,0.966565631,-0.256401543,-0.001085864,0.002819667,stable
147023104882400,147023.104500000,0.001061096,-0.172383517,-0.039784431,0.966566017,-0.256400106,-0.001085147,0.002818320,stable
147023120410050,147023.119500000,0.001061436,-0.172383636,-0.039783876,0.966565600,-0.256401670,-0.001087825,0.002817991,stable
147023136149800,147023.135500000,0.001061000,-0.172383621,-0.039783958,0.966565668,-0.256401434,-0.001091249,0.002814788,stable
147023152101850,147023.151500000,0.001061229,-0.172383487,-0.039784554,0.966566111,-0.256399757,-0.001092386,0.002814921,stable
147023168338700,147023.167500000,0.001061161,-0.172383502,-0.039784461,0.966566041,-0.256400023,-0.001090740,0.002815573,stable
147023184272350,147023.183500000,0.001060751,-0.172383517,-0.039784431,0.966566022,-0.256400107,-0.001090084,0.002814609,stable
147023199109050,147023.198500000,0.001060166,-0.172383115,-0.039786197,0.966567338,-0.256395161,-0.001086980,0.002814383,stable
147023214752700,147023.214500000,0.001059387,-0.172383055,-0.039786484,0.966567557,-0.256394365,-0.001087680,0.002811522,stable
147023230133950,147023.229500000,0.001060076,-0.172382832,-0.039787389,0.966568225,-0.256391821,-0.001086912,0.002814131,stable
147023246425150,147023.245500000,0.001059124,-0.172382653,-0.039788183,0.966568834,-0.256389560,-0.001086887,0.002811102,stable
147023260981700,147023.260500000,0.001058759,-0.172382534,-0.039788716,0.966569223,-0.256388106,-0.001088921,0.002808863,stable
147023276068650,147023.275500000,0.001056636,-0.172382623,-0.039788388,0.966569000,-0.256389020,-0.001087423,0.002802865,stable
147023291011000,147023.290500000,0.001056226,-0.172382772,-0.039787743,0.966568518,-0.256390851,-0.001085889,0.002802367,stable
147023307427100,147023.306500000,0.001056538,-0.172382876,-0.039787289,0.966568185,-0.256392095,-0.001085958,0.002803327,stable
147023322068800,147023.321500000,0.001057166,-0.172382981,-0.039786808,0.966567823,-0.256393435,-0.001084960,0.002805861,stable
147023337427500,147023.336500000,0.001056530,-0.172382876,-0.039787319,0.966568207,-0.256392010,-0.001084976,0.002803820,stable
147023352980900,147023.352500000,0.001056184,-0.172382608,-0.039788499,0.966569089,-0.256388698,-0.001086138,0.002802101,stable
147023368448500,147023.367500000,0.001054420,-0.172382683,-0.039788198,0.966568873,-0.256389569,-0.001082204,0.002798542,stable
147023383272950,147023.382500000,0.001055256,-0.172383025,-0.039786719,0.966567769,-0.256393705,-0.001084484,0.002800007,stable
147023398950700,147023.398500000,0.001055576,-0.172383234,-0.039785791,0.966567078,-0.256396302,-0.001086082,0.002800186,stable
147023414384950,147023.413500000,0.001056323,-0.172383517,-0.039784506,0.966566115,-0.256399907,-0.001087626,0.002801756,stable
147023430043600,147023.429500000,0.001057031,-0.172383636,-0.039784010,0.966565746,-0.256401275,-0.001088418,0.002803598,stable
147023445977650,147023.445500000,0.001056077,-0.172383919,-0.039782822,0.966564867,-0.256404615,-0.001084667,0.002802531,stable
147023461465450,147023.460500000,0.001056188,-0.172384143,-0.039781850,0.966564141,-0.256407356,-0.001088119,0.002801058,stable
147023478428300,147023.477500000,0.001056423,-0.172383964,-0.039782580,0.966564684,-0.256405300,-0.001088656,0.002801529,stable
147023493456400,147023.492500000,0.001056268,-0.172383472,-0.039784744,0.966566297,-0.256399223,-0.001087952,0.002801406,stable
147023507899200,147023.507500000,0.001055913,-0.172383517,-0.039784525,0.966566144,-0.256399810,-0.001085672,0.002801478,stable
147023523087250,147023.522500000,0.001055614,-0.172383592,-0.039784212,0.966565902,-0.256400733,-0.001086433,0.002800120,stable
147023539186850,147023.538500000,0.001056098,-0.172383681,-0.039783858,0.966565635,-0.256401723,-0.001087519,0.002801090,stable
147023555413850,147023.554500000,0.001056157,-0.172383621,-0.039784074,0.966565802,-0.256401096,-0.001088587,0.002800714,stable
147023570038550,147023.569500000,0.001055882,-0.172383472,-0.039784767,0.966566317,-0.256399167,-0.001090493,0.002798831,stable
147023586119500,147023.585500000,0.001054839,-0.172383368,-0.039785225,0.966566666,-0.256397883,-0.001089468,0.002796039,stable
147023602211700,147023.601500000,0.001054141,-0.172383502,-0.039784677,0.966566280,-0.256399367,-0.001090915,0.002793043,stable
147023617780200,147023.617500000,0.001053935,-0.172383174,-0.039786104,0.966567330,-0.256395412,-0.001088821,0.002793492,stable
147023633198050,147023.632600000,0.001054148,-0.172383040,-0.039786659,0.966567743,-0.256393847,-0.001087675,0.002794780,stable
147023648814200,147023.648600000,0.001053875,-0.172383219,-0.039785869,0.966567159,-0.256396055,-0.001086461,0.002794546,stable
147023664206200,147023.663600000,0.001054347,-0.172383398,-0.039785121,0.966566592,-0.256398177,-0.001085702,0.002796457,stable
147023680260250,147023.679600000,0.001053611,-0.172383487,-0.039784756,0.966566331,-0.256399186,-0.001087081,0.002793373,stable
147023695817500,147023.695600000,0.001053250,-0.172383130,-0.039786272,0.966567457,-0.256394953,-0.001085246,0.002793191,stable
147023711262350,147023.710600000,0.001053396,-0.172383249,-0.039785769,0.966567082,-0.256396363,-0.001085844,0.002793342,stable
147023726835650,147023.726600000,0.001053354,-0.172383279,-0.039785616,0.966566975,-0.256396769,-0.001088265,0.002791928,stable
147023742873600,147023.742600000,0.001053062,-0.172383115,-0.039786357,0.966567522,-0.256394716,-0.001086417,0.002791972,stable
147023758205100,147023.757600000,0.001052527,-0.172383025,-0.039786793,0.966567848,-0.256393501,-0.001083527,0.002791789,stable
147023773786950,147023.773600000,0.001051630,-0.172383040,-0.039786700,0.966567785,-0.256393768,-0.001082811,0.002789302,stable
147023788800550,147023.788600000,0.001052043,-0.172382921,-0.039787199,0.966568153,-0.256392369,-0.001084466,0.002789746,stable
147023803826900,147023.803600000,0.001052229,-0.172383204,-0.039785992,0.966567251,-0.256395764,-0.001085174,0.002789966,stable
147023819243700,147023.818600000,0.001052763,-0.172383040,-0.039786667,0.966567754,-0.256393850,-0.001086726,0.002790853,stable
147023834854100,147023.834600000,0.001052779,-0.172382846,-0.039787542,0.966568410,-0.256391376,-0.001085663,0.002791467,stable
147023850010450,147023.849600000,0.001052412,-0.172382742,-0.039787985,0.966568735,-0.256390161,-0.001084876,0.002790710,stable
147023865512250,147023.864600000,0.001051548,-0.172382519,-0.039788958,0.966569471,-0.256387409,-0.001079279,0.002790908,stable
147023881438850,147023.880600000,0.001051300,-0.172382608,-0.039788574,0.966569177,-0.256388527,-0.001080539,0.002789448,stable
147023896034300,147023.895600000,0.001051297,-0.172382742,-0.039788052,0.966568791,-0.256389980,-0.001078033,0.002790763,stable
147023912479400,147023.911600000,0.001050177,-0.172382399,-0.039789531,0.966569894,-0.256385861,-0.001077823,0.002787296,stable
147023927089900,147023.926600000,0.001049158,-0.172382668,-0.039788406,0.966569072,-0.256388992,-0.001075022,0.002785516,stable
147023943039650,147023.942600000,0.001050062,-0.172382608,-0.039788608,0.966569213,-0.256388431,-0.001077415,0.002787141,stable
147023958424650,147023.957600000,0.001049701,-0.172382727,-0.039788105,0.966568845,-0.256389831,-0.001077561,0.002785910,stable
147023973962100,147023.973600000,0.001049101,-0.172382712,-0.039788205,0.966568920,-0.256389565,-0.001075832,0.002784905,stable
147023989976500,147023.989600000,0.001049052,-0.172383010,-0.039786935,0.966567971,-0.256393143,-0.001072677,0.002786415,stable
147024005034100,147024.004600000,0.001050660,-0.172383055,-0.039786674,0.966567768,-0.256393853,-0.001074485,0.002790598,stable
147024021118000,147024.020600000,0.001051370,-0.172383204,-0.039786004,0.966567254,-0.256395765,-0.001072442,0.002793946,stable
147024036334750,147024.035600000,0.001050678,-0.172383249,-0.039785847,0.966567151,-0.256396172,-0.001071284,0.002792347,stable
147024051859950,147024.051600000,0.001051240,-0.172382981,-0.039787017,0.966568014,-0.256392902,-0.001073316,0.002793071,stable
147024067369450,147024.066600000,0.001052094,-0.172382995,-0.039786916,0.966567936,-0.256393165,-0.001071811,0.002796595,stable
147024083233550,147024.082600000,0.001051936,-0.172383130,-0.039786316,0.966567479,-0.256394897,-0.001072969,0.002795479,stable
147024098879200,147024.098600000,0.001051568,-0.172382623,-0.039788522,0.966569126,-0.256388694,-0.001070535,0.002795592,stable
147024114428300,147024.113600000,0.001051503,-0.172382623,-0.039788511,0.966569116,-0.256388735,-0.001070269,0.002795523,stable
147024129899900,147024.129600000,0.001053137,-0.172382578,-0.039788686,0.966569240,-0.256388216,-0.001073473,0.002799054,stable
147024145318750,147024.144600000,0.001052655,-0.172382668,-0.039788306,0.966568966,-0.256389265,-0.001073793,0.002797345,stable
147024160943400,147024.160600000,0.001052525,-0.172382429,-0.039789334,0.966569735,-0.256386373,-0.001075191,0.002796190,stable
147024175846400,147024.175600000,0.001053252,-0.172382563,-0.039788723,0.966569263,-0.256388133,-0.001078437,0.002796800,stable
147024190922250,147024.190600000,0.001053615,-0.172382534,-0.039788857,0.966569360,-0.256387753,-0.001078578,0.002797884,stable
147024206090100,147024.205600000,0.001053906,-0.172382697,-0.039788146,0.966568839,-0.256389710,-0.001080712,0.002797687,stable
147024222450850,147024.221600000,0.001052590,-0.172382817,-0.039787687,0.966568501,-0.256391027,-0.001078277,0.002794767,stable
147024237143150,147024.236600000,0.001052645,-0.172382742,-0.039787989,0.966568731,-0.256390158,-0.001076624,0.002795816,stable
147024253221550,147024.252600000,0.001052564,-0.172382683,-0.039788261,0.966568927,-0.256389418,-0.001074751,0.002796545,stable
147024268774400,147024.268600000,0.001052169,-0.172382742,-0.039788004,0.966568741,-0.256390131,-0.001074219,0.002795563,stable
147024283880500,147024.283600000,0.001051606,-0.172382832,-0.039787639,0.966568471,-0.256391168,-0.001073937,0.002793914,stable
147024299176550,147024.298600000,0.001051761,-0.172383070,-0.039786592,0.966567695,-0.256394088,-0.001073772,0.002794495,stable
147024314820150,147024.314600000,0.001051448,-0.172383308,-0.039785553,0.966566931,-0.256396982,-0.001074795,0.002792953,stable
147024330346400,147024.329600000,0.001052952,-0.172383636,-0.039784126,0.966565851,-0.256401003,-0.001076945,0.002796623,stable
147024346421150,147024.345600000,0.001052729,-0.172383696,-0.039783869,0.966565664,-0.256401716,-0.001077379,0.002795681,stable
147024361319550,147024.360600000,0.001052930,-0.172383860,-0.039783113,0.966565098,-0.256403839,-0.001074546,0.002797818,stable
147024377262050,147024.376500000,0.001052547,-0.172384053,-0.039782304,0.966564501,-0.256406105,-0.001074920,0.002796395,stable
147024392326650,147024.391500000,0.001052948,-0.172384262,-0.039781377,0.966563801,-0.256408730,-0.001075403,0.002797423,stable
147024407932000,147024.407500000,0.001053892,-0.172384247,-0.039781403,0.966563815,-0.256408644,-0.001076820,0.002799691,stable
147024423356850,147024.422500000,0.001054341,-0.172384262,-0.039781325,0.966563756,-0.256408853,-0.001077642,0.002800690,stable
147024438925400,147024.438500000,0.001054365,-0.172384620,-0.039779808,0.966562636,-0.256413074,-0.001076935,0.002801140,stable
147024454075150,147024.453500000,0.001055445,-0.172384828,-0.039778896,0.966561946,-0.256415642,-0.001078768,0.002803621,stable
147024469490350,147024.468500000,0.001055691,-0.172384828,-0.039778877,0.966561929,-0.256415699,-0.001079786,0.002803869,stable
147024485431550,147024.484500000,0.001055598,-0.172384962,-0.039778318,0.966561518,-0.256417251,-0.001081323,0.002802761,stable
147024500072250,147024.499500000,0.001054917,-0.172384724,-0.039779313,0.966562251,-0.256414512,-0.001080500,0.002801018,stable
147024516068000,147024.515500000,0.001055289,-0.172384724,-0.039779309,0.966562249,-0.256414511,-0.001084528,0.002800080,stable
147024532441600,147024.531500000,0.001056294,-0.172384501,-0.039780244,0.966562944,-0.256411855,-0.001083022,0.002804089,stable
147024547189000,147024.546500000,0.001054954,-0.172384635,-0.039779741,0.966562577,-0.256413283,-0.001082668,0.002799992,stable
147024563448200,147024.562500000,0.001055342,-0.172384977,-0.039778214,0.966561445,-0.256417545,-0.001085621,0.002799671,stable
147024579457750,147024.578500000,0.001054009,-0.172385424,-0.039776333,0.966560055,-0.256422829,-0.001084410,0.002796050,stable
147024594138250,147024.593500000,0.001052950,-0.172385395,-0.039776519,0.966560200,-0.256422315,-0.001082933,0.002793443,stable
147024609840400,147024.609500000,0.001054151,-0.172385573,-0.039775662,0.966559557,-0.256424701,-0.001085339,0.002796008,stable
147024625821000,147024.625500000,0.001054625,-0.172385812,-0.039774641,0.966558803,-0.256427523,-0.001082895,0.002798816,stable
147024641442950,147024.640500000,0.001054638,-0.172385812,-0.039774645,0.966558802,-0.256427523,-0.001082171,0.002799241,stable
147024656215700,147024.655500000,0.001054350,-0.172385752,-0.039774925,0.966559000,-0.256426783,-0.001079020,0.002799984,stable
147024671839450,147024.671500000,0.001053200,-0.172385857,-0.039774489,0.966558676,-0.256428042,-0.001077728,0.002796991,stable
147024686812700,147024.686500000,0.001053209,-0.172385857,-0.039774504,0.966558702,-0.256427944,-0.001078024,0.002796863,stable
147024702057500,147024.701500000,0.001053551,-0.172385976,-0.039773952,0.966558288,-0.256429494,-0.001077439,0.002798263,stable
147024718470200,147024.717500000,0.001053537,-0.172385812,-0.039774638,0.966558794,-0.256427581,-0.001074969,0.002799525,stable
147024732782900,147024.732500000,0.001054026,-0.172386065,-0.039773542,0.966557975,-0.256430654,-0.001076365,0.002800350,stable
147024748025850,147024.747500000,0.001053029,-0.172385857,-0.039774500,0.966558684,-0.256428014,-0.001075677,0.002797528,stable
147024764463850,147024.763500000,0.001052871,-0.172385544,-0.039775856,0.966559709,-0.256424159,-0.001076384,0.002796651,stable
147024779746750,147024.779500000,0.001054327,-0.172385484,-0.039776072,0.966559852,-0.256423568,-0.001076379,0.002801309,stable
147024795250200,147024.794500000,0.001053895,-0.172385484,-0.039776091,0.966559863,-0.256423541,-0.001075521,0.002800381,stable
147024810786900,147024.810500000,0.001054243,-0.172385365,-0.039776567,0.966560216,-0.256422198,-0.001076079,0.002801198,stable
147024825944700,147024.825500000,0.001053258,-0.172385558,-0.039775766,0.966559635,-0.256424424,-0.001077337,0.002797386,stable
147024841958850,147024.841500000,0.001053001,-0.172385767,-0.039774906,0.966558989,-0.256426870,-0.001077731,0.002796354,stable
147024857472000,147024.856500000,0.001052647,-0.172385931,-0.039774153,0.966558436,-0.256428965,-0.001075873,0.002796202,stable
147024872953600,147024.872500000,0.001052782,-0.172385737,-0.039775010,0.966559076,-0.256426547,-0.001075413,0.002796879,stable
147024888970550,147024.888500000,0.001053688,-0.172385827,-0.039774563,0.966558738,-0.256427790,-0.001076332,0.002799289,stable
147024904070550,147024.903500000,0.001054446,-0.172385558,-0.039775763,0.966559622,-0.256424436,-0.001078459,0.002800590,stable
147024920433900,147024.919500000,0.001055088,-0.172385275,-0.039776925,0.966560478,-0.256421191,-0.001080715,0.002801450,stable
147024934836400,147024.934500000,0.001054435,-0.172385067,-0.039777849,0.966561173,-0.256418593,-0.001080573,0.002799439,stable
147024950079700,147024.949500000,0.001053663,-0.172384977,-0.039778292,0.966561513,-0.256417339,-0.001082347,0.002796034,stable
147024965482900,147024.964500000,0.001055095,-0.172384724,-0.039779354,0.966562296,-0.256414345,-0.001085294,0.002799055,stable
147024981491300,147024.980500000,0.001053856,-0.172385171,-0.039777420,0.966560871,-0.256419756,-0.001085364,0.002795057,stable
147024996070550,147024.995600000,0.001054309,-0.172385201,-0.039777286,0.966560768,-0.256420132,-0.001086738,0.002795778,stable
147025012476150,147025.011600000,0.001054073,-0.172385573,-0.039775681,0.966559572,-0.256424645,-0.001084472,0.002796221,stable
147025028475100,147025.027600000,0.001053144,-0.172385320,-0.039776832,0.966560437,-0.256421421,-0.001085770,0.002792565,stable
147025043461450,147025.042600000,0.001052531,-0.172385246,-0.039777167,0.966560686,-0.256420500,-0.001083958,0.002791564,stable
147025058144650,147025.057600000,0.001051754,-0.172385350,-0.039776701,0.966560343,-0.256421813,-0.001080717,0.002790791,stable
147025074371900,147025.073600000,0.001051630,-0.172385648,-0.039775454,0.966559420,-0.256425292,-0.001077908,0.002791879,stable
147025090499700,147025.089600000,0.001051954,-0.172386006,-0.039773867,0.966558231,-0.256429765,-0.001078437,0.002792634,stable
147025105146750,147025.104600000,0.001052327,-0.172386289,-0.039772607,0.966557294,-0.256433286,-0.001080988,0.002792476,stable
147025121537050,147025.120600000,0.001051473,-0.172386423,-0.039772090,0.966556924,-0.256434714,-0.001083193,0.002788580,stable
147025135861800,147025.135600000,0.001052339,-0.172386587,-0.039771330,0.966556346,-0.256436864,-0.001084461,0.002790676,stable
147025151193600,147025.150600000,0.001052847,-0.172386333,-0.039772417,0.966557158,-0.256433788,-0.001084620,0.002792218,stable
147025167465050,147025.166600000,0.001053762,-0.172385886,-0.039774343,0.966558570,-0.256428433,-0.001083877,0.002795538,stable
147025183452650,147025.182600000,0.001053062,-0.172385722,-0.039775088,0.966559131,-0.256426339,-0.001080969,0.002794836,stable
147025198008900,147025.197600000,0.001053758,-0.172385886,-0.039774340,0.966558569,-0.256428433,-0.001081361,0.002796855,stable
147025214496550,147025.213600000,0.001054404,-0.172385693,-0.039775159,0.966559183,-0.256426099,-0.001083843,0.002797609,stable
147025230628500,147025.229600000,0.001054247,-0.172386229,-0.039772827,0.966557446,-0.256432653,-0.001083637,0.002797214,stable
147025245101450,147025.244600000,0.001054099,-0.172385991,-0.039773867,0.966558215,-0.256429761,-0.001084047,0.002796524,stable
147025261497150,147025.260600000,0.001052770,-0.172386050,-0.039773636,0.966558059,-0.256430393,-0.001084874,0.002791840,stable
147025277433550,147025.276600000,0.001052878,-0.172385946,-0.039774094,0.966558407,-0.256429079,-0.001085205,0.002792011,stable
147025291519400,147025.290600000,0.001053209,-0.172385857,-0.039774448,0.966558656,-0.256428128,-0.001083746,0.002793839,stable
147025307079300,147025.306600000,0.001054085,-0.172386184,-0.039773010,0.966557581,-0.256432151,-0.001086344,0.002795264,stable
147025323484850,147025.322600000,0.001053892,-0.172385991,-0.039773878,0.966558232,-0.256429706,-0.001086029,0.002794817,stable
147025338044450,147025.337600000,0.001054821,-0.172386199,-0.039772935,0.966557527,-0.256432329,-0.001085132,0.002798258,stable
147025353187100,147025.352600000,0.001054037,-0.172386020,-0.039773747,0.966558125,-0.256430097,-0.001082720,0.002797026,stable
147025368826500,147025.368600000,0.001054612,-0.172385871,-0.039774373,0.966558596,-0.256428307,-0.001084319,0.002798022,stable
147025383828500,147025.383600000,0.001054549,-0.172385797,-0.039774667,0.966558818,-0.256427468,-0.001083053,0.002798490,stable
147025399211050,147025.398500000,0.001054219,-0.172386169,-0.039773129,0.966557656,-0.256431855,-0.001078802,0.002799679,stable
147025415487150,147025.414500000,0.001054742,-0.172386259,-0.039772697,0.966557336,-0.256433043,-0.001078885,0.002801307,stable
147025430261350,147025.429500000,0.001055790,-0.172386482,-0.039771713,0.966556601,-0.256435780,-0.001082661,0.002802659,stable
147025445935050,147025.445500000,0.001056665,-0.172386616,-0.039771121,0.966556156,-0.256437427,-0.001082399,0.002805593,stable
147025461247550,147025.460500000,0.001055723,-0.172386557,-0.039771378,0.966556346,-0.256436745,-0.001081689,0.002802958,stable
147025477126050,147025.476500000,0.001056076,-0.172386587,-0.039771210,0.966556216,-0.256437219,-0.001080265,0.002804841,stable
147025493890600,147025.493500000,0.001054742,-0.172386333,-0.039772365,0.966557091,-0.256433965,-0.001079358,0.002801055,stable
147025509298250,147025.508500000,0.001055741,-0.172386497,-0.039771635,0.966556546,-0.256435990,-0.001082496,0.002802590,stable
147025524326550,147025.523500000,0.001057877,-0.172386244,-0.039772648,0.966557285,-0.256433135,-0.001085024,0.002808084,stable
147025540342850,147025.539500000,0.001058938,-0.172386155,-0.039773054,0.966557569,-0.256432028,-0.001085616,0.002811161,stable
147025555888300,147025.555500000,0.001059719,-0.172385827,-0.039774437,0.966558597,-0.256428128,-0.001087270,0.002812786,stable
147025571363450,147025.570500000,0.001061138,-0.172385961,-0.039773807,0.966558118,-0.256429886,-0.001089506,0.002816141,stable
147025587318250,147025.586500000,0.001061191,-0.172385618,-0.039775293,0.966559226,-0.256425707,-0.001089191,0.002816477,stable
147025602910000,147025.602500000,0.001060904,-0.172385633,-0.039775237,0.966559180,-0.256425890,-0.001087794,0.002816297,stable
147025618379450,147025.617500000,0.001060509,-0.172385529,-0.039775718,0.966559538,-0.256424549,-0.001085678,0.002816153,stable
147025634013400,147025.633500000,0.001060581,-0.172385812,-0.039774448,0.966558596,-0.256428098,-0.001086004,0.002816211,stable
147025650022200,147025.649500000,0.001060970,-0.172386006,-0.039773606,0.966557967,-0.256430458,-0.001087887,0.002816459,stable
147025666445850,147025.665500000,0.001060833,-0.172386110,-0.039773148,0.966557631,-0.256431731,-0.001088532,0.002815677,stable
147025681469850,147025.680500000,0.001059970,-0.172386050,-0.039773490,0.966557895,-0.256430768,-0.001088748,0.002812806,stable
147025696090350,147025.695500000,0.001059407,-0.172386110,-0.039773203,0.966557691,-0.256431552,-0.001086296,0.002812301,stable
147025712474000,147025.711500000,0.001059210,-0.172386184,-0.039772887,0.966557448,-0.256432475,-0.001086252,0.002811695,stable
147025727042900,147025.726500000,0.001058827,-0.172386289,-0.039772458,0.966557135,-0.256433663,-0.001084277,0.002811514,stable
147025743100450,147025.742500000,0.001058719,-0.172386155,-0.039773058,0.966557569,-0.256432029,-0.001082547,0.002812085,stable
147025758027550,147025.757500000,0.001058329,-0.172386363,-0.039772149,0.966556909,-0.256434531,-0.001083039,0.002810576,stable
147025773802900,147025.773500000,0.001057491,-0.172386557,-0.039771330,0.966556301,-0.256436852,-0.001082225,0.002808327,stable
147025789744200,147025.789500000,0.001057102,-0.172386676,-0.039770819,0.966555930,-0.256438263,-0.001082103,0.002807148,stable
147025804476700,147025.803500000,0.001056393,-0.172386989,-0.039769482,0.966554924,-0.256442080,-0.001082455,0.002804693,stable
147025820053100,147025.819500000,0.001056416,-0.172386840,-0.039770152,0.966555431,-0.256440166,-0.001080692,0.002805700,stable
147025835187850,147025.834500000,0.001055640,-0.172386840,-0.039770145,0.966555430,-0.256440196,-0.001079209,0.002804003,stable
147025850804250,147025.850500000,0.001055326,-0.172386751,-0.039770555,0.966555741,-0.256439035,-0.001080816,0.002802151,stable
147025866274900,147025.865500000,0.001055553,-0.172386646,-0.039770979,0.966556058,-0.256437834,-0.001082174,0.002802159,stable
147025881269000,147025.880500000,0.001056720,-0.172386751,-0.039770484,0.966555674,-0.256439242,-0.001082790,0.002805563,stable
147025896869750,147025.896500000,0.001056820,-0.172386795,-0.039770298,0.966555540,-0.256439747,-0.001084519,0.002804970,stable
147025912298800,147025.911500000,0.001057198,-0.172386959,-0.039769579,0.966554998,-0.256441772,-0.001081140,0.002807962,stable
147025928476250,147025.927500000,0.001057229,-0.172386765,-0.039770432,0.966555636,-0.256439367,-0.001081257,0.002807999,stable
147025944069550,147025.943500000,0.001057670,-0.172387049,-0.039769169,0.966554702,-0.256442875,-0.001083853,0.002808035,stable
147025959732150,147025.959500000,0.001056839,-0.172387362,-0.039767887,0.966553744,-0.256446510,-0.001081176,0.002806793,stable
147025975498000,147025.974500000,0.001057552,-0.172387272,-0.039768226,0.966553991,-0.256445558,-0.001082367,0.002808442,stable
147025989746600,147025.989500000,0.001057315,-0.172386810,-0.039770260,0.966555508,-0.256439843,-0.001080984,0.002808420,stable
147026005247650,147026.004500000,0.001058231,-0.172386840,-0.039770104,0.966555383,-0.256440289,-0.001083580,0.002809973,stable
147026020826500,147026.020500000,0.001057772,-0.172386587,-0.039771181,0.966556187,-0.256437271,-0.001081909,0.002809391,stable
147026036383950,147026.035500000,0.001057662,-0.172386348,-0.039772239,0.966556970,-0.256434322,-0.001080111,0.002809992,stable
147026051831650,147026.051500000,0.001058086,-0.172386378,-0.039772090,0.966556855,-0.256434741,-0.001080568,0.002811105,stable
147026067433200,147026.066500000,0.001057802,-0.172386244,-0.039772667,0.966557291,-0.256433106,-0.001079476,0.002810775,stable
147026083329300,147026.082500000,0.001057335,-0.172386348,-0.039772216,0.966556957,-0.256434379,-0.001077914,0.002810108,stable
147026098873600,147026.098500000,0.001057691,-0.172386631,-0.039771017,0.966556060,-0.256437746,-0.001078254,0.002811064,stable
147026114398800,147026.113500000,0.001057504,-0.172386289,-0.039772466,0.966557144,-0.256433665,-0.001076088,0.002811612,stable
147026130029500,147026.129500000,0.001057197,-0.172386065,-0.039773460,0.966557881,-0.256430898,-0.001076356,0.002810492,stable
147026146050950,147026.145500000,0.001056363,-0.172386199,-0.039772883,0.966557454,-0.256432534,-0.001075625,0.002808210,stable
147026162459550,147026.161500000,0.001056835,-0.172386363,-0.039772172,0.966556928,-0.256434504,-0.001077179,0.002808897,stable
147026177458150,147026.176500000,0.001055556,-0.172386512,-0.039771549,0.966556472,-0.256436270,-0.001078239,0.002804247,stable
147026193499350,147026.192500000,0.001055014,-0.172386378,-0.039772168,0.966556948,-0.256434495,-0.001077993,0.002802645,stable
147026207970800,147026.207500000,0.001054286,-0.172386423,-0.039771993,0.966556816,-0.256435013,-0.001076316,0.002801205,stable
147026223515850,147026.222500000,0.001054746,-0.172386542,-0.039771479,0.966556435,-0.256436439,-0.001079122,0.002801193,stable
147026239106200,147026.238500000,0.001055675,-0.172386944,-0.039769724,0.966555110,-0.256441396,-0.001077611,0.002804959,stable
147026254441450,147026.253500000,0.001054753,-0.172386840,-0.039770190,0.966555477,-0.256440044,-0.001075983,0.002802870,stable
147026269972100,147026.269500000,0.001054781,-0.172386795,-0.039770357,0.966555594,-0.256439596,-0.001073256,0.002804401,stable
147026285987950,147026.285500000,0.001054126,-0.172386676,-0.039770920,0.966556028,-0.256437989,-0.001075412,0.002801171,stable
147026302036900,147026.301500000,0.001053055,-0.172386661,-0.039770972,0.966556061,-0.256437895,-0.001071803,0.002799653,stable
147026317503850,147026.316500000,0.001053086,-0.172386557,-0.039771449,0.966556425,-0.256436525,-0.001073557,0.002798826,stable
147026333549450,147026.332500000,0.001052010,-0.172386736,-0.039770685,0.966555856,-0.256438706,-0.001072155,0.002796127,stable
147026349172350,147026.348600000,0.001052924,-0.172386527,-0.039771549,0.966556497,-0.256436259,-0.001072784,0.002798715,stable
147026365446450,147026.364600000,0.001053770,-0.172386736,-0.039770670,0.966555834,-0.256438732,-0.001076251,0.002799589,stable
147026380536450,147026.379600000,0.001054170,-0.172386587,-0.039771289,0.966556295,-0.256436984,-0.001077284,0.002800321,stable
147026395176250,147026.394600000,0.001052105,-0.172386348,-0.039772362,0.966557105,-0.256433997,-0.001072824,0.002796080,stable
147026410813400,147026.410600000,0.001051715,-0.172386423,-0.039772041,0.966556871,-0.256434892,-0.001073436,0.002794510,stable
147026426773600,147026.426700000,0.001051144,-0.172386244,-0.039772868,0.966557503,-0.256432532,-0.001075831,0.002791419,stable
147026441917550,147026.441700000,0.001051740,-0.172386125,-0.039773338,0.966557840,-0.256431246,-0.001077419,0.002792485,stable
147026457063600,147026.456700000,0.001050677,-0.172385931,-0.039774235,0.966558515,-0.256428732,-0.001074234,0.002790774,stable
147026472693500,147026.472700000,0.001051111,-0.172386244,-0.039772838,0.966557470,-0.256432658,-0.001075347,0.002791570,stable
147026488518050,147026.487700000,0.001050790,-0.172386304,-0.039772585,0.966557292,-0.256433343,-0.001076969,0.002789685,stable
147026503173700,147026.502700000,0.001049990,-0.172386304,-0.039772637,0.966557332,-0.256433221,-0.001078981,0.002786065,stable
147026518699400,147026.518700000,0.001048831,-0.172386453,-0.039772004,0.966556875,-0.256434983,-0.001076168,0.002783847,stable
147026534166850,147026.533700000,0.001048617,-0.172386318,-0.039772600,0.966557318,-0.256433320,-0.001076958,0.002782747,stable
147026550460650,147026.549700000,0.001049317,-0.172386184,-0.039773196,0.966557756,-0.256431641,-0.001074456,0.002786307,stable
147026565104450,147026.564700000,0.001048702,-0.172386318,-0.039772607,0.966557320,-0.256433307,-0.001075269,0.002783911,stable
147026581081900,147026.580700000,0.001049174,-0.172386378,-0.039772302,0.966557086,-0.256434172,-0.001074538,0.002785806,stable
147026596155550,147026.595700000,0.001049548,-0.172386497,-0.039771833,0.966556741,-0.256435456,-0.001073381,0.002787612,stable
147026611878000,147026.611700000,0.001048704,-0.172386527,-0.039771661,0.966556615,-0.256435960,-0.001073289,0.002784961,stable
147026627233450,147026.626700000,0.001049854,-0.172386736,-0.039770778,0.966555957,-0.256438405,-0.001075226,0.002787614,stable
147026643788800,147026.643700000,0.001051529,-0.172386944,-0.039769787,0.966555209,-0.256441168,-0.001076564,0.002792259,stable
147026659323100,147026.658700000,0.001053027,-0.172387317,-0.039768122,0.966553951,-0.256445860,-0.001078880,0.002795820,stable
147026674276250,147026.673700000,0.001054054,-0.172387108,-0.039769057,0.966554640,-0.256443232,-0.001082445,0.002797222,stable
147026689292300,147026.688700000,0.001052815,-0.172386974,-0.039769657,0.966555101,-0.256441543,-0.001085452,0.002791674,stable
147026705537250,147026.704700000,0.001052099,-0.172386989,-0.039769612,0.966555068,-0.256441685,-0.001081344,0.002791554,stable
147026720057400,147026.719700000,0.001051503,-0.172387287,-0.039768323,0.966554116,-0.256445291,-0.001078183,0.002791318,stable
147026735393300,147026.734700000,0.001051609,-0.172387257,-0.039768469,0.966554226,-0.256444872,-0.001078196,0.002791651,stable
147026750993150,147026.750700000,0.001051339,-0.172387019,-0.039769500,0.966554989,-0.256442008,-0.001078989,0.002790371,stable
147026766445050,147026.765700000,0.001051140,-0.172387272,-0.039768402,0.966554174,-0.256445083,-0.001078114,0.002790194,stable
147026782471900,147026.781700000,0.001051532,-0.172387242,-0.039768506,0.966554257,-0.256444761,-0.001079160,0.002790895,stable
147026798005900,147026.797700000,0.001051374,-0.172387332,-0.039768107,0.966553959,-0.256445891,-0.001080449,0.002789708,stable
147026813520400,147026.812700000,0.001051192,-0.172387198,-0.039768729,0.966554420,-0.256444161,-0.001081728,0.002788451,stable
147026829007350,147026.828700000,0.001051297,-0.172387213,-0.039768659,0.966554371,-0.256444342,-0.001080819,0.002789269,stable
147026844464100,147026.843700000,0.001051252,-0.172387198,-0.039768748,0.966554446,-0.256444062,-0.001082943,0.002788001,stable
147026860100450,147026.859700000,0.001050185,-0.172387406,-0.039767846,0.966553771,-0.256446634,-0.001077714,0.002787353,stable
147026875967650,147026.875700000,0.001049261,-0.172387108,-0.039769180,0.966554769,-0.256442905,-0.001076452,0.002785069,stable
147026891044250,147026.890700000,0.001049890,-0.172387183,-0.039768826,0.966554505,-0.256443883,-0.001079545,0.002785443,stable
147026907454500,147026.906700000,0.001050442,-0.172387421,-0.039767779,0.966553721,-0.256446817,-0.001078908,0.002787544,stable
147026922101700,147026.921700000,0.001050844,-0.172387198,-0.039768707,0.966554407,-0.256444217,-0.001079660,0.002788432,stable
147026937398750,147026.936500000,0.001051718,-0.172387183,-0.039768770,0.966554457,-0.256444006,-0.001082711,0.002789615,stable
147026952954900,147026.952500000,0.001051869,-0.172387123,-0.039769050,0.966554652,-0.256443265,-0.001081790,0.002790585,stable
147026968412350,147026.967500000,0.001050929,-0.172387168,-0.039768875,0.966554534,-0.256443742,-0.001082503,0.002787201,stable
147026984472100,147026.983500000,0.001052204,-0.172386751,-0.039770599,0.966555803,-0.256438917,-0.001083421,0.002790794,stable
147027000028650,147026.999500000,0.001052232,-0.172387138,-0.039768968,0.966554594,-0.256443474,-0.001085843,0.002789604,stable
147027015006550,147027.014500000,0.001051624,-0.172387376,-0.039767917,0.966553817,-0.256446424,-0.001086258,0.002787439,stable
147027030169700,147027.029500000,0.001052676,-0.172387227,-0.039768543,0.966554276,-0.256444661,-0.001087167,0.002790321,stable
147027045472800,147027.044500000,0.001052618,-0.172387198,-0.039768659,0.966554368,-0.256444312,-0.001085620,0.002790954,stable
147027060973850,147027.060500000,0.001053492,-0.172387183,-0.039768700,0.966554395,-0.256444184,-0.001086539,0.002793261,stable
147027075971900,147027.075500000,0.001053737,-0.172386840,-0.039770178,0.966555490,-0.256440047,-0.001086546,0.002794043,stable
147027091961600,147027.091500000,0.001054303,-0.172386825,-0.039770249,0.966555533,-0.256439864,-0.001085660,0.002796321,stable
147027107142850,147027.106500000,0.001054608,-0.172386989,-0.039769541,0.966554997,-0.256441875,-0.001085912,0.002797162,stable
147027122796900,147027.122500000,0.001055287,-0.172387049,-0.039769247,0.966554772,-0.256442699,-0.001085709,0.002799440,stable
147027138128650,147027.137500000,0.001055937,-0.172387213,-0.039768532,0.966554243,-0.256444668,-0.001085988,0.002801367,stable
147027153839550,147027.153500000,0.001056521,-0.172387332,-0.039768022,0.966553849,-0.256446132,-0.001084703,0.002803914,stable
147027170491300,147027.169500000,0.001057226,-0.172387019,-0.039769340,0.966554833,-0.256442401,-0.001086320,0.002805315,stable
147027186531950,147027.185500000,0.001057936,-0.172387198,-0.039768569,0.966554249,-0.256444580,-0.001086996,0.002807225,stable
147027201161650,147027.200500000,0.001057570,-0.172387421,-0.039767560,0.966553503,-0.256447403,-0.001086874,0.002806118,stable
147027216846250,147027.216500000,0.001056501,-0.172387376,-0.039767809,0.966553701,-0.256446693,-0.001086689,0.002802801,stable
147027232174900,147027.231500000,0.001056543,-0.172387123,-0.039768875,0.966554491,-0.256443716,-0.001087043,0.002802747,stable
147027247270700,147027.246500000,0.001057564,-0.172387064,-0.039769135,0.966554672,-0.256443002,-0.001089678,0.002804622,stable
147027263530150,147027.262500000,0.001058210,-0.172386989,-0.039769407,0.966554871,-0.256442231,-0.001090345,0.002806332,stable
147027278887400,147027.278500000,0.001058485,-0.172387347,-0.039767861,0.966553723,-0.256446548,-0.001091218,0.002806749,stable
147027293804950,147027.293500000,0.001057721,-0.172387585,-0.039766856,0.966552980,-0.256449374,-0.001091448,0.002804183,stable
147027308361150,147027.307500000,0.001056449,-0.172387630,-0.039766736,0.966552905,-0.256449697,-0.001087837,0.002802024,stable
147027323432450,147027.322500000,0.001055308,-0.172387853,-0.039765783,0.966552194,-0.256452410,-0.001084770,0.002799999,stable
147027338531650,147027.337500000,0.001055007,-0.172387853,-0.039765798,0.966552203,-0.256452383,-0.001081278,0.002800880,stable
147027354004000,147027.353500000,0.001053760,-0.172387317,-0.039768104,0.966553929,-0.256445913,-0.001076241,0.002799559,stable
147027370541900,147027.369500000,0.001054031,-0.172387615,-0.039766848,0.966552985,-0.256449462,-0.001076807,0.002800124,stable
147027385507950,147027.384500000,0.001054344,-0.172387555,-0.039767098,0.966553178,-0.256448721,-0.001074939,0.002802114,stable
147027401003850,147027.400500000,0.001055501,-0.172387645,-0.039766662,0.966552842,-0.256449949,-0.001075447,0.002805541,stable
147027416447450,147027.415500000,0.001054897,-0.172387525,-0.039767191,0.966553238,-0.256448483,-0.001077957,0.002802286,stable
147027432044750,147027.431500000,0.001054166,-0.172387600,-0.039766911,0.966553047,-0.256449225,-0.001077514,0.002800184,stable
147027448492150,147027.447500000,0.001052959,-0.172387496,-0.039767355,0.966553384,-0.256447999,-0.001078573,0.002795767,stable
147027463088750,147027.462500000,0.001052624,-0.172387242,-0.039768513,0.966554247,-0.256444756,-0.001077528,0.002795248,stable
147027479028900,147027.478500000,0.001052536,-0.172387108,-0.039769039,0.966554636,-0.256443290,-0.001075590,0.002795991,stable
147027495521800,147027.494500000,0.001052843,-0.172386989,-0.039769556,0.966555012,-0.256441863,-0.001076751,0.002796360,stable
147027510980500,147027.510500000,0.001053650,-0.172387347,-0.039768029,0.966553875,-0.256446123,-0.001077048,0.002798780,stable
147027526531350,147027.525500000,0.001053500,-0.172387376,-0.039767850,0.966553742,-0.256446628,-0.001078001,0.002797797,stable
147027542537650,147027.541500000,0.001052100,-0.172387078,-0.039769206,0.966554767,-0.256442815,-0.001077393,0.002793646,stable
147027558122850,147027.557500000,0.001052534,-0.172387242,-0.039768476,0.966554213,-0.256444882,-0.001074752,0.002796427,stable
147027573510900,147027.572500000,0.001050676,-0.172387600,-0.039766960,0.966553092,-0.256449163,-0.001067792,0.002794165,stable
147027590505400,147027.589500000,0.001049169,-0.172387421,-0.039767832,0.966553754,-0.256446721,-0.001067423,0.002789545,stable
147027605108050,147027.604500000,0.001049454,-0.172387168,-0.039768916,0.966554556,-0.256443686,-0.001066648,0.002790865,stable
147027621387150,147027.620500000,0.001050710,-0.172386974,-0.039769731,0.966555156,-0.256441379,-0.001064982,0.002795761,stable
147027636118600,147027.635500000,0.001050982,-0.172386840,-0.039770249,0.966555531,-0.256439953,-0.001063921,0.002797191,stable
147027651563550,147027.650500000,0.001051661,-0.172387078,-0.039769229,0.966554765,-0.256442816,-0.001063849,0.002799397,stable
147027667070150,147027.666500000,0.001052743,-0.172386825,-0.039770264,0.966555531,-0.256439893,-0.001065854,0.002801799,stable
147027683031900,147027.682500000,0.001051799,-0.172387004,-0.039769523,0.966554982,-0.256441990,-0.001062616,0.002800491,stable
147027698359400,147027.697500000,0.001051806,-0.172387332,-0.039768118,0.966553941,-0.256445917,-0.001064987,0.002799259,stable
147027713903700,147027.713600000,0.001051608,-0.172387511,-0.039767344,0.966553364,-0.256448097,-0.001062653,0.002799859,stable
147027729336950,147027.728600000,0.001051781,-0.172387689,-0.039766558,0.966552780,-0.256450292,-0.001062968,0.002800244,stable
147027744956850,147027.744600000,0.001051022,-0.172387853,-0.039765857,0.966552262,-0.256452264,-0.001059466,0.002799668,stable
147027760440500,147027.759600000,0.001050433,-0.172387704,-0.039766572,0.966552799,-0.256450267,-0.001061916,0.002796492,stable
147027775431050,147027.774600000,0.001049874,-0.172387511,-0.039767403,0.966553430,-0.256447906,-0.001061507,0.002794921,stable
147027791419050,147027.790600000,0.001049624,-0.172387674,-0.039766725,0.966552923,-0.256449821,-0.001057733,0.002796116,stable
147027806965500,147027.806600000,0.001047810,-0.172387451,-0.039767712,0.966553664,-0.256447086,-0.001056321,0.002791064,stable
147027822946750,147027.822600000,0.001048002,-0.172387764,-0.039766323,0.966552627,-0.256450984,-0.001054211,0.002792791,stable
147027838493100,147027.837600000,0.001049151,-0.172387734,-0.039766427,0.966552704,-0.256450661,-0.001056524,0.002795243,stable
147027854035100,147027.853600000,0.001048625,-0.172387794,-0.039766211,0.966552545,-0.256451276,-0.001054729,0.002794510,stable
147027869385350,147027.868600000,0.001048507,-0.172387734,-0.039766476,0.966552733,-0.256450563,-0.001051330,0.002795927,stable
147027884511000,147027.883600000,0.001047377,-0.172387749,-0.039766438,0.966552709,-0.256450690,-0.001048665,0.002793724,stable
147027900051750,147027.899600000,0.001047136,-0.172387540,-0.039767358,0.966553399,-0.256448092,-0.001045699,0.002794521,stable
147027915392750,147027.914600000,0.001046587,-0.172387660,-0.039766848,0.966553014,-0.256449559,-0.001042914,0.002794238,stable
147027931029050,147027.930600000,0.001045798,-0.172387823,-0.039766140,0.966552501,-0.256451519,-0.001043782,0.002791256,stable
147027947153150,147027.946600000,0.001045437,-0.172387868,-0.039765980,0.966552387,-0.256451965,-0.001046156,0.002788849,stable
147027962506750,147027.961600000,0.001044918,-0.172387853,-0.039766058,0.966552446,-0.256451758,-0.001044104,0.002788274,stable
147027979527600,147027.978600000,0.001043374,-0.172388345,-0.039763976,0.966550909,-0.256457603,-0.001041798,0.002784555,stable
147027994145150,147027.993600000,0.001044090,-0.172388449,-0.039763477,0.966550532,-0.256458998,-0.001041382,0.002787061,stable
147028010547100,147028.009600000,0.001044390,-0.172388136,-0.039764799,0.966551508,-0.256455307,-0.001040712,0.002788377,stable
147028025209050,147028.024600000,0.001045113,-0.172387719,-0.039766613,0.966552851,-0.256450219,-0.001040965,0.002790558,stable
147028041492050,147028.040600000,0.001046191,-0.172387928,-0.039765675,0.966552149,-0.256452830,-0.001041972,0.002793467,stable
147028056249700,147028.055600000,0.001045903,-0.172387779,-0.039766360,0.966552656,-0.256450930,-0.001041597,0.002792746,stable
147028071778200,147028.071600000,0.001045359,-0.172387868,-0.039765947,0.966552362,-0.256452050,-0.001039122,0.002792315,stable
147028087844300,147028.087600000,0.001044558,-0.172387972,-0.039765567,0.966552085,-0.256453126,-0.001040889,0.002788821,stable
147028103245000,147028.102600000,0.001045011,-0.172387958,-0.039765585,0.966552098,-0.256453070,-0.001045318,0.002787929,stable
147028118817100,147028.118600000,0.001044920,-0.172387660,-0.039766863,0.966553048,-0.256449493,-0.001044994,0.002787810,stable
147028134249050,147028.133600000,0.001044895,-0.172387749,-0.039766483,0.966552763,-0.256450569,-0.001046348,0.002787014,stable
147028150305550,147028.149600000,0.001045185,-0.172387764,-0.039766405,0.966552709,-0.256450766,-0.001048937,0.002786573,stable
147028165375100,147028.164600000,0.001046476,-0.172387898,-0.039765801,0.966552255,-0.256452441,-0.001053661,0.002788203,stable
147028181311950,147028.180600000,0.001046789,-0.172387913,-0.039765712,0.966552190,-0.256452678,-0.001056304,0.002787808,stable
147028196875850,147028.196600000,0.001046751,-0.172387913,-0.039765716,0.966552191,-0.256452678,-0.001057183,0.002787220,stable
147028212361750,147028.211600000,0.001046757,-0.172387689,-0.039766699,0.966552925,-0.256449911,-0.001057611,0.002787016,stable
147028227479900,147028.226600000,0.001046797,-0.172387600,-0.039767064,0.966553192,-0.256448904,-0.001057115,0.002787407,stable
147028243997900,147028.243600000,0.001047169,-0.172387987,-0.039765414,0.966551965,-0.256453516,-0.001057568,0.002788354,stable
147028259439750,147028.258600000,0.001047412,-0.172388017,-0.039765287,0.966551878,-0.256453836,-0.001057294,0.002789276,stable
147028275485650,147028.274600000,0.001047090,-0.172388077,-0.039765019,0.966551672,-0.256454620,-0.001055744,0.002789063,stable
147028291449800,147028.290600000,0.001046941,-0.172387913,-0.039765760,0.966552217,-0.256452566,-0.001053013,0.002790034,stable
147028307023300,147028.306600000,0.001047340,-0.172387987,-0.039765380,0.966551928,-0.256453641,-0.001052617,0.002791515,stable
147028323518800,147028.322600000,0.001046935,-0.172387704,-0.039766651,0.966552873,-0.256450092,-0.001051919,0.002790594,stable
147028337562900,147028.336600000,0.001046545,-0.172387466,-0.039767656,0.966553636,-0.256447228,-0.001051740,0.002789442,stable
147028353191550,147028.352600000,0.001045883,-0.172387466,-0.039767701,0.966553676,-0.256447103,-0.001052541,0.002786903,stable
147028369570950,147028.368600000,0.001046136,-0.172387674,-0.039766811,0.966552999,-0.256449645,-0.001052280,0.002787849,stable
147028384661300,147028.383600000,0.001046767,-0.172387555,-0.039767269,0.966553335,-0.256448360,-0.001054456,0.002788716,stable
147028399176950,147028.398600000,0.001047983,-0.172387868,-0.039765868,0.966552288,-0.256452269,-0.001057372,0.002791061,stable
147028415567500,147028.414600000,0.001048589,-0.172387987,-0.039765343,0.966551896,-0.256453722,-0.001055807,0.002793823,stable
147028430137250,147028.429600000,0.001048484,-0.172388092,-0.039764903,0.966551562,-0.256454980,-0.001053123,0.002794906,stable
147028445206450,147028.444600000,0.001047313,-0.172388151,-0.039764661,0.966551389,-0.256455665,-0.001048048,0.002793844,stable
147028460845850,147028.460600000,0.001047938,-0.172387987,-0.039765388,0.966551929,-0.256453609,-0.001049105,0.002795284,stable
147028477516550,147028.476700000,0.001047803,-0.172387958,-0.039765500,0.966552012,-0.256453304,-0.001049143,0.002794833,stable
147028491862200,147028.491700000,0.001047095,-0.172388196,-0.039764479,0.966551258,-0.256456168,-0.001049816,0.002792213,stable
147028507147050,147028.506700000,0.001048042,-0.172388136,-0.039764728,0.966551432,-0.256455482,-0.001049321,0.002795501,stable
147028522085600,147028.521700000,0.001048222,-0.172388464,-0.039763290,0.966550370,-0.256459478,-0.001049634,0.002795910,stable
147028537834200,147028.537700000,0.001047388,-0.172388241,-0.039764304,0.966551130,-0.256456645,-0.001050254,0.002792918,stable
147028553077500,147028.552700000,0.001047745,-0.172388598,-0.039762754,0.966549982,-0.256460962,-0.001051946,0.002793162,stable
147028569551650,147028.568700000,0.001047005,-0.172388569,-0.039762881,0.966550083,-0.256460599,-0.001048973,0.002792368,stable
147028583772900,147028.583700000,0.001048015,-0.172388434,-0.039763425,0.966550468,-0.256459117,-0.001050675,0.002794698,stable
147028599126850,147028.598700000,0.001047520,-0.172388747,-0.039762102,0.966549489,-0.256462819,-0.001048398,0.002794315,stable
147028615555200,147028.614700000,0.001047090,-0.172388837,-0.039761715,0.966549200,-0.256463924,-0.001048429,0.002792924,stable
147028630380850,147028.629700000,0.001046314,-0.172388613,-0.039762706,0.966549943,-0.256461146,-0.001045988,0.002791737,stable
147028645859800,147028.645700000,0.001044429,-0.172388732,-0.039762218,0.966549595,-0.256462518,-0.001042856,0.002787365,stable
147028661243150,147028.660700000,0.001045285,-0.172388956,-0.039761271,0.966548876,-0.256465199,-0.001044054,0.002789465,stable
147028677314050,147028.676700000,0.001044886,-0.172388673,-0.039762501,0.966549797,-0.256461749,-0.001046867,0.002786707,stable
147028693926800,147028.693700000,0.001044108,-0.172388330,-0.039763991,0.966550923,-0.256457531,-0.001047097,0.002784101,stable
147028709294400,147028.708700000,0.001042843,-0.172388420,-0.039763674,0.966550686,-0.256458469,-0.001046630,0.002780303,stable
147028725333400,147028.724700000,0.001042569,-0.172388285,-0.039764203,0.966551083,-0.256456976,-0.001043597,0.002781029,stable
147028740956900,147028.740700000,0.001044318,-0.172387645,-0.039766945,0.966553107,-0.256449284,-0.001042978,0.002786952,stable
147028756106600,147028.755700000,0.001044600,-0.172387749,-0.039766494,0.966552782,-0.256450501,-0.001043327,0.002787668,stable
147028771548150,147028.770700000,0.001045168,-0.172387585,-0.039767187,0.966553270,-0.256448640,-0.001042321,0.002790018,stable
147028787533300,147028.786700000,0.001045270,-0.172387585,-0.039767198,0.966553289,-0.256448570,-0.001044449,0.002789216,stable
147028803259300,147028.802700000,0.001044366,-0.172387525,-0.039767507,0.966553525,-0.256447707,-0.001042763,0.002787220,stable
147028818854200,147028.818700000,0.001044287,-0.172387674,-0.039766841,0.966553036,-0.256449551,-0.001041687,0.002787534,stable
147028834906650,147028.834700000,0.001044816,-0.172387719,-0.039766654,0.966552888,-0.256450094,-0.001043593,0.002788217,stable
147028850150850,147028.849700000,0.001044666,-0.172387868,-0.039765976,0.966552384,-0.256451996,-0.001041948,0.002788608,stable
147028866549500,147028.865700000,0.001044402,-0.172387689,-0.039766792,0.966552996,-0.256449704,-0.001043080,0.002787168,stable
147028882548850,147028.881700000,0.001044071,-0.172387496,-0.039767638,0.966553624,-0.256447344,-0.001040506,0.002787469,stable
147028897206900,147028.896700000,0.001043502,-0.172387272,-0.039768595,0.966554348,-0.256444634,-0.001041719,0.002785012,stable
147028913505150,147028.912700000,0.001043733,-0.172387302,-0.039768435,0.966554228,-0.256445081,-0.001042260,0.002785462,stable
147028928229500,147028.927700000,0.001043688,-0.172387272,-0.039768592,0.966554347,-0.256444634,-0.001042238,0.002785332,stable
147028943853800,147028.943700000,0.001045075,-0.172387108,-0.039769288,0.966554849,-0.256442702,-0.001046870,0.002787318,stable
147028959150100,147028.958700000,0.001045648,-0.172386989,-0.039769739,0.966555186,-0.256441416,-0.001049392,0.002787817,stable
147028975151100,147028.974700000,0.001046089,-0.172386661,-0.039771162,0.966556250,-0.256437391,-0.001049461,0.002789191,stable
147028990240150,147028.989600000,0.001044684,-0.172386423,-0.039772227,0.966557045,-0.256434444,-0.001049938,0.002784449,stable
147029005904950,147029.005600000,0.001044215,-0.172386363,-0.039772522,0.966557263,-0.256433636,-0.001049266,0.002783306,stable
147029021275450,147029.020600000,0.001044370,-0.172386572,-0.039771639,0.966556604,-0.256436108,-0.001045241,0.002785929,stable
147029036929950,147029.036600000,0.001044393,-0.172386453,-0.039772134,0.966556975,-0.256434711,-0.001047825,0.002784635,stable
147029052007800,147029.051600000,0.001043408,-0.172386333,-0.039772674,0.966557388,-0.256433188,-0.001045640,0.002782643,stable
147029068554550,147029.067600000,0.001042887,-0.172385797,-0.039775014,0.966559122,-0.256426665,-0.001044311,0.002781684,stable
147029084548800,147029.083700000,0.001043240,-0.172385946,-0.039774343,0.966558627,-0.256428522,-0.001045284,0.002782299,stable
147029099123850,147029.098700000,0.001043492,-0.172386080,-0.039773740,0.966558176,-0.256430213,-0.001045465,0.002783007,stable
147029115491050,147029.114700000,0.001044610,-0.172385931,-0.039774388,0.966558649,-0.256428393,-0.001047243,0.002785642,stable
147029130179450,147029.129700000,0.001044480,-0.172385916,-0.039774463,0.966558714,-0.256428156,-0.001048465,0.002784580,stable
147029145493300,147029.144700000,0.001045708,-0.172386035,-0.039773911,0.966558285,-0.256429732,-0.001049250,0.002788091,stable
147029160995050,147029.160700000,0.001044463,-0.172385901,-0.039774500,0.966558731,-0.256428087,-0.001045855,0.002785906,stable
147029175977750,147029.175700000,0.001045662,-0.172385931,-0.039774351,0.966558613,-0.256428488,-0.001044223,0.002790601,stable
147029191019000,147029.190700000,0.001044912,-0.172386035,-0.039773937,0.966558304,-0.256429677,-0.001042252,0.002789242,stable
147029206199550,147029.205700000,0.001045189,-0.172386125,-0.039773524,0.966557993,-0.256430838,-0.001042004,0.002790260,stable
147029221953700,147029.221700000,0.001044493,-0.172385901,-0.039774548,0.966558758,-0.256427975,-0.001039892,0.002789151,stable
147029236974000,147029.236700000,0.001042978,-0.172386050,-0.039773896,0.966558280,-0.256429822,-0.001035442,0.002786658,stable
147029252184550,147029.251700000,0.001043522,-0.172386304,-0.039772827,0.966557475,-0.256432838,-0.001035176,0.002788536,stable
147029268531150,147029.267700000,0.001044140,-0.172386512,-0.039771892,0.966556790,-0.256435395,-0.001034729,0.002790748,stable
147029282939750,147029.282700000,0.001045363,-0.172386199,-0.039773230,0.966557760,-0.256431702,-0.001038130,0.002792861,stable
147029298180300,147029.297700000,0.001045210,-0.172385916,-0.039774448,0.966558670,-0.256428279,-0.001038766,0.002792039,stable
147029314534150,147029.313700000,0.001045372,-0.172385767,-0.039775047,0.966559122,-0.256426575,-0.001040295,0.002791749,stable
147029329254450,147029.328700000,0.001044984,-0.172386050,-0.039773840,0.966558223,-0.256429972,-0.001037883,0.002791780,stable
147029344896500,147029.344700000,0.001044873,-0.172386348,-0.039772548,0.966557267,-0.256433577,-0.001036534,0.002792138,stable
147029360283950,147029.359700000,0.001044772,-0.172386616,-0.039771426,0.966556431,-0.256436736,-0.001038661,0.002790689,stable
147029375301850,147029.374700000,0.001045050,-0.172386706,-0.039771002,0.966556109,-0.256437935,-0.001036805,0.002792558,stable
147029390314950,147029.389700000,0.001044813,-0.172386721,-0.039770987,0.966556115,-0.256437923,-0.001038225,0.002791051,stable
147029405886750,147029.405700000,0.001044795,-0.172386542,-0.039771751,0.966556668,-0.256435841,-0.001038056,0.002791084,stable
147029421302900,147029.420700000,0.001045317,-0.172386512,-0.039771836,0.966556734,-0.256435575,-0.001038239,0.002792656,stable
147029436986500,147029.436700000,0.001044064,-0.172386795,-0.039770681,0.966555892,-0.256438791,-0.001037759,0.002788900,stable
147029452211700,147029.451700000,0.001044587,-0.172386631,-0.039771330,0.966556368,-0.256436973,-0.001035254,0.002791898,stable
147029467937950,147029.467700000,0.001045628,-0.172386676,-0.039771147,0.966556214,-0.256437516,-0.001033990,0.002795894,stable
147029482903800,147029.482700000,0.001046198,-0.172386900,-0.039770126,0.966555452,-0.256440365,-0.001032808,0.002798338,stable
147029498144200,147029.497700000,0.001046366,-0.172386885,-0.039770227,0.966555517,-0.256440112,-0.001032524,0.002799026,stable
147029513521800,147029.512700000,0.001046236,-0.172387108,-0.039769255,0.966554793,-0.256442851,-0.001033996,0.002797832,stable
147029528421550,147029.527700000,0.001045023,-0.172387019,-0.039769683,0.966555115,-0.256441666,-0.001027409,0.002797434,stable
147029543986950,147029.543700000,0.001045059,-0.172387242,-0.039768714,0.966554398,-0.256444363,-0.001024004,0.002799347,stable
147029559840150,147029.559700000,0.001044638,-0.172386944,-0.039769996,0.966555357,-0.256440759,-0.001022057,0.002799030,stable
147029575048700,147029.574700000,0.001045334,-0.172387138,-0.039769113,0.966554696,-0.256443231,-0.001023881,0.002800293,stable
147029591073000,147029.590700000,0.001044139,-0.172387227,-0.039768778,0.966554461,-0.256444156,-0.001024593,0.002796095,stable
147029606546900,147029.605700000,0.001043534,-0.172386900,-0.039770186,0.966555500,-0.256440257,-0.001021183,0.002795965,stable
147029622021250,147029.621700000,0.001044218,-0.172386706,-0.039771024,0.966556109,-0.256437936,-0.001021087,0.002798205,stable
147029637425100,147029.636700000,0.001044094,-0.172387108,-0.039769284,0.966554823,-0.256442784,-0.001019141,0.002798832,stable
147029653001900,147029.652700000,0.001043127,-0.172386929,-0.039770074,0.966555418,-0.256440580,-0.001021295,0.002794605,stable
147029668473050,147029.667700000,0.001042654,-0.172387019,-0.039769702,0.966555148,-0.256441615,-0.001021118,0.002793185,stable
147029683479350,147029.682700000,0.001042848,-0.172387451,-0.039767861,0.966553774,-0.256446786,-0.001021554,0.002793573,stable
147029699097200,147029.698700000,0.001042873,-0.172387406,-0.039768033,0.966553900,-0.256446309,-0.001019757,0.002794602,stable
147029714158400,147029.713700000,0.001041796,-0.172387466,-0.039767835,0.966553759,-0.256446871,-0.001017042,0.002792594,stable
147029729497200,147029.728700000,0.001041359,-0.172387630,-0.039767127,0.966553233,-0.256448869,-0.001017266,0.002791079,stable
147029745001600,147029.744700000,0.001041577,-0.172387645,-0.039767038,0.966553168,-0.256449106,-0.001015572,0.002792671,stable
147029760520850,147029.759700000,0.001042281,-0.172387317,-0.039768461,0.966554229,-0.256445081,-0.001014967,0.002795242,stable
147029775478700,147029.774700000,0.001042412,-0.172387481,-0.039767738,0.966553690,-0.256447107,-0.001015561,0.002795346,stable
147029790507250,147029.789700000,0.001042102,-0.172387391,-0.039768100,0.966553953,-0.256446128,-0.001015695,0.002794285,stable
147029806041700,147029.805700000,0.001042209,-0.172387362,-0.039768271,0.966554079,-0.256445653,-0.001018555,0.002793117,stable
147029822580050,147029.821700000,0.001042676,-0.172387704,-0.039766766,0.966552963,-0.256449846,-0.001020595,0.002793529,stable
147029837089950,147029.836700000,0.001043658,-0.172388032,-0.039765328,0.966551896,-0.256453841,-0.001024852,0.002794418,stable
147029852187700,147029.851700000,0.001043343,-0.172387943,-0.039765693,0.966552165,-0.256452834,-0.001022555,0.002794626,stable
147029867900500,147029.867700000,0.001043096,-0.172388047,-0.039765246,0.966551837,-0.256454079,-0.001021698,0.002794288,stable
147029883573850,147029.882700000,0.001043580,-0.172387898,-0.039765872,0.966552290,-0.256452359,-0.001023834,0.002794707,stable
147029898096800,147029.897700000,0.001042917,-0.172387809,-0.039766286,0.966552614,-0.256451159,-0.001023729,0.002792644,stable
147029914587050,147029.913700000,0.001041637,-0.172388166,-0.039764743,0.966551461,-0.256455549,-0.001022997,0.002788937,stable
147029929158600,147029.928700000,0.001040746,-0.172388256,-0.039764382,0.966551209,-0.256456529,-0.001022368,0.002786420,stable
147029944575000,147029.943700000,0.001041229,-0.172388017,-0.039765455,0.966552006,-0.256453511,-0.001023208,0.002787522,stable
147029960135650,147029.959700000,0.001041133,-0.172388151,-0.039764870,0.966551562,-0.256455188,-0.001024342,0.002786615,stable
147029975080000,147029.974700000,0.001040643,-0.172388077,-0.039765190,0.966551811,-0.256454267,-0.001024966,0.002784720,stable
147029991160300,147029.990700000,0.001040432,-0.172388241,-0.039764501,0.966551301,-0.256456196,-0.001024486,0.002784296,stable
147030007563200,147030.006600000,0.001039922,-0.172388539,-0.039763208,0.966550338,-0.256459843,-0.001023681,0.002783091,stable
147030022582750,147030.021600000,0.001039745,-0.172388479,-0.039763484,0.966550546,-0.256459062,-0.001022560,0.002783119,stable
147030037190350,147030.036600000,0.001039385,-0.172388434,-0.039763644,0.966550668,-0.256458615,-0.001021727,0.002782408,stable
147030052902050,147030.052600000,0.001039151,-0.172388330,-0.039764147,0.966551048,-0.256457191,-0.001022186,0.002781418,stable
147030068268600,147030.067600000,0.001039299,-0.172388405,-0.039763827,0.966550814,-0.256458070,-0.001023406,0.002781247,stable
147030084296950,147030.083600000,0.001038326,-0.172388434,-0.039763667,0.966550703,-0.256458520,-0.001023422,0.002778127,stable
147030100531400,147030.099600000,0.001038635,-0.172388360,-0.039764013,0.966550961,-0.256457541,-0.001024578,0.002778504,stable
147030115330950,147030.114600000,0.001039619,-0.172388226,-0.039764564,0.966551353,-0.256456029,-0.001023773,0.002782076,stable
147030130448500,147030.129600000,0.001039189,-0.172388405,-0.039763778,0.966550773,-0.256458224,-0.001022469,0.002781390,stable
147030145951500,147030.145600000,0.001040278,-0.172388300,-0.039764196,0.966551079,-0.256457034,-0.001021518,0.002785372,stable
147030161455600,147030.160600000,0.001039827,-0.172388062,-0.039765291,0.966551898,-0.256453961,-0.001020018,0.002784724,stable
147030177438350,147030.176600000,0.001039919,-0.172388181,-0.039764769,0.966551501,-0.256455454,-0.001020605,0.002784709,stable
147030192476950,147030.191600000,0.001038582,-0.172388256,-0.039764445,0.966551275,-0.256456352,-0.001019779,0.002780871,stable
147030208047200,147030.207600000,0.001039129,-0.172388420,-0.039763745,0.966550739,-0.256458349,-0.001019026,0.002783016,stable
147030223524700,147030.222600000,0.001040807,-0.172388464,-0.039763529,0.966550575,-0.256458919,-0.001025028,0.002785209,stable
147030238966950,147030.238600000,0.001039686,-0.172388524,-0.039763287,0.966550402,-0.256459606,-0.001021547,0.002783465,stable
147030254174500,147030.253600000,0.001039077,-0.172388718,-0.039762422,0.966549760,-0.256462039,-0.001016942,0.002783950,stable
147030270553250,147030.269600000,0.001039232,-0.172388971,-0.039761331,0.966548944,-0.256465112,-0.001019582,0.002783048,stable
147030285635700,147030.284600000,0.001039897,-0.172389150,-0.039760564,0.966548380,-0.256467222,-0.001022668,0.002783544,stable
147030301231550,147030.300600000,0.001040189,-0.172389030,-0.039761044,0.966548738,-0.256465865,-0.001024743,0.002783380,stable
147030316900850,147030.316600000,0.001040070,-0.172389105,-0.039760735,0.966548504,-0.256466747,-0.001023490,0.002783662,stable
147030332275500,147030.331600000,0.001039376,-0.172389269,-0.039760046,0.966547994,-0.256468691,-0.001022475,0.002781978,stable
147030347868050,147030.347600000,0.001040363,-0.172389209,-0.039760292,0.966548169,-0.256468004,-0.001025103,0.002783747,stable
147030363316750,147030.362600000,0.001040350,-0.172389284,-0.039759953,0.966547916,-0.256468954,-0.001023205,0.002784706,stable
147030379291650,147030.378600000,0.001040193,-0.172389388,-0.039759509,0.966547591,-0.256470185,-0.001023797,0.002783892,stable
147030394902400,147030.394600000,0.001040390,-0.172389433,-0.039759334,0.966547465,-0.256470660,-0.001026425,0.002783131,stable
147030410348100,147030.409600000,0.001040181,-0.172389790,-0.039757777,0.966546306,-0.256475034,-0.001027247,0.002782027,stable
147030425288100,147030.424600000,0.001040519,-0.172389507,-0.039758991,0.966547205,-0.256471638,-0.001028228,0.002782592,stable
147030440945500,147030.440700000,0.001041483,-0.172389165,-0.039760426,0.966548272,-0.256467583,-0.001028975,0.002785280,stable
147030456926950,147030.456700000,0.001041553,-0.172389373,-0.039759539,0.966547607,-0.256470084,-0.001028207,0.002785909,stable
147030472434000,147030.471700000,0.001041009,-0.172389388,-0.039759472,0.966547562,-0.256470266,-0.001022907,0.002786969,stable
147030487349500,147030.486700000,0.001041842,-0.172389552,-0.039758783,0.966547040,-0.256472207,-0.001024227,0.002788935,stable
147030502984900,147030.502700000,0.001040636,-0.172389612,-0.039758548,0.966546868,-0.256472893,-0.001022232,0.002786135,stable
147030517977800,147030.517700000,0.001040724,-0.172389984,-0.039756898,0.966545644,-0.256477506,-0.001024797,0.002785056,stable
147030534098550,147030.533700000,0.001040875,-0.172390133,-0.039756235,0.966545150,-0.256479363,-0.001024166,0.002785872,stable
147030550105050,147030.549700000,0.001039864,-0.172390297,-0.039755568,0.966544653,-0.256481267,-0.001023206,0.002783148,stable
147030565553750,147030.564700000,0.001040192,-0.172390565,-0.039754406,0.966543791,-0.256484508,-0.001023560,0.002784005,stable
147030581586050,147030.580700000,0.001039700,-0.172390386,-0.039755166,0.966544370,-0.256482342,-0.001023968,0.002782219,stable
147030597103900,147030.596700000,0.001038869,-0.172390312,-0.039755531,0.966544639,-0.256481352,-0.001022363,0.002780412,stable
147030613576900,147030.612700000,0.001039068,-0.172390193,-0.039756060,0.966545032,-0.256479870,-0.001023644,0.002780370,stable
147030628137600,147030.627700000,0.001039139,-0.172390401,-0.039755128,0.966544345,-0.256482456,-0.001023341,0.002780759,stable
147030644179900,147030.643700000,0.001039245,-0.172390267,-0.039755721,0.966544778,-0.256480821,-0.001024463,0.002780504,stable
147030660547250,147030.659700000,0.001039931,-0.172390521,-0.039754633,0.966543968,-0.256483852,-0.001025422,0.002782188,stable
147030675571450,147030.674700000,0.001039756,-0.172390580,-0.039754372,0.966543780,-0.256484565,-0.001025740,0.002781460,stable
147030691628800,147030.690700000,0.001040533,-0.172390670,-0.039753944,0.966543456,-0.256485766,-0.001029331,0.002782046,stable
147030706192750,147030.705700000,0.001040973,-0.172390491,-0.039754711,0.966544024,-0.256483612,-0.001030320,0.002782931,stable
147030722595600,147030.721700000,0.001041327,-0.172389984,-0.039756916,0.966545656,-0.256477449,-0.001030037,0.002784215,stable
147030737235550,147030.736700000,0.001042241,-0.172389954,-0.039756998,0.966545712,-0.256477210,-0.001031321,0.002786459,stable
147030752580650,147030.751700000,0.001040375,-0.172389925,-0.039757177,0.966545852,-0.256476737,-0.001027024,0.002782765,stable
147030768144400,147030.767700000,0.001039973,-0.172389776,-0.039757863,0.966546371,-0.256474797,-0.001027539,0.002781209,stable
147030784107100,147030.783700000,0.001040372,-0.172389641,-0.039758384,0.966546754,-0.256473341,-0.001027656,0.002782423,stable
147030800112900,147030.799700000,0.001040792,-0.172389627,-0.039758489,0.966546832,-0.256473034,-0.001027802,0.002783688,stable
147030815522300,147030.814700000,0.001040835,-0.172389820,-0.039757643,0.966546198,-0.256475424,-0.001029681,0.002782832,stable
147030831110200,147030.830700000,0.001041466,-0.172389627,-0.039758440,0.966546794,-0.256473157,-0.001031246,0.002784024,stable
147030846382100,147030.845700000,0.001042263,-0.172389254,-0.039760057,0.966547989,-0.256468630,-0.001032191,0.002786075,stable
147030861970950,147030.861700000,0.001042584,-0.172389582,-0.039758597,0.966546903,-0.256472709,-0.001031594,0.002787413,stable
147030876895600,147030.876700000,0.001041844,-0.172389492,-0.039758999,0.966547201,-0.256471607,-0.001028165,0.002786860,stable
147030891911200,147030.891700000,0.001041711,-0.172389418,-0.039759360,0.966547477,-0.256470572,-0.001028555,0.002786230,stable
147030907358400,147030.906700000,0.001040865,-0.172389776,-0.039757837,0.966546349,-0.256474850,-0.001027395,0.002784137,stable
147030922955000,147030.922700000,0.001041609,-0.172389716,-0.039758056,0.966546498,-0.256474262,-0.001028443,0.002785961,stable
147030938364750,147030.937700000,0.001042592,-0.172389895,-0.039757282,0.966545921,-0.256476411,-0.001032359,0.002787032,stable
147030953972600,147030.953700000,0.001044335,-0.172390059,-0.039756473,0.966545306,-0.256478671,-0.001034194,0.002791633,stable
147030969349300,147030.968700000,0.001044348,-0.172390208,-0.039755855,0.966544849,-0.256480391,-0.001034071,0.002791740,stable
147030985397850,147030.984700000,0.001044453,-0.172390014,-0.039756663,0.966545449,-0.256478127,-0.001034022,0.002792103,stable
147031000983050,147031.000700000,0.001044108,-0.172389716,-0.039757960,0.966546417,-0.256474495,-0.001034951,0.002790509,stable
147031017045600,147031.016700000,0.001044053,-0.172389492,-0.039758932,0.966547145,-0.256471757,-0.001037528,0.002788974,stable
147031032470100,147031.031600000,0.001043304,-0.172389179,-0.039760321,0.966548182,-0.256467873,-0.001035963,0.002787407,stable
147031047988450,147031.047600000,0.001042965,-0.172389343,-0.039759621,0.966547669,-0.256469816,-0.001036253,0.002786171,stable
147031063501050,147031.062600000,0.001043501,-0.172389448,-0.039759152,0.966547309,-0.256471157,-0.001038257,0.002786825,stable
147031079528800,147031.078600000,0.001043147,-0.172389716,-0.039758015,0.966546474,-0.256474316,-0.001036585,0.002786576,stable
147031095105200,147031.094600000,0.001042222,-0.172389671,-0.039758202,0.966546616,-0.256473815,-0.001038435,0.002782643,stable
147031110535350,147031.109600000,0.001042240,-0.172389954,-0.039756987,0.966545715,-0.256477211,-0.001038182,0.002782831,stable
147031125503850,147031.124600000,0.001042447,-0.172390014,-0.039756730,0.966545524,-0.256477923,-0.001038294,0.002783433,stable
147031140559850,147031.139600000,0.001042475,-0.172390088,-0.039756406,0.966545279,-0.256478845,-0.001039390,0.002782944,stable
147031156056450,147031.155600000,0.001041779,-0.172389790,-0.039757714,0.966546257,-0.256475184,-0.001039305,0.002780764,stable
147031171630250,147031.170600000,0.001043663,-0.172389865,-0.039757371,0.966545997,-0.256476104,-0.001042766,0.002784958,stable
147031188533750,147031.187600000,0.001043636,-0.172390014,-0.039756693,0.966545490,-0.256478017,-0.001043763,0.002784344,stable
147031203231600,147031.202600000,0.001044213,-0.172390223,-0.039755795,0.966544822,-0.256480519,-0.001046479,0.002784752,stable
147031219626550,147031.218600000,0.001043799,-0.172389820,-0.039757550,0.966546132,-0.256475599,-0.001047587,0.002782846,stable
147031234580350,147031.233600000,0.001044299,-0.172389686,-0.039758142,0.966546573,-0.256473923,-0.001048288,0.002784075,stable
147031249250450,147031.248600000,0.001043940,-0.172389746,-0.039757874,0.966546376,-0.256474679,-0.001050712,0.002781647,stable
147031264845000,147031.264600000,0.001044086,-0.172390163,-0.039756045,0.966545015,-0.256479806,-0.001051641,0.002781621,stable
147031280587000,147031.279600000,0.001044522,-0.172389776,-0.039757740,0.966546272,-0.256475055,-0.001052708,0.002782450,stable
147031295225950,147031.294600000,0.001044106,-0.172389552,-0.039758705,0.966546983,-0.256472385,-0.001050023,0.002782543,stable
147031310911900,147031.310600000,0.001044555,-0.172389954,-0.039756965,0.966545692,-0.256477234,-0.001048775,0.002784634,stable
147031327623150,147031.326600000,0.001044808,-0.172389731,-0.039757878,0.966546368,-0.256474677,-0.001047560,0.002786085,stable
147031342319800,147031.341600000,0.001044299,-0.172389299,-0.039759774,0.966547789,-0.256469338,-0.001048541,0.002783943,stable
147031357951500,147031.357600000,0.001043782,-0.172389239,-0.039760094,0.966548030,-0.256468446,-0.001047521,0.002782829,stable
147031373299950,147031.372600000,0.001044026,-0.172388911,-0.039761454,0.966549040,-0.256464631,-0.001047683,0.002783525,stable
147031388344250,147031.387600000,0.001043735,-0.172388732,-0.039762277,0.966549644,-0.256462366,-0.001047279,0.002782811,stable
147031403937800,147031.403600000,0.001042851,-0.172388777,-0.039762106,0.966549524,-0.256462843,-0.001044278,0.002781571,stable
147031419359900,147031.418600000,0.001043087,-0.172388777,-0.039762091,0.966549515,-0.256462872,-0.001046545,0.002781127,stable
147031434916300,147031.434600000,0.001043379,-0.172389075,-0.039760768,0.966548531,-0.256466573,-0.001047526,0.002781542,stable
147031450210600,147031.449600000,0.001044167,-0.172389358,-0.039759532,0.966547600,-0.256470052,-0.001047029,0.002784320,stable
147031466574950,147031.465600000,0.001043234,-0.172389135,-0.039760552,0.966548367,-0.256467189,-0.001044287,0.002782787,stable
147031482472600,147031.481600000,0.001042907,-0.172389179,-0.039760344,0.966548211,-0.256467791,-0.001045411,0.002781148,stable
147031497239600,147031.496600000,0.001043290,-0.172389179,-0.039760359,0.966548223,-0.256467733,-0.001045923,0.002782101,stable
147031512583300,147031.511600000,0.001044660,-0.172389001,-0.039761085,0.966548750,-0.256465704,-0.001048305,0.002785223,stable
147031528920150,147031.528600000,0.001044694,-0.172388971,-0.039761197,0.966548835,-0.256465383,-0.001047714,0.002785643,stable
147031545152450,147031.544600000,0.001045138,-0.172389135,-0.039760452,0.966548278,-0.256467465,-0.001047318,0.002787272,stable
147031561600100,147031.560600000,0.001046001,-0.172389388,-0.039759375,0.966547471,-0.256470481,-0.001049864,0.002788684,stable
147031575608800,147031.574600000,0.001046003,-0.172389627,-0.039758302,0.966546681,-0.256473459,-0.001050701,0.002788248,stable
147031590591650,147031.589600000,0.001045388,-0.172389522,-0.039758824,0.966547068,-0.256472020,-0.001048596,0.002787393,stable
147031606233650,147031.605600000,0.001045480,-0.172389477,-0.039758991,0.966547193,-0.256471545,-0.001048930,0.002787512,stable
147031622620300,147031.621600000,0.001046811,-0.172389016,-0.039760955,0.966548636,-0.256466065,-0.001051751,0.002790278,stable
147031637142350,147031.636600000,0.001045749,-0.172389165,-0.039760325,0.966548181,-0.256467813,-0.001049269,0.002788194,stable
147031652543350,147031.651600000,0.001044055,-0.172389030,-0.039760936,0.966548643,-0.256466124,-0.001044601,0.002785246,stable
147031668136450,147031.667600000,0.001046004,-0.172388956,-0.039761219,0.966548838,-0.256465324,-0.001047710,0.002789835,stable
147031683116900,147031.682600000,0.001046995,-0.172388643,-0.039762542,0.966549808,-0.256461633,-0.001046341,0.002793726,stable
147031698404750,147031.697600000,0.001046034,-0.172388896,-0.039761480,0.966549037,-0.256464570,-0.001045029,0.002791346,stable
147031714070450,147031.713600000,0.001044192,-0.172388777,-0.039762039,0.966549464,-0.256463021,-0.001043793,0.002786111,stable
147031729558750,147031.728600000,0.001042946,-0.172388986,-0.039761171,0.966548826,-0.256465470,-0.001044224,0.002781901,stable
147031745108250,147031.744600000,0.001042184,-0.172388926,-0.039761472,0.966549062,-0.256464605,-0.001043322,0.002779942,stable
147031761482750,147031.760600000,0.001042946,-0.172389105,-0.039760694,0.966548477,-0.256466783,-0.001041743,0.002783210,stable
147031775600200,147031.774600000,0.001043894,-0.172388941,-0.039761361,0.966548962,-0.256464924,-0.001043528,0.002785300,stable
147031791135600,147031.790600000,0.001042510,-0.172389016,-0.039761059,0.966548751,-0.256465765,-0.001041900,0.002781737,stable
147031807083100,147031.806700000,0.001042463,-0.172389060,-0.039760899,0.966548625,-0.256466240,-0.001040782,0.002782175,stable
147031822165650,147031.821700000,0.001042790,-0.172389224,-0.039760172,0.966548085,-0.256468266,-0.001041947,0.002782603,stable
147031838575250,147031.837700000,0.001042600,-0.172389045,-0.039760917,0.966548639,-0.256466183,-0.001042295,0.002781815,stable
147031853230100,147031.852700000,0.001041412,-0.172388867,-0.039761733,0.966549257,-0.256463894,-0.001039806,0.002779333,stable
147031868658350,147031.867700000,0.001041752,-0.172389075,-0.039760809,0.966548576,-0.256466450,-0.001042712,0.002778882,stable
147031885560600,147031.884700000,0.001042984,-0.172389075,-0.039760824,0.966548574,-0.256466420,-0.001045719,0.002781230,stable
147031900194500,147031.899700000,0.001043369,-0.172388956,-0.039761323,0.966548942,-0.256465022,-0.001045102,0.002782789,stable
147031915591700,147031.914700000,0.001043819,-0.172389016,-0.039761014,0.966548700,-0.256465915,-0.001043615,0.002785011,stable
147031931183400,147031.930700000,0.001043332,-0.172388792,-0.039762001,0.966549438,-0.256463149,-0.001043867,0.002783325,stable
147031946572850,147031.945700000,0.001043037,-0.172388926,-0.039761461,0.966549049,-0.256464633,-0.001046851,0.002780803,stable
147031962037450,147031.961700000,0.001043845,-0.172388822,-0.039761905,0.966549373,-0.256463388,-0.001050163,0.002781639,stable
147031978173700,147031.977700000,0.001043285,-0.172388688,-0.039762460,0.966549790,-0.256461837,-0.001050245,0.002779804,stable
147031994005700,147031.993700000,0.001043101,-0.172388792,-0.039762005,0.966549452,-0.256463109,-0.001047092,0.002780883,stable
147032009153650,147032.008700000,0.001043089,-0.172389030,-0.039761003,0.966548708,-0.256465917,-0.001048572,0.002780062,stable
147032024557100,147032.023700000,0.001044147,-0.172389016,-0.039761044,0.966548733,-0.256465791,-0.001051626,0.002781829,stable
147032039862200,147032.039700000,0.001043952,-0.172389299,-0.039759833,0.966547833,-0.256469186,-0.001049421,0.002782370,stable
147032055385100,147032.054600000,0.001043108,-0.172389060,-0.039760888,0.966548623,-0.256466238,-0.001048784,0.002780011,stable
147032071590600,147032.070600000,0.001042742,-0.172389269,-0.039759994,0.966547959,-0.256468755,-0.001049622,0.002778395,stable
147032087056700,147032.086600000,0.001042787,-0.172389090,-0.039760709,0.966548500,-0.256466714,-0.001049926,0.002778380,stable
147032102232800,147032.101600000,0.001043838,-0.172389194,-0.039760247,0.966548142,-0.256468027,-0.001050558,0.002781404,stable
147032118629300,147032.117600000,0.001042602,-0.172389284,-0.039759912,0.966547889,-0.256469021,-0.001048829,0.002778367,stable
147032133185750,147032.132600000,0.001043095,-0.172389567,-0.039758682,0.966546985,-0.256472416,-0.001052051,0.002778240,stable
147032148908750,147032.148600000,0.001042502,-0.172389463,-0.039759137,0.966547322,-0.256471160,-0.001048631,0.002778150,stable
147032164253550,147032.163600000,0.001042263,-0.172389299,-0.039759841,0.966547846,-0.256469190,-0.001046211,0.002778665,stable
147032180304900,147032.179600000,0.001042552,-0.172389045,-0.039760951,0.966548676,-0.256466059,-0.001049463,0.002777874,stable
147032196631150,147032.195600000,0.001043077,-0.172389120,-0.039760619,0.966548435,-0.256466953,-0.001052636,0.002777876,stable
147032211291850,147032.210600000,0.001042370,-0.172389179,-0.039760336,0.966548218,-0.256467793,-0.001050633,0.002776673,stable
147032227264400,147032.226600000,0.001041250,-0.172389314,-0.039759815,0.966547837,-0.256469261,-0.001048137,0.002774410,stable
147032242969100,147032.242600000,0.001042621,-0.172389060,-0.039760873,0.966548621,-0.256466269,-0.001053073,0.002776187,stable
147032258043200,147032.257600000,0.001042486,-0.172389001,-0.039761148,0.966548826,-0.256465501,-0.001053759,0.002775393,stable
147032273449900,147032.272600000,0.001042203,-0.172388941,-0.039761417,0.966549037,-0.256464719,-0.001055680,0.002773475,stable
147032289560350,147032.288600000,0.001041899,-0.172388807,-0.039761961,0.966549432,-0.256463237,-0.001052269,0.002774305,stable
147032305071900,147032.304600000,0.001042269,-0.172388792,-0.039762039,0.966549493,-0.256462999,-0.001056111,0.002773456,stable
147032320614500,147032.319600000,0.001043542,-0.172388270,-0.039764293,0.966551158,-0.256456682,-0.001057422,0.002776837,stable
147032336085200,147032.335600000,0.001043628,-0.172388405,-0.039763700,0.966550716,-0.256458344,-0.001056230,0.002777739,stable
147032352162400,147032.351600000,0.001043912,-0.172388449,-0.039763495,0.966550562,-0.256458915,-0.001057216,0.002778128,stable
147032367640150,147032.366600000,0.001044354,-0.172387928,-0.039765764,0.966552253,-0.256452529,-0.001057586,0.002779346,stable
147032383612500,147032.382600000,0.001044101,-0.172388270,-0.039764240,0.966551124,-0.256456792,-0.001058980,0.002777801,stable
147032399184400,147032.398600000,0.001043681,-0.172388032,-0.039765317,0.966551924,-0.256453789,-0.001057077,0.002777466,stable
147032415639150,147032.414600000,0.001043715,-0.172387928,-0.039765779,0.966552265,-0.256452503,-0.001057451,0.002777376,stable
147032430283400,147032.429600000,0.001043192,-0.172388062,-0.039765209,0.966551850,-0.256454083,-0.001054438,0.002777295,stable
147032445943550,147032.445600000,0.001044088,-0.172387928,-0.039765760,0.966552244,-0.256452571,-0.001057555,0.002778514,stable
147032461250400,147032.460600000,0.001044267,-0.172387674,-0.039766811,0.966553036,-0.256449581,-0.001059120,0.002778259,stable
147032477249450,147032.476600000,0.001045043,-0.172387809,-0.039766233,0.966552603,-0.256451186,-0.001057590,0.002781546,stable
147032492301500,147032.491600000,0.001045319,-0.172387555,-0.039767299,0.966553390,-0.256448209,-0.001059057,0.002781655,stable
147032508623400,147032.507600000,0.001044956,-0.172387302,-0.039768405,0.966554206,-0.256445149,-0.001058346,0.002780873,stable
147032523244850,147032.522600000,0.001044429,-0.172387347,-0.039768256,0.966554102,-0.256445556,-0.001057708,0.002779524,stable
147032538990900,147032.538600000,0.001044535,-0.172387332,-0.039768331,0.966554154,-0.256445359,-0.001058191,0.002779611,stable
147032554206700,147032.553600000,0.001044239,-0.172387511,-0.039767534,0.966553574,-0.256447555,-0.001057732,0.002778905,stable
147032569173100,147032.568700000,0.001044834,-0.172387898,-0.039765880,0.966552328,-0.256452235,-0.001061598,0.002778763,stable
147032584021200,147032.583700000,0.001044114,-0.172388107,-0.039764944,0.966551656,-0.256454794,-0.001063262,0.002775580,stable
147032599486850,147032.598700000,0.001043183,-0.172388315,-0.039764103,0.966551030,-0.256457186,-0.001062841,0.002772827,stable
147032614961000,147032.614700000,0.001042911,-0.172388270,-0.039764315,0.966551192,-0.256456586,-0.001062424,0.002772177,stable
147032630483850,147032.629700000,0.001042365,-0.172388285,-0.039764270,0.966551154,-0.256456740,-0.001059420,0.002772020,stable
147032646005000,147032.645700000,0.001041532,-0.172388449,-0.039763577,0.966550649,-0.256458670,-0.001057469,0.002770388,stable
147032661400650,147032.660700000,0.001043094,-0.172388628,-0.039762743,0.966550017,-0.256461001,-0.001058795,0.002774675,stable
147032677446850,147032.676700000,0.001043803,-0.172388777,-0.039762057,0.966549495,-0.256462940,-0.001057268,0.002777750,stable
147032692576600,147032.691700000,0.001044324,-0.172389001,-0.039761070,0.966548756,-0.256465707,-0.001056876,0.002779620,stable
147032708039000,147032.707700000,0.001044618,-0.172388777,-0.039762072,0.966549507,-0.256462870,-0.001058104,0.002779914,stable
147032723573300,147032.722700000,0.001044757,-0.172389120,-0.039760575,0.966548381,-0.256467103,-0.001056366,0.002781272,stable
147032739658400,147032.738700000,0.001043473,-0.172389135,-0.039760541,0.966548370,-0.256467190,-0.001056178,0.002777270,stable
147032754194950,147032.753700000,0.001042770,-0.172389299,-0.039759841,0.966547853,-0.256469162,-0.001055899,0.002775167,stable
147032769609600,147032.768700000,0.001041640,-0.172389343,-0.039759647,0.966547721,-0.256469695,-0.001054221,0.002772443,stable
147032786627250,147032.785700000,0.001040923,-0.172389552,-0.039758809,0.966547092,-0.256472086,-0.001050822,0.002771945,stable
147032801359300,147032.800700000,0.001040517,-0.172389582,-0.039758645,0.966546976,-0.256472532,-0.001048637,0.002771803,stable
147032817548050,147032.816700000,0.001041555,-0.172389433,-0.039759304,0.966547465,-0.256470660,-0.001052541,0.002773057,stable
147032832357150,147032.831700000,0.001041138,-0.172389448,-0.039759230,0.966547418,-0.256470856,-0.001053816,0.002771053,stable
147032847984100,147032.847700000,0.001041590,-0.172389507,-0.039758984,0.966547232,-0.256471539,-0.001052547,0.002773165,stable
147032863347800,147032.862700000,0.001042363,-0.172389612,-0.039758500,0.966546859,-0.256472920,-0.001053448,0.002775162,stable
147032878395000,147032.877700000,0.001043748,-0.172389671,-0.039758191,0.966546617,-0.256473785,-0.001054682,0.002778936,stable
147032893940000,147032.893700000,0.001043798,-0.172389671,-0.039758191,0.966546607,-0.256473813,-0.001050115,0.002781507,stable
147032909431300,147032.908700000,0.001044614,-0.172389403,-0.039759364,0.966547479,-0.256470499,-0.001050395,0.002783971,stable
147032925645550,147032.924700000,0.001044403,-0.172389701,-0.039758019,0.966546476,-0.256474286,-0.001049197,0.002783927,stable
147032940351400,147032.939700000,0.001044282,-0.172389507,-0.039758857,0.966547092,-0.256471965,-0.001046866,0.002784774,stable
147032956007900,147032.955700000,0.001044358,-0.172389686,-0.039758123,0.966546546,-0.256474021,-0.001047335,0.002784769,stable
147032971520900,147032.970700000,0.001043344,-0.172389537,-0.039758783,0.966547050,-0.256472149,-0.001044412,0.002783072,stable
147032987406200,147032.986700000,0.001043453,-0.172389314,-0.039759770,0.966547788,-0.256469369,-0.001047720,0.002781673,stable
147033003055150,147033.002700000,0.001043039,-0.172389403,-0.039759386,0.966547498,-0.256470474,-0.001045003,0.002781783,stable
147033019064250,147033.018700000,0.001043129,-0.172389194,-0.039760243,0.966548139,-0.256468056,-0.001045723,0.002781693,stable
147033034474900,147033.033700000,0.001043609,-0.172389120,-0.039760608,0.966548402,-0.256467049,-0.001045592,0.002783296,stable
147033050066600,147033.049700000,0.001043816,-0.172389224,-0.039760109,0.966548038,-0.256468417,-0.001048375,0.002782489,stable
147033065636250,147033.064700000,0.001044147,-0.172389090,-0.039760675,0.966548460,-0.256466811,-0.001046492,0.002784540,stable
147033081507500,147033.080700000,0.001045034,-0.172389165,-0.039760351,0.966548209,-0.256467731,-0.001048308,0.002786415,stable
147033097171850,147033.096700000,0.001046015,-0.172389239,-0.039759982,0.966547923,-0.256468775,-0.001048312,0.002789550,stable
147033112595350,147033.111700000,0.001045488,-0.172389388,-0.039759371,0.966547478,-0.256470469,-0.001048409,0.002787812,stable
147033128618500,147033.127700000,0.001044527,-0.172389328,-0.039759666,0.966547697,-0.256469673,-0.001045769,0.002786138,stable
147033144050550,147033.143700000,0.001043684,-0.172389254,-0.039759997,0.966547949,-0.256468753,-0.001045701,0.002783479,stable
147033160201050,147033.159800000,0.001043635,-0.172389179,-0.039760336,0.966548205,-0.256467790,-0.001046813,0.002782735,stable
147033175151350,147033.174800000,0.001044431,-0.172389135,-0.039760496,0.966548325,-0.256467313,-0.001047195,0.002785077,stable
147033191210700,147033.190800000,0.001045389,-0.172388792,-0.039761979,0.966549415,-0.256463173,-0.001048906,0.002787237,stable
147033207619800,147033.206800000,0.001046128,-0.172388673,-0.039762486,0.966549781,-0.256461776,-0.001053272,0.002787293,stable
147033222148000,147033.221800000,0.001046144,-0.172388554,-0.039762989,0.966550163,-0.256460337,-0.001053190,0.002787387,stable
147033237648250,147033.236800000,0.001046554,-0.172388703,-0.039762314,0.966549651,-0.256462250,-0.001051965,0.002789346,stable
